timestamp,location_id,parking_type,capacity,occupancy,latitude,longitude,temperature,humidity,wind_speed,precipitation,hour,weekday,month,day,is_weekend,is_holiday,time_category
2023-01-01 00:00:00,LOC_1,Mixed,423,79.96238222991123,41.36708690029832,2.1506194885482106,18.493428306022466,61.37128093423267,7.3825919938312525,0.0,0,6,1,1,True,False,night
2023-01-01 01:00:00,LOC_1,Mixed,423,59.77082230603931,41.36708690029832,2.1506194885482106,16.02473920852233,68.33129820065598,5.280406436539817,0.0,1,6,1,1,True,False,night
2023-01-01 02:00:00,LOC_1,Mixed,423,47.140751569008565,41.36708690029832,2.1506194885482106,16.309722243215575,66.194395004205,6.76747583424801,0.0,2,6,1,1,True,False,night
2023-01-01 03:00:00,LOC_1,Mixed,423,40.040342050350155,41.36708690029832,2.1506194885482106,16.773482228599715,69.48756595347292,6.447222217917625,0.0,3,6,1,1,True,False,night
2023-01-01 04:00:00,LOC_1,Mixed,423,29.054017506752807,41.36708690029832,2.1506194885482106,12.06038355506166,67.90931390674223,6.932714638617349,0.0,4,6,1,1,True,False,night
2023-01-01 05:00:00,LOC_1,Mixed,423,16.01989642680416,41.36708690029832,2.1506194885482106,11.032055033129287,72.38317587539018,5.201733354040982,0.0,5,6,1,1,True,False,night
2023-01-01 06:00:00,LOC_1,Mixed,423,18.937475100398803,41.36708690029832,2.1506194885482106,13.871333995055032,71.81576024383783,6.7485584388768824,0.0,6,6,1,1,True,False,morning
2023-01-01 07:00:00,LOC_1,Mixed,423,19.259955617471352,41.36708690029832,2.1506194885482106,11.755448217684993,74.67947621635498,6.694495342043474,0.0,7,6,1,1,True,False,morning
2023-01-01 08:00:00,LOC_1,Mixed,423,29.56917146840293,41.36708690029832,2.1506194885482106,9.118431600986746,85.1534482373259,6.693456357819843,1.4367569459094216,8,6,1,1,True,False,morning
2023-01-01 09:00:00,LOC_1,Mixed,423,36.15004027766113,41.36708690029832,2.1506194885482106,11.320043781095471,74.78315816799321,6.823373564863141,0.03971637332766473,9,6,1,1,True,False,morning
2023-01-01 10:00:00,LOC_1,Mixed,423,35.10349927105593,41.36708690029832,2.1506194885482106,9.81476284012416,91.67871387268877,7.043748860613342,0.0,10,6,1,1,True,False,morning
2023-01-01 11:00:00,LOC_1,Mixed,423,20.270810064273697,41.36708690029832,2.1506194885482106,10.611904214000662,79.3798620621221,7.430746524457092,0.0,11,6,1,1,True,False,morning
2023-01-01 12:00:00,LOC_1,Mixed,423,34.39632979141178,41.36708690029832,2.1506194885482106,13.069994512018951,75.7520406807006,5.82667615416202,0.0,12,6,1,1,True,False,afternoon
2023-01-01 13:00:00,LOC_1,Mixed,423,27.904811285488183,41.36708690029832,2.1506194885482106,9.972586551592109,68.10991701727852,7.493796683824248,0.9798005772521858,13,6,1,1,True,False,afternoon
2023-01-01 14:00:00,LOC_1,Mixed,423,61.39404078852429,41.36708690029832,2.1506194885482106,11.650578850958265,73.30072036507629,6.514849949987227,0.0,14,6,1,1,True,False,afternoon
2023-01-01 15:00:00,LOC_1,Mixed,423,59.67299242936862,41.36708690029832,2.1506194885482106,15.277106880919774,64.31844699000769,5.252692180180816,0.0,15,6,1,1,True,False,afternoon
2023-01-01 16:00:00,LOC_1,Mixed,423,61.46129956666046,41.36708690029832,2.1506194885482106,15.589096615776,65.3805313603371,5.198604559020907,0.869765940983819,16,6,1,1,True,False,afternoon
2023-01-01 17:00:00,LOC_1,Mixed,423,73.54729786315488,41.36708690029832,2.1506194885482106,19.285959511085043,75.48549299955498,6.027101144080533,4.6755022107870525,17,6,1,1,True,False,afternoon
2023-01-01 18:00:00,LOC_1,Mixed,423,56.50839905042526,41.36708690029832,2.1506194885482106,17.64318182862986,60.601240542032194,7.380511523484421,0.0,18,6,1,1,True,False,evening
2023-01-01 19:00:00,LOC_1,Mixed,423,79.46185504918121,41.36708690029832,2.1506194885482106,17.14129664389489,65.81455853829743,7.150297787246773,0.0,19,6,1,1,True,False,evening
2023-01-01 20:00:00,LOC_1,Mixed,423,83.96604636693945,41.36708690029832,2.1506194885482106,23.074744337225304,56.19722427560617,7.394534253893658,0.0,20,6,1,1,True,False,evening
2023-01-01 21:00:00,LOC_1,Mixed,423,59.71246362668724,41.36708690029832,2.1506194885482106,19.52869514031891,59.864562064931235,6.581930891294156,0.0,21,6,1,1,True,False,evening
2023-01-01 22:00:00,LOC_1,Mixed,423,49.764399441180075,41.36708690029832,2.1506194885482106,19.62297377112189,69.87816845468546,6.352155062431242,0.0,22,6,1,1,True,False,evening
2023-01-01 23:00:00,LOC_1,Mixed,423,76.79362125010417,41.36708690029832,2.1506194885482106,15.850999528130089,59.46417290994716,5.475349979043704,0.0,23,6,1,1,True,False,evening
2023-01-02 00:00:00,LOC_1,Mixed,423,76.37681476761409,41.36708690029832,2.1506194885482106,16.583368112507983,73.71797566686794,6.019004973139603,0.0,0,0,1,2,False,False,night
2023-01-02 01:00:00,LOC_1,Mixed,423,42.98820715019054,41.36708690029832,2.1506194885482106,16.695245444868956,70.59195914637893,6.3379191065089495,0.0,1,0,1,2,False,False,night
2023-01-02 02:00:00,LOC_1,Mixed,423,49.09012675503326,41.36708690029832,2.1506194885482106,12.884489271225045,66.81471326838937,5.303096574252781,0.0,2,0,1,2,False,False,night
2023-01-02 03:00:00,LOC_1,Mixed,423,49.30058799921305,41.36708690029832,2.1506194885482106,14.650948527446776,75.36293371376674,5.700565401387241,0.0,3,0,1,2,False,False,night
2023-01-02 04:00:00,LOC_1,Mixed,423,57.440126465823504,41.36708690029832,2.1506194885482106,11.499541527004839,79.46113443444875,6.8348396635597055,0.0,4,0,1,2,False,False,night
2023-01-02 05:00:00,LOC_1,Mixed,423,27.913302224057233,41.36708690029832,2.1506194885482106,11.089068588584297,79.76413763474429,7.248587341538287,0.0,5,0,1,2,False,False,night
2023-01-02 06:00:00,LOC_1,Mixed,423,41.47520283140096,41.36708690029832,2.1506194885482106,9.681620730981235,70.37880848966766,8.038074729051292,0.0,6,0,1,2,False,False,morning
2023-01-02 07:00:00,LOC_1,Mixed,423,48.64954621944748,41.36708690029832,2.1506194885482106,14.097259081501704,75.57890869590801,7.8438063628165065,0.0,7,0,1,2,False,False,morning
2023-01-02 08:00:00,LOC_1,Mixed,423,59.02218629483602,41.36708690029832,2.1506194885482106,10.202508149639435,78.30340162401187,6.9735961184286355,0.0,8,0,1,2,False,False,morning
2023-01-02 09:00:00,LOC_1,Mixed,423,56.89910758398625,41.36708690029832,2.1506194885482106,8.29162224687442,78.81374464492734,6.311078807128528,1.255617603584788,9,0,1,2,False,False,morning
2023-01-02 10:00:00,LOC_1,Mixed,423,49.80841330507369,41.36708690029832,2.1506194885482106,12.55880655687312,81.2759270224199,6.957300844442485,0.8993309136890182,10,0,1,2,False,False,morning
2023-01-02 11:00:00,LOC_1,Mixed,423,48.946613777190635,41.36708690029832,2.1506194885482106,9.273792935623701,77.45754453353479,7.407157682540393,0.0,11,0,1,2,False,False,morning
2023-01-02 12:00:00,LOC_1,Mixed,423,68.85047073886021,41.36708690029832,2.1506194885482106,13.17591159228084,67.80690940190684,5.406645453224428,0.0,12,0,1,2,False,False,afternoon
2023-01-02 13:00:00,LOC_1,Mixed,423,61.58681983387636,41.36708690029832,2.1506194885482106,10.051919056946504,73.95847064561771,6.282785575132596,1.1232727809391316,13,0,1,2,False,False,afternoon
2023-01-02 14:00:00,LOC_1,Mixed,423,69.72593879877813,41.36708690029832,2.1506194885482106,12.61615242385487,72.50787968311565,7.573911761237198,0.0,14,0,1,2,False,False,afternoon
2023-01-02 15:00:00,LOC_1,Mixed,423,81.42922515317788,41.36708690029832,2.1506194885482106,16.967512070132724,69.65137304286623,6.207437730375507,0.4670043211463479,15,0,1,2,False,False,afternoon
2023-01-02 16:00:00,LOC_1,Mixed,423,83.7713517660706,41.36708690029832,2.1506194885482106,19.263797240211307,69.83017546733214,6.772989629725657,0.0,16,0,1,2,False,False,afternoon
2023-01-02 17:00:00,LOC_1,Mixed,423,65.54099635761325,41.36708690029832,2.1506194885482106,19.172304108291716,66.51047568092096,6.822114810582402,0.0,17,0,1,2,False,False,afternoon
2023-01-02 18:00:00,LOC_1,Mixed,423,83.87931790629138,41.36708690029832,2.1506194885482106,19.400033502614793,63.03324026135964,5.613669369094735,0.0,18,0,1,2,False,False,evening
2023-01-02 19:00:00,LOC_1,Mixed,423,77.18919323820937,41.36708690029832,2.1506194885482106,19.535794042269007,59.37316857581159,6.148380785357314,0.0,19,0,1,2,False,False,evening
2023-01-02 20:00:00,LOC_1,Mixed,423,76.83798433286742,41.36708690029832,2.1506194885482106,17.358497416155377,51.06411253863958,6.066642145603842,0.0,20,0,1,2,False,False,evening
2023-01-02 21:00:00,LOC_1,Mixed,423,68.81693502898658,41.36708690029832,2.1506194885482106,18.712651044100756,61.843412173882584,5.14313219148516,1.045940970982072,21,0,1,2,False,False,evening
2023-01-02 22:00:00,LOC_1,Mixed,423,69.08274617871972,41.36708690029832,2.1506194885482106,18.738728572980534,61.71842620601534,5.138551110869649,0.0,22,0,1,2,False,False,evening
2023-01-02 23:00:00,LOC_1,Mixed,423,65.24550291835737,41.36708690029832,2.1506194885482106,20.98682605117201,63.61273098850851,7.562500669587609,0.0,23,0,1,2,False,False,evening
2023-01-03 00:00:00,LOC_1,Mixed,423,48.8277868053402,41.36708690029832,2.1506194885482106,18.53145269536438,57.92782488844354,5.888055653163929,0.0,0,1,1,3,False,False,night
2023-01-03 01:00:00,LOC_1,Mixed,423,75.31584761744197,41.36708690029832,2.1506194885482106,13.119399277355228,61.303758121797294,6.624513171230065,0.0,1,1,1,3,False,False,night
2023-01-03 02:00:00,LOC_1,Mixed,423,49.21436633755268,41.36708690029832,2.1506194885482106,16.006720366925162,74.54865941039337,5.967887206393434,0.19766589364657372,2,1,1,3,False,False,night
2023-01-03 03:00:00,LOC_1,Mixed,423,69.24261795651975,41.36708690029832,2.1506194885482106,13.30146052289698,71.6589740632575,7.895181797194465,0.0,3,1,1,3,False,False,night
2023-01-03 04:00:00,LOC_1,Mixed,423,29.563939496118486,41.36708690029832,2.1506194885482106,11.519044001588519,77.66172748246224,5.852467877037409,0.0,4,1,1,3,False,False,night
2023-01-03 05:00:00,LOC_1,Mixed,423,45.09114852137135,41.36708690029832,2.1506194885482106,13.067874175071742,76.45254868587229,6.364981538881354,0.0,5,1,1,3,False,False,night
2023-01-03 06:00:00,LOC_1,Mixed,423,43.57359949642499,41.36708690029832,2.1506194885482106,13.119094834991452,78.03458911747961,7.695635313238155,0.0,6,1,1,3,False,False,morning
2023-01-03 07:00:00,LOC_1,Mixed,423,43.64695372553923,41.36708690029832,2.1506194885482106,12.427321022097203,83.56189746215037,7.604678683437455,0.0,7,1,1,3,False,False,morning
2023-01-03 08:00:00,LOC_1,Mixed,423,36.925510292972355,41.36708690029832,2.1506194885482106,8.72312177235549,76.6166627213116,5.638615617298986,0.0,8,1,1,3,False,False,morning
2023-01-03 09:00:00,LOC_1,Mixed,423,47.763091749244545,41.36708690029832,2.1506194885482106,9.960669632558746,79.32241511618258,7.489674632528434,1.510056877070906,9,1,1,3,False,False,morning
2023-01-03 10:00:00,LOC_1,Mixed,423,57.80245265957057,41.36708690029832,2.1506194885482106,11.74828984622535,75.51709758963833,6.457738660681762,0.0,10,1,1,3,False,False,morning
2023-01-03 11:00:00,LOC_1,Mixed,423,49.66426893017213,41.36708690029832,2.1506194885482106,13.83861262332758,74.0524741246727,6.5335178712591855,0.0,11,1,1,3,False,False,morning
2023-01-03 12:00:00,LOC_1,Mixed,423,47.45562395725101,41.36708690029832,2.1506194885482106,11.971873854354726,72.5936947225662,5.486484383256892,0.0,12,1,1,3,False,False,afternoon
2023-01-03 13:00:00,LOC_1,Mixed,423,63.56448597264692,41.36708690029832,2.1506194885482106,13.771974984902647,72.824082981708,5.3292821740199505,0.0,13,1,1,3,False,False,afternoon
2023-01-03 14:00:00,LOC_1,Mixed,423,76.41402702350267,41.36708690029832,2.1506194885482106,13.231883824409751,66.71714934683901,7.2727286754056575,0.0,14,1,1,3,False,False,afternoon
2023-01-03 15:00:00,LOC_1,Mixed,423,69.64504438679575,41.36708690029832,2.1506194885482106,14.353401129746915,72.78715187205108,6.57972728754503,0.7677308202762632,15,1,1,3,False,False,afternoon
2023-01-03 16:00:00,LOC_1,Mixed,423,73.34439031289055,41.36708690029832,2.1506194885482106,19.583935944766512,59.60919488894625,6.402328967841162,0.0,16,1,1,3,False,False,afternoon
2023-01-03 17:00:00,LOC_1,Mixed,423,80.23268576316514,41.36708690029832,2.1506194885482106,21.714063174557413,61.06247554436168,7.281734528253796,0.0,17,1,1,3,False,False,afternoon
2023-01-03 18:00:00,LOC_1,Mixed,423,98.86660012116022,41.36708690029832,2.1506194885482106,19.65932065898584,58.194662904336106,7.391181473618192,0.0,18,1,1,3,False,False,evening
2023-01-03 19:00:00,LOC_1,Mixed,423,72.71831199669826,41.36708690029832,2.1506194885482106,22.317073238745444,66.61487453584587,5.572800165311272,0.0,19,1,1,3,False,False,evening
2023-01-03 20:00:00,LOC_1,Mixed,423,75.07793314988163,41.36708690029832,2.1506194885482106,21.210814542767693,60.00768889721302,6.928183946967409,0.0,20,1,1,3,False,False,evening
2023-01-03 21:00:00,LOC_1,Mixed,423,100.0,41.36708690029832,2.1506194885482106,19.034096045242844,64.510551588437,5.505003531434607,0.0,21,1,1,3,False,False,evening
2023-01-03 22:00:00,LOC_1,Mixed,423,70.46934916301764,41.36708690029832,2.1506194885482106,20.55478832877549,52.90820389929781,7.354499277854432,0.0,22,1,1,3,False,False,evening
2023-01-03 23:00:00,LOC_1,Mixed,423,61.851399449168376,41.36708690029832,2.1506194885482106,22.12064055533784,63.2461164845345,7.072672172096051,0.0,23,1,1,3,False,False,evening
2023-01-04 00:00:00,LOC_1,Mixed,423,65.74273884939342,41.36708690029832,2.1506194885482106,17.944544594012633,68.41576063365211,7.973083197696881,0.0,0,2,1,4,False,False,night
2023-01-04 01:00:00,LOC_1,Mixed,423,31.553422762103068,41.36708690029832,2.1506194885482106,19.946742099570052,66.77651037049303,5.311545961555151,0.0,1,2,1,4,False,False,night
2023-01-04 02:00:00,LOC_1,Mixed,423,46.03037498494251,41.36708690029832,2.1506194885482106,10.291031975199356,74.26635750856907,5.277268600129531,0.03225852154060481,2,2,1,4,False,False,night
2023-01-04 03:00:00,LOC_1,Mixed,423,60.74175700606682,41.36708690029832,2.1506194885482106,15.88739431463372,68.9263791377316,5.954098130358776,0.0,3,2,1,4,False,False,night
2023-01-04 04:00:00,LOC_1,Mixed,423,36.05866288576266,41.36708690029832,2.1506194885482106,13.218940739272137,80.9570439953363,5.8940863717668766,0.0,4,2,1,4,False,False,night
2023-01-04 05:00:00,LOC_1,Mixed,423,23.567441335601565,41.36708690029832,2.1506194885482106,11.418459787029525,87.46154164217373,5.851338075994798,0.0,5,2,1,4,False,False,night
2023-01-04 06:00:00,LOC_1,Mixed,423,45.89818180208116,41.36708690029832,2.1506194885482106,11.412564435154843,75.72772143363403,7.830597721764317,2.12840496823145,6,2,1,4,False,False,morning
2023-01-04 07:00:00,LOC_1,Mixed,423,36.13021448138857,41.36708690029832,2.1506194885482106,6.761564159800463,76.29908341499164,5.861904823638036,0.0,7,2,1,4,False,False,morning
2023-01-04 08:00:00,LOC_1,Mixed,423,54.83451847667348,41.36708690029832,2.1506194885482106,10.13414827285949,86.11993828851948,5.930547588092796,0.0,8,2,1,4,False,False,morning
2023-01-04 09:00:00,LOC_1,Mixed,423,30.004692369467612,41.36708690029832,2.1506194885482106,11.465248693160943,86.39581362837868,7.39432532357045,0.0,9,2,1,4,False,False,morning
2023-01-04 10:00:00,LOC_1,Mixed,423,38.74022774372064,41.36708690029832,2.1506194885482106,14.213474086469402,74.87032787026091,6.466782130533332,0.0,10,2,1,4,False,False,morning
2023-01-04 11:00:00,LOC_1,Mixed,423,47.90295673442152,41.36708690029832,2.1506194885482106,11.022898705348092,73.78018763072994,7.4491262804311695,0.0,11,2,1,4,False,False,morning
2023-01-04 12:00:00,LOC_1,Mixed,423,64.1910763816491,41.36708690029832,2.1506194885482106,11.485145567871555,72.3868114083816,5.316525027424742,0.0,12,2,1,4,False,False,afternoon
2023-01-04 13:00:00,LOC_1,Mixed,423,46.52527296638341,41.36708690029832,2.1506194885482106,13.311682877032908,64.64735351642466,6.58457201896307,0.0,13,2,1,4,False,False,afternoon
2023-01-04 14:00:00,LOC_1,Mixed,423,53.49872415189809,41.36708690029832,2.1506194885482106,17.447255527719005,64.1738376829493,5.224131059012819,0.0,14,2,1,4,False,False,afternoon
2023-01-04 15:00:00,LOC_1,Mixed,423,78.49019666727948,41.36708690029832,2.1506194885482106,17.57520752260765,61.143885559663104,5.312681625921199,0.0,15,2,1,4,False,False,afternoon
2023-01-04 16:00:00,LOC_1,Mixed,423,76.22473261071967,41.36708690029832,2.1506194885482106,17.071248134880058,59.8994750896511,7.8454660685160595,0.0,16,2,1,4,False,False,afternoon
2023-01-04 17:00:00,LOC_1,Mixed,423,82.47412150276946,41.36708690029832,2.1506194885482106,20.199995454706936,61.47965438610564,5.545321449862283,0.0,17,2,1,4,False,False,afternoon
2023-01-04 18:00:00,LOC_1,Mixed,423,61.21073126039517,41.36708690029832,2.1506194885482106,20.169366612111435,61.2206506358519,6.726278945724284,0.0,18,2,1,4,False,False,evening
2023-01-04 19:00:00,LOC_1,Mixed,423,67.00822070588697,41.36708690029832,2.1506194885482106,22.41916108707987,66.7887602520422,6.36373520271587,0.0,19,2,1,4,False,False,evening
2023-01-04 20:00:00,LOC_1,Mixed,423,83.75719090210872,41.36708690029832,2.1506194885482106,19.25529293133731,53.68943155812202,6.173909802594931,0.0,20,2,1,4,False,False,evening
2023-01-04 21:00:00,LOC_1,Mixed,423,72.41753846231657,41.36708690029832,2.1506194885482106,19.840860762630697,63.92924188073045,7.8328112219379955,0.0,21,2,1,4,False,False,evening
2023-01-04 22:00:00,LOC_1,Mixed,423,63.551075507508614,41.36708690029832,2.1506194885482106,19.219623099411372,58.92237696752108,5.200212667677167,0.0,22,2,1,4,False,False,evening
2023-01-04 23:00:00,LOC_1,Mixed,423,56.12317392884585,41.36708690029832,2.1506194885482106,16.289372512196607,61.31987663481615,7.127542759032389,0.0,23,2,1,4,False,False,evening
2023-01-05 00:00:00,LOC_1,Mixed,423,47.18972598269548,41.36708690029832,2.1506194885482106,18.78026482215235,66.99804892478662,8.02778815624529,0.0,0,3,1,5,False,False,night
2023-01-05 01:00:00,LOC_1,Mixed,423,55.47201241187064,41.36708690029832,2.1506194885482106,17.511385449429795,60.407840082048466,6.819540486297008,0.0,1,3,1,5,False,False,night
2023-01-05 02:00:00,LOC_1,Mixed,423,64.1150473495743,41.36708690029832,2.1506194885482106,15.712561646734498,70.5073792640211,7.95093433278919,0.0,2,3,1,5,False,False,night
2023-01-05 03:00:00,LOC_1,Mixed,423,38.66640244874135,41.36708690029832,2.1506194885482106,13.946219933755803,72.0014726400531,5.298671523061812,0.0,3,3,1,5,False,False,night
2023-01-05 04:00:00,LOC_1,Mixed,423,42.10175855714858,41.36708690029832,2.1506194885482106,10.38590226948316,76.02896881287276,6.399708707939282,0.0,4,3,1,5,False,False,night
2023-01-05 05:00:00,LOC_1,Mixed,423,31.16222944652828,41.36708690029832,2.1506194885482106,11.346973161001365,77.06931560647492,5.925232915379118,2.780060267792967,5,3,1,5,False,False,night
2023-01-05 06:00:00,LOC_1,Mixed,423,43.36838405482305,41.36708690029832,2.1506194885482106,10.715395247005043,89.4748521394373,7.338653154738345,0.08894431968732089,6,3,1,5,False,False,morning
2023-01-05 07:00:00,LOC_1,Mixed,423,59.15693231157859,41.36708690029832,2.1506194885482106,9.303920839563038,74.99434932273087,8.091512173382064,0.0,7,3,1,5,False,False,morning
2023-01-05 08:00:00,LOC_1,Mixed,423,46.7553441392841,41.36708690029832,2.1506194885482106,10.422685916865289,75.8545005445963,5.9186416553722045,0.0,8,3,1,5,False,False,morning
2023-01-05 09:00:00,LOC_1,Mixed,423,38.8360513705504,41.36708690029832,2.1506194885482106,11.730882369721735,75.03873605569086,7.113005761929824,0.0,9,3,1,5,False,False,morning
2023-01-05 10:00:00,LOC_1,Mixed,423,58.31435366308268,41.36708690029832,2.1506194885482106,15.20180663129292,74.363744746455,5.746205267838031,0.0,10,3,1,5,False,False,morning
2023-01-05 11:00:00,LOC_1,Mixed,423,29.873205265846416,41.36708690029832,2.1506194885482106,12.580335237016952,72.35070514076088,6.849333467172032,0.6331951821699681,11,3,1,5,False,False,morning
2023-01-05 12:00:00,LOC_1,Mixed,423,64.37306896771008,41.36708690029832,2.1506194885482106,13.788965573780159,79.3973530708685,6.546570418531935,0.31274304839958234,12,3,1,5,False,False,afternoon
2023-01-05 13:00:00,LOC_1,Mixed,423,61.513894699914,41.36708690029832,2.1506194885482106,14.33802861221593,78.12868035245275,8.072219122746786,0.0,13,3,1,5,False,False,afternoon
2023-01-05 14:00:00,LOC_1,Mixed,423,63.645988933969065,41.36708690029832,2.1506194885482106,11.950623713787802,65.56993624248085,6.983215046966577,0.0,14,3,1,5,False,False,afternoon
2023-01-05 15:00:00,LOC_1,Mixed,423,78.13225717298415,41.36708690029832,2.1506194885482106,17.03638368864522,61.65939925539155,6.207582359066666,0.0,15,3,1,5,False,False,afternoon
2023-01-05 16:00:00,LOC_1,Mixed,423,76.36741703057389,41.36708690029832,2.1506194885482106,18.422926294399986,65.75214603289615,5.502780529567387,0.0,16,3,1,5,False,False,afternoon
2023-01-05 17:00:00,LOC_1,Mixed,423,88.09659874842967,41.36708690029832,2.1506194885482106,24.271633253071634,58.54858672239302,5.615663510638468,0.0,17,3,1,5,False,False,afternoon
2023-01-05 18:00:00,LOC_1,Mixed,423,86.45161894321464,41.36708690029832,2.1506194885482106,19.76216904266417,62.87087714432472,5.83930358051455,0.0,18,3,1,5,False,False,evening
2023-01-05 19:00:00,LOC_1,Mixed,423,71.3430147657822,41.36708690029832,2.1506194885482106,21.256636180360413,59.707532112870126,5.917682456870463,0.0,19,3,1,5,False,False,evening
2023-01-05 20:00:00,LOC_1,Mixed,423,77.34280052229526,41.36708690029832,2.1506194885482106,20.76163681191113,50.75915872237061,7.718060243787738,0.0,20,3,1,5,False,False,evening
2023-01-05 21:00:00,LOC_1,Mixed,423,78.1598915598033,41.36708690029832,2.1506194885482106,18.330480967054463,66.40185192206326,6.851309947017213,0.0,21,3,1,5,False,False,evening
2023-01-05 22:00:00,LOC_1,Mixed,423,62.85439969342058,41.36708690029832,2.1506194885482106,22.461127687102653,68.62842424933238,6.739243741953183,0.0,22,3,1,5,False,False,evening
2023-01-05 23:00:00,LOC_1,Mixed,423,55.62942294852144,41.36708690029832,2.1506194885482106,20.891901703857695,58.15998527060977,5.514806962117934,0.0,23,3,1,5,False,False,evening
2023-01-06 00:00:00,LOC_1,Mixed,423,47.92867053039949,41.36708690029832,2.1506194885482106,19.94171188146056,61.34219622557115,7.752348677523198,0.0,0,4,1,6,False,True,night
2023-01-06 01:00:00,LOC_1,Mixed,423,63.36036845536659,41.36708690029832,2.1506194885482106,15.342114115866252,67.10754890271306,7.341801669614076,0.0,1,4,1,6,False,True,night
2023-01-06 02:00:00,LOC_1,Mixed,423,37.90436949144,41.36708690029832,2.1506194885482106,18.679527788453356,69.9244056167728,5.377792919016237,0.0,2,4,1,6,False,True,night
2023-01-06 03:00:00,LOC_1,Mixed,423,54.57191840668434,41.36708690029832,2.1506194885482106,11.783286732515396,74.11874364716424,7.299722108411818,0.0,3,4,1,6,False,True,night
2023-01-06 04:00:00,LOC_1,Mixed,423,36.38452236584203,41.36708690029832,2.1506194885482106,14.561942734962098,83.27456559910863,6.808260361500251,0.0,4,4,1,6,False,True,night
2023-01-06 05:00:00,LOC_1,Mixed,423,42.54589075396963,41.36708690029832,2.1506194885482106,16.74074989983983,74.39558656609002,5.424250548070857,0.0,5,4,1,6,False,True,night
2023-01-06 06:00:00,LOC_1,Mixed,423,52.79467632342322,41.36708690029832,2.1506194885482106,9.59131643112684,72.8637356145313,6.555405144648052,0.0,6,4,1,6,False,True,morning
2023-01-06 07:00:00,LOC_1,Mixed,423,53.29297542131466,41.36708690029832,2.1506194885482106,9.947434591509008,70.94334375849827,6.6360206978221195,1.6556056297563988,7,4,1,6,False,True,morning
2023-01-06 08:00:00,LOC_1,Mixed,423,50.64961680337651,41.36708690029832,2.1506194885482106,11.116104526201513,74.51174620823795,5.680683979695073,0.0,8,4,1,6,False,True,morning
2023-01-06 09:00:00,LOC_1,Mixed,423,40.67567588471259,41.36708690029832,2.1506194885482106,10.087363498557092,77.64573552205205,8.021883228647813,0.0,9,4,1,6,False,True,morning
2023-01-06 10:00:00,LOC_1,Mixed,423,40.51770273743883,41.36708690029832,2.1506194885482106,8.499631724056893,85.77087214521062,7.736143235464256,1.9999571820367423,10,4,1,6,False,True,morning
2023-01-06 11:00:00,LOC_1,Mixed,423,69.101760834426,41.36708690029832,2.1506194885482106,12.539818836661006,72.60655773072125,7.194712370583663,0.0,11,4,1,6,False,True,morning
2023-01-06 12:00:00,LOC_1,Mixed,423,58.145999436536144,41.36708690029832,2.1506194885482106,11.320760070719784,74.2282047618505,6.57596018263622,0.0,12,4,1,6,False,True,afternoon
2023-01-06 13:00:00,LOC_1,Mixed,423,74.87932763632273,41.36708690029832,2.1506194885482106,15.605597352766411,70.60106053664416,6.425798168155256,0.0,13,4,1,6,False,True,afternoon
2023-01-06 14:00:00,LOC_1,Mixed,423,94.49151235004246,41.36708690029832,2.1506194885482106,14.120798977350708,74.0226714756038,7.144849890616525,0.0,14,4,1,6,False,True,afternoon
2023-01-06 15:00:00,LOC_1,Mixed,423,68.34825350638249,41.36708690029832,2.1506194885482106,20.360750716475557,78.11289831648715,6.829652944406291,0.0,15,4,1,6,False,True,afternoon
2023-01-06 16:00:00,LOC_1,Mixed,423,71.7590835263366,41.36708690029832,2.1506194885482106,16.907418833992004,60.39780529806944,5.381604401378553,0.0,16,4,1,6,False,True,afternoon
2023-01-06 17:00:00,LOC_1,Mixed,423,58.92938678369089,41.36708690029832,2.1506194885482106,18.872474528876925,58.51960766483233,6.733720677382103,0.0,17,4,1,6,False,True,afternoon
2023-01-06 18:00:00,LOC_1,Mixed,423,95.0396602571429,41.36708690029832,2.1506194885482106,21.945362840990246,64.58414757284355,7.616851129164261,0.0,18,4,1,6,False,True,evening
2023-01-06 19:00:00,LOC_1,Mixed,423,76.71382944823971,41.36708690029832,2.1506194885482106,18.363239109489363,61.759521963417015,6.576787354973261,0.0,19,4,1,6,False,True,evening
2023-01-06 20:00:00,LOC_1,Mixed,423,88.16648521313157,41.36708690029832,2.1506194885482106,21.45739519164163,67.22858598381342,5.35636479714948,0.0,20,4,1,6,False,True,evening
2023-01-06 21:00:00,LOC_1,Mixed,423,70.83812840625117,41.36708690029832,2.1506194885482106,23.453526158231682,61.241159627296156,7.560756901796397,0.0,21,4,1,6,False,True,evening
2023-01-06 22:00:00,LOC_1,Mixed,423,73.67566475339572,41.36708690029832,2.1506194885482106,17.131907744404728,57.50979111901034,5.807440785328922,0.0,22,4,1,6,False,True,evening
2023-01-06 23:00:00,LOC_1,Mixed,423,83.22664871737737,41.36708690029832,2.1506194885482106,19.928683970910207,63.834441645770355,5.9806389742466886,0.0,23,4,1,6,False,True,evening
2023-01-07 00:00:00,LOC_1,Mixed,423,62.512288076833066,41.36708690029832,2.1506194885482106,19.050782562971193,68.48148395396585,5.700322455191758,0.0,0,5,1,7,True,False,night
2023-01-07 01:00:00,LOC_1,Mixed,423,58.751177516603114,41.36708690029832,2.1506194885482106,18.8958920396862,69.43791831372366,6.198275408738287,0.0,1,5,1,7,True,False,night
2023-01-07 02:00:00,LOC_1,Mixed,423,48.25155134192924,41.36708690029832,2.1506194885482106,13.57138321092037,70.44580089018342,7.479311443601212,0.0,2,5,1,7,True,False,night
2023-01-07 03:00:00,LOC_1,Mixed,423,31.010416439819576,41.36708690029832,2.1506194885482106,12.117409205295939,75.81672858501679,6.7686411099072314,0.0,3,5,1,7,True,False,night
2023-01-07 04:00:00,LOC_1,Mixed,423,29.093472258139887,41.36708690029832,2.1506194885482106,14.603433271084796,78.72737767252636,5.8265538504223375,0.05866643774561698,4,5,1,7,True,False,night
2023-01-07 05:00:00,LOC_1,Mixed,423,29.025167300415266,41.36708690029832,2.1506194885482106,13.125117518162513,81.84849861179536,7.846826649981898,0.5423288036950722,5,5,1,7,True,False,night
2023-01-07 06:00:00,LOC_1,Mixed,423,28.620990751558654,41.36708690029832,2.1506194885482106,12.24467214841119,79.75617654250934,7.853508258182914,0.0,6,5,1,7,True,False,morning
2023-01-07 07:00:00,LOC_1,Mixed,423,7.403520466559918,41.36708690029832,2.1506194885482106,11.944211590769052,76.66177925486554,7.8279241357821086,0.0,7,5,1,7,True,False,morning
2023-01-07 08:00:00,LOC_1,Mixed,423,6.5147576707407255,41.36708690029832,2.1506194885482106,9.728025140539806,78.55741926477305,5.9340035508839755,0.0,8,5,1,7,True,False,morning
2023-01-07 09:00:00,LOC_1,Mixed,423,35.512713725514985,41.36708690029832,2.1506194885482106,11.730082567279085,83.50139448662765,6.572758893423448,0.0,9,5,1,7,True,False,morning
2023-01-07 10:00:00,LOC_1,Mixed,423,32.58043930157547,41.36708690029832,2.1506194885482106,12.358351389344556,72.37090875956943,8.175435660756502,0.0,10,5,1,7,True,False,morning
2023-01-07 11:00:00,LOC_1,Mixed,423,23.558104122731567,41.36708690029832,2.1506194885482106,11.145225309844545,76.69551025256995,7.537929839295975,0.0,11,5,1,7,True,False,morning
2023-01-07 12:00:00,LOC_1,Mixed,423,41.815859791023904,41.36708690029832,2.1506194885482106,17.348139093506457,70.8001257959293,5.304820277920068,0.0,12,5,1,7,True,False,afternoon
2023-01-07 13:00:00,LOC_1,Mixed,423,54.77255555486407,41.36708690029832,2.1506194885482106,15.777288132474059,70.48447953337312,5.4203572770140935,0.0,13,5,1,7,True,False,afternoon
2023-01-07 14:00:00,LOC_1,Mixed,423,40.50293755073376,41.36708690029832,2.1506194885482106,13.748237388596362,74.13057054703317,6.617963007037329,1.8332571822396362,14,5,1,7,True,False,afternoon
2023-01-07 15:00:00,LOC_1,Mixed,423,53.65764308903926,41.36708690029832,2.1506194885482106,18.745173110846437,66.09136355294196,7.9552547511979155,0.0,15,5,1,7,True,False,afternoon
2023-01-07 16:00:00,LOC_1,Mixed,423,74.82598188784769,41.36708690029832,2.1506194885482106,16.6957330272358,62.94199000539986,6.845124667396231,2.2029145338737806,16,5,1,7,True,False,afternoon
2023-01-07 17:00:00,LOC_1,Mixed,423,60.45112586864975,41.36708690029832,2.1506194885482106,21.261924591626222,53.82520852681777,6.723881819744587,0.0,17,5,1,7,True,False,afternoon
2023-01-07 18:00:00,LOC_1,Mixed,423,81.80185719587514,41.36708690029832,2.1506194885482106,22.806664172892006,62.75232180038171,5.548290299060893,0.0,18,5,1,7,True,False,evening
2023-01-07 19:00:00,LOC_1,Mixed,423,82.80127565481506,41.36708690029832,2.1506194885482106,19.354734412006355,61.235222808285826,7.203634297625769,0.0,19,5,1,7,True,False,evening
2023-01-07 20:00:00,LOC_1,Mixed,423,71.41117434825782,41.36708690029832,2.1506194885482106,23.100345496960546,68.4690871395835,7.701028129495056,0.0,20,5,1,7,True,False,evening
2023-01-07 21:00:00,LOC_1,Mixed,423,75.52941624905863,41.36708690029832,2.1506194885482106,21.835906941231077,56.440418650518836,6.377403213705235,0.0,21,5,1,7,True,False,evening
2023-01-07 22:00:00,LOC_1,Mixed,423,95.40653660650266,41.36708690029832,2.1506194885482106,22.16208540483377,60.059821468630105,7.564403165960502,0.0,22,5,1,7,True,False,evening
2023-01-07 23:00:00,LOC_1,Mixed,423,72.18808456606193,41.36708690029832,2.1506194885482106,23.52407943607807,61.785931477013435,8.132421874669921,0.0,23,5,1,7,True,False,evening
2023-01-08 00:00:00,LOC_1,Mixed,423,66.44964161862055,41.36708690029832,2.1506194885482106,18.211304216987788,70.48310550083032,5.851715467181773,0.4484829164564948,0,6,1,8,True,False,night
2023-01-08 01:00:00,LOC_1,Mixed,423,60.178300667122585,41.36708690029832,2.1506194885482106,15.99582361152509,64.51693045758509,6.8118290365297165,0.0,1,6,1,8,True,False,night
2023-01-08 02:00:00,LOC_1,Mixed,423,49.926016299575224,41.36708690029832,2.1506194885482106,14.437291499125113,68.96246691209937,6.104677945928958,0.0,2,6,1,8,True,False,night
2023-01-08 03:00:00,LOC_1,Mixed,423,41.62193025766203,41.36708690029832,2.1506194885482106,13.297723580833352,73.18079424705425,7.623251132356885,0.0,3,6,1,8,True,False,night
2023-01-08 04:00:00,LOC_1,Mixed,423,32.40607187485905,41.36708690029832,2.1506194885482106,13.576354345938833,73.47193008624771,6.97889165059688,0.0,4,6,1,8,True,False,night
2023-01-08 05:00:00,LOC_1,Mixed,423,47.19878183180282,41.36708690029832,2.1506194885482106,13.384445563885212,72.3635486987435,7.151282356687844,0.0,5,6,1,8,True,False,night
2023-01-08 06:00:00,LOC_1,Mixed,423,24.685917772538534,41.36708690029832,2.1506194885482106,12.468047218605737,77.14111872460013,7.642701006621261,0.0,6,6,1,8,True,False,morning
2023-01-08 07:00:00,LOC_1,Mixed,423,30.62722714673053,41.36708690029832,2.1506194885482106,13.076646483781964,82.52359877787903,6.438293241418417,0.0,7,6,1,8,True,False,morning
2023-01-08 08:00:00,LOC_1,Mixed,423,27.71537456743072,41.36708690029832,2.1506194885482106,11.285028735141433,72.34937360017346,7.997075195498254,0.0,8,6,1,8,True,False,morning
2023-01-08 09:00:00,LOC_1,Mixed,423,18.997961321759707,41.36708690029832,2.1506194885482106,14.343579160767458,77.79182635782873,6.8523146293180535,0.0,9,6,1,8,True,False,morning
2023-01-08 10:00:00,LOC_1,Mixed,423,26.44487504243819,41.36708690029832,2.1506194885482106,11.413813987634313,72.61314061708367,5.728515403112527,0.0,10,6,1,8,True,False,morning
2023-01-08 11:00:00,LOC_1,Mixed,423,41.71363741148052,41.36708690029832,2.1506194885482106,18.185172980374734,80.48556385023322,7.343771065132054,0.0,11,6,1,8,True,False,morning
2023-01-08 12:00:00,LOC_1,Mixed,423,18.555659757890343,41.36708690029832,2.1506194885482106,15.03881647005582,64.8091019270295,7.637280406219925,0.0,12,6,1,8,True,False,afternoon
2023-01-08 13:00:00,LOC_1,Mixed,423,28.317107151346853,41.36708690029832,2.1506194885482106,13.286183995220505,67.20439254753593,6.209203897915715,0.0,13,6,1,8,True,False,afternoon
2023-01-08 14:00:00,LOC_1,Mixed,423,54.47311104220291,41.36708690029832,2.1506194885482106,14.159921230466475,69.2826469221452,7.831879016313999,0.0,14,6,1,8,True,False,afternoon
2023-01-08 15:00:00,LOC_1,Mixed,423,60.16082778992393,41.36708690029832,2.1506194885482106,18.56785750593508,72.62179479527427,7.980193254284521,0.0,15,6,1,8,True,False,afternoon
2023-01-08 16:00:00,LOC_1,Mixed,423,80.85237321138949,41.36708690029832,2.1506194885482106,18.36900242929776,62.039392694736144,6.0938990621233184,0.0,16,6,1,8,True,False,afternoon
2023-01-08 17:00:00,LOC_1,Mixed,423,95.49149262025811,41.36708690029832,2.1506194885482106,21.286572767087577,57.506858808727216,8.215171992739796,0.0,17,6,1,8,True,False,afternoon
2023-01-08 18:00:00,LOC_1,Mixed,423,62.3194280315567,41.36708690029832,2.1506194885482106,21.60674933341124,68.08523717867465,5.688163997214667,0.0,18,6,1,8,True,False,evening
2023-01-08 19:00:00,LOC_1,Mixed,423,75.75924918791887,41.36708690029832,2.1506194885482106,21.02122687953757,50.42616108821616,5.873498119888665,0.0,19,6,1,8,True,False,evening
2023-01-08 20:00:00,LOC_1,Mixed,423,69.414260563695,41.36708690029832,2.1506194885482106,19.650775957368847,46.317243429888286,5.821547196415209,0.0,20,6,1,8,True,False,evening
2023-01-08 21:00:00,LOC_1,Mixed,423,71.19673895667765,41.36708690029832,2.1506194885482106,18.15140520405793,59.83787294340735,7.9522632344204744,0.0,21,6,1,8,True,False,evening
2023-01-08 22:00:00,LOC_1,Mixed,423,88.64436266058475,41.36708690029832,2.1506194885482106,19.795674069973778,56.112320930021305,7.234593048012011,0.0,22,6,1,8,True,False,evening
2023-01-08 23:00:00,LOC_1,Mixed,423,69.16972036456491,41.36708690029832,2.1506194885482106,21.614014184033287,55.091402723573744,5.72944938755754,0.0,23,6,1,8,True,False,evening
2023-01-09 00:00:00,LOC_1,Mixed,423,66.93076573857957,41.36708690029832,2.1506194885482106,19.30097520939306,65.79620679423148,6.595527799331577,0.0,0,0,1,9,False,False,night
2023-01-09 01:00:00,LOC_1,Mixed,423,73.62535124861552,41.36708690029832,2.1506194885482106,15.182509714656117,65.8710290246958,7.121872484522904,0.0,1,0,1,9,False,False,night
2023-01-09 02:00:00,LOC_1,Mixed,423,56.77617967274799,41.36708690029832,2.1506194885482106,16.733357513805615,64.40561552210985,5.527791387388799,0.0,2,0,1,9,False,False,night
2023-01-09 03:00:00,LOC_1,Mixed,423,31.74748298679355,41.36708690029832,2.1506194885482106,15.870638098030465,63.39847132949995,7.926068818039095,0.0,3,0,1,9,False,False,night
2023-01-09 04:00:00,LOC_1,Mixed,423,53.82205117470772,41.36708690029832,2.1506194885482106,12.133485876457506,76.55988514368119,7.69105075609656,0.0,4,0,1,9,False,False,night
2023-01-09 05:00:00,LOC_1,Mixed,423,26.24935009209199,41.36708690029832,2.1506194885482106,13.180218518730907,77.5054692761136,6.797280763284433,0.0,5,0,1,9,False,False,night
2023-01-09 06:00:00,LOC_1,Mixed,423,35.621872245459144,41.36708690029832,2.1506194885482106,12.201693370140237,75.33356881460661,8.184460436211598,0.0,6,0,1,9,False,False,morning
2023-01-09 07:00:00,LOC_1,Mixed,423,35.16526468527433,41.36708690029832,2.1506194885482106,9.306933236293665,86.04743731632853,6.537783530505349,0.0,7,0,1,9,False,False,morning
2023-01-09 08:00:00,LOC_1,Mixed,423,55.150518105740595,41.36708690029832,2.1506194885482106,12.145176963505943,71.79037168275049,8.238251405671368,0.0,8,0,1,9,False,False,morning
2023-01-09 09:00:00,LOC_1,Mixed,423,30.79793150489397,41.36708690029832,2.1506194885482106,12.728640708036643,69.15823083477596,7.291100153759984,0.0,9,0,1,9,False,False,morning
2023-01-09 10:00:00,LOC_1,Mixed,423,56.118345654152535,41.36708690029832,2.1506194885482106,14.279774058985112,72.31311650532466,7.192773538073174,0.0,10,0,1,9,False,False,morning
2023-01-09 11:00:00,LOC_1,Mixed,423,54.5226117403744,41.36708690029832,2.1506194885482106,15.022965851728612,73.9413464229049,5.788043816605664,0.0,11,0,1,9,False,False,morning
2023-01-09 12:00:00,LOC_1,Mixed,423,64.20873911626146,41.36708690029832,2.1506194885482106,11.202653233284565,73.30071330821598,7.937381668753681,0.0,12,0,1,9,False,False,afternoon
2023-01-09 13:00:00,LOC_1,Mixed,423,70.74309638302833,41.36708690029832,2.1506194885482106,13.295342229384739,68.45183509228839,6.575486570707363,0.0,13,0,1,9,False,False,afternoon
2023-01-09 14:00:00,LOC_1,Mixed,423,77.80351040718435,41.36708690029832,2.1506194885482106,17.502252880945,68.81591228951612,5.781136686652974,0.0,14,0,1,9,False,False,afternoon
2023-01-09 15:00:00,LOC_1,Mixed,423,72.98278089585821,41.36708690029832,2.1506194885482106,18.80094352828605,58.1955596261245,5.333677840117083,0.0,15,0,1,9,False,False,afternoon
2023-01-09 16:00:00,LOC_1,Mixed,423,66.390073691141,41.36708690029832,2.1506194885482106,20.01646506695413,69.24608363168224,6.976540989783555,0.0,16,0,1,9,False,False,afternoon
2023-01-09 17:00:00,LOC_1,Mixed,423,76.83393957870517,41.36708690029832,2.1506194885482106,27.734459110299653,59.53125185005674,6.880891310979523,0.0,17,0,1,9,False,False,afternoon
2023-01-09 18:00:00,LOC_1,Mixed,423,82.25566071604497,41.36708690029832,2.1506194885482106,21.972462023755053,63.925117153203196,7.458171663796781,0.0,18,0,1,9,False,False,evening
2023-01-09 19:00:00,LOC_1,Mixed,423,84.09386561702024,41.36708690029832,2.1506194885482106,23.60840538366731,59.039078525276295,7.97230315342556,0.0,19,0,1,9,False,False,evening
2023-01-09 20:00:00,LOC_1,Mixed,423,74.22394956849631,41.36708690029832,2.1506194885482106,23.42273871163858,59.25429572646457,5.541166790859523,0.0,20,0,1,9,False,False,evening
2023-01-09 21:00:00,LOC_1,Mixed,423,73.38501464032949,41.36708690029832,2.1506194885482106,22.654236252230042,60.14592890192412,7.498854394655708,0.0,21,0,1,9,False,False,evening
2023-01-09 22:00:00,LOC_1,Mixed,423,72.9332861408544,41.36708690029832,2.1506194885482106,20.22850179841784,60.5204622246895,5.868018486048015,0.0,22,0,1,9,False,False,evening
2023-01-09 23:00:00,LOC_1,Mixed,423,58.29777863773759,41.36708690029832,2.1506194885482106,21.58947347973432,63.07054372184214,7.881731386034502,0.0,23,0,1,9,False,False,evening
2023-01-10 00:00:00,LOC_1,Mixed,423,53.55880908781152,41.36708690029832,2.1506194885482106,17.49743777756767,68.55958623737652,7.76580818291353,0.0,0,1,1,10,False,False,night
2023-01-10 01:00:00,LOC_1,Mixed,423,48.898030557794705,41.36708690029832,2.1506194885482106,17.370632498646195,65.29406642425491,6.932416162279356,0.0,1,1,1,10,False,False,night
2023-01-10 02:00:00,LOC_1,Mixed,423,69.05462996744214,41.36708690029832,2.1506194885482106,15.586532873423637,70.43049884977889,7.442180389686303,0.0,2,1,1,10,False,False,night
2023-01-10 03:00:00,LOC_1,Mixed,423,51.99222933728347,41.36708690029832,2.1506194885482106,15.43399770366235,69.01082267878445,6.255919269631707,0.0,3,1,1,10,False,False,night
2023-01-10 04:00:00,LOC_1,Mixed,423,43.61441899618582,41.36708690029832,2.1506194885482106,18.700745660277242,79.05772902338691,6.727789402184488,0.0,4,1,1,10,False,False,night
2023-01-10 05:00:00,LOC_1,Mixed,423,37.21098440083729,41.36708690029832,2.1506194885482106,9.308447303904988,70.53208311152667,7.780613012135659,0.0,5,1,1,10,False,False,night
2023-01-10 06:00:00,LOC_1,Mixed,423,37.95421703120094,41.36708690029832,2.1506194885482106,13.627987212858176,84.49376850033576,6.69491436172591,0.0,6,1,1,10,False,False,morning
2023-01-10 07:00:00,LOC_1,Mixed,423,41.185097740448846,41.36708690029832,2.1506194885482106,8.537614417492414,76.27311792703486,6.391929854239737,0.0,7,1,1,10,False,False,morning
2023-01-10 08:00:00,LOC_1,Mixed,423,53.24998691573219,41.36708690029832,2.1506194885482106,10.655892180656375,69.64661266493927,6.802588524197949,0.0,8,1,1,10,False,False,morning
2023-01-10 09:00:00,LOC_1,Mixed,423,35.47792973232964,41.36708690029832,2.1506194885482106,13.955107772632598,77.08610891715821,7.806114899340297,0.23261442908307975,9,1,1,10,False,False,morning
2023-01-10 10:00:00,LOC_1,Mixed,423,33.91771652971605,41.36708690029832,2.1506194885482106,12.412347700667409,72.02716638767262,6.3284070783923525,0.0,10,1,1,10,False,False,morning
2023-01-10 11:00:00,LOC_1,Mixed,423,60.03435748014553,41.36708690029832,2.1506194885482106,10.929969360568453,78.03229991208948,5.845483343879192,0.0,11,1,1,10,False,False,morning
2023-01-10 12:00:00,LOC_1,Mixed,423,47.73484765818646,41.36708690029832,2.1506194885482106,12.697462710865231,68.48073984471772,7.461656086869376,0.0,12,1,1,10,False,False,afternoon
2023-01-10 13:00:00,LOC_1,Mixed,423,73.3499322760877,41.36708690029832,2.1506194885482106,16.70024687119053,67.08698008728375,7.804963957891002,0.0,13,1,1,10,False,False,afternoon
2023-01-10 14:00:00,LOC_1,Mixed,423,55.49872506676462,41.36708690029832,2.1506194885482106,15.181488963630814,57.267851891142165,5.6303568809836175,0.0,14,1,1,10,False,False,afternoon
2023-01-10 15:00:00,LOC_1,Mixed,423,83.49334858077309,41.36708690029832,2.1506194885482106,18.376309415115507,61.85168393185149,6.049481740355625,0.0,15,1,1,10,False,False,afternoon
2023-01-10 16:00:00,LOC_1,Mixed,423,85.02482537943644,41.36708690029832,2.1506194885482106,19.247514625123316,49.56786147622383,5.75719015834612,0.0,16,1,1,10,False,False,afternoon
2023-01-10 17:00:00,LOC_1,Mixed,423,63.087414645180175,41.36708690029832,2.1506194885482106,18.895777238777146,51.68253001459382,6.376513040357709,0.0,17,1,1,10,False,False,afternoon
2023-01-10 18:00:00,LOC_1,Mixed,423,79.74203390283202,41.36708690029832,2.1506194885482106,25.288531452594032,61.80078673283472,6.685156187720477,0.0,18,1,1,10,False,False,evening
2023-01-10 19:00:00,LOC_1,Mixed,423,81.40263249451954,41.36708690029832,2.1506194885482106,22.775054798654125,60.91456728521796,7.581996535404471,0.0,19,1,1,10,False,False,evening
2023-01-10 20:00:00,LOC_1,Mixed,423,92.9468316212241,41.36708690029832,2.1506194885482106,17.6343729537576,58.757971554779196,7.290374380059586,0.0,20,1,1,10,False,False,evening
2023-01-10 21:00:00,LOC_1,Mixed,423,80.31888461779981,41.36708690029832,2.1506194885482106,21.894265525868065,52.122405491695524,7.201131255412067,0.0,21,1,1,10,False,False,evening
2023-01-10 22:00:00,LOC_1,Mixed,423,82.36862410347075,41.36708690029832,2.1506194885482106,19.705350621754285,57.70359611670798,6.396884146302737,0.0,22,1,1,10,False,False,evening
2023-01-10 23:00:00,LOC_1,Mixed,423,64.91020743635822,41.36708690029832,2.1506194885482106,21.946265001416403,59.49919064089924,7.865515544432524,0.0,23,1,1,10,False,False,evening
2023-01-11 00:00:00,LOC_1,Mixed,423,68.90319643745829,41.36708690029832,2.1506194885482106,17.62788996494937,55.78231367040774,6.756447790557449,0.0,0,2,1,11,False,False,night
2023-01-11 01:00:00,LOC_1,Mixed,423,43.91783546922966,41.36708690029832,2.1506194885482106,17.784619919082647,71.48880590480286,8.281314329346232,0.0,1,2,1,11,False,False,night
2023-01-11 02:00:00,LOC_1,Mixed,423,38.45269549959077,41.36708690029832,2.1506194885482106,17.737037384284086,70.93268580023201,7.247838980151846,0.41613920833230833,2,2,1,11,False,False,night
2023-01-11 03:00:00,LOC_1,Mixed,423,64.85351212708159,41.36708690029832,2.1506194885482106,17.17154235046562,68.01511520660091,5.7256196622211055,0.0,3,2,1,11,False,False,night
2023-01-11 04:00:00,LOC_1,Mixed,423,44.874654073814,41.36708690029832,2.1506194885482106,11.840597842702392,71.65204788134477,7.37677081758909,0.0,4,2,1,11,False,False,night
2023-01-11 05:00:00,LOC_1,Mixed,423,37.35968498827271,41.36708690029832,2.1506194885482106,12.543716852602547,74.61647539116888,6.324962692338533,0.0,5,2,1,11,False,False,night
2023-01-11 06:00:00,LOC_1,Mixed,423,45.39185938528241,41.36708690029832,2.1506194885482106,11.475297262970173,64.94094988729437,7.410044570901149,0.0,6,2,1,11,False,False,morning
2023-01-11 07:00:00,LOC_1,Mixed,423,29.877455602067364,41.36708690029832,2.1506194885482106,10.626088078579537,74.89861999994311,5.561398579521677,0.0,7,2,1,11,False,False,morning
2023-01-11 08:00:00,LOC_1,Mixed,423,45.01031733872199,41.36708690029832,2.1506194885482106,15.300344020020948,73.0512076810935,5.878531419419629,0.0,8,2,1,11,False,False,morning
2023-01-11 09:00:00,LOC_1,Mixed,423,35.13681462513555,41.36708690029832,2.1506194885482106,12.756828783918198,71.09816922653285,7.922510675405685,0.0,9,2,1,11,False,False,morning
2023-01-11 10:00:00,LOC_1,Mixed,423,54.05458002653034,41.36708690029832,2.1506194885482106,9.931657605897087,73.68764750643587,6.038249177768419,0.0,10,2,1,11,False,False,morning
2023-01-11 11:00:00,LOC_1,Mixed,423,43.8645552016817,41.36708690029832,2.1506194885482106,15.090799644147719,82.47828113417128,7.869245306923001,0.0,11,2,1,11,False,False,morning
2023-01-11 12:00:00,LOC_1,Mixed,423,73.23085211161688,41.36708690029832,2.1506194885482106,18.541978251280888,74.6088825918238,6.197361436814355,0.0,12,2,1,11,False,False,afternoon
2023-01-11 13:00:00,LOC_1,Mixed,423,54.34118617776651,41.36708690029832,2.1506194885482106,17.575556429303084,66.12285323468444,7.289589956918801,0.0,13,2,1,11,False,False,afternoon
2023-01-11 14:00:00,LOC_1,Mixed,423,66.19397786420183,41.36708690029832,2.1506194885482106,13.77303554980653,69.23936294335168,7.444806816872404,0.0,14,2,1,11,False,False,afternoon
2023-01-11 15:00:00,LOC_1,Mixed,423,74.92948359476512,41.36708690029832,2.1506194885482106,17.14445597741004,70.77092893664492,6.901730038961146,0.0,15,2,1,11,False,False,afternoon
2023-01-11 16:00:00,LOC_1,Mixed,423,89.22836356134998,41.36708690029832,2.1506194885482106,21.859703676204084,65.97140565890217,6.281108305656362,0.0,16,2,1,11,False,False,afternoon
2023-01-11 17:00:00,LOC_1,Mixed,423,63.517119153503266,41.36708690029832,2.1506194885482106,18.953127893384217,59.56121820035732,6.004519712851096,0.0,17,2,1,11,False,False,afternoon
2023-01-11 18:00:00,LOC_1,Mixed,423,49.12041737305975,41.36708690029832,2.1506194885482106,22.05774939179145,54.42509504047415,5.4675647670026395,0.0,18,2,1,11,False,False,evening
2023-01-11 19:00:00,LOC_1,Mixed,423,71.94162356305883,41.36708690029832,2.1506194885482106,23.225930406170892,60.13779196944352,6.281245837295547,0.0,19,2,1,11,False,False,evening
2023-01-11 20:00:00,LOC_1,Mixed,423,83.01441832450136,41.36708690029832,2.1506194885482106,20.00022092577634,58.259263189243725,7.330304745380351,0.0,20,2,1,11,False,False,evening
2023-01-11 21:00:00,LOC_1,Mixed,423,73.44578542068385,41.36708690029832,2.1506194885482106,21.571708035469157,61.09444860495315,8.18714037857493,0.0,21,2,1,11,False,False,evening
2023-01-11 22:00:00,LOC_1,Mixed,423,73.77548644542162,41.36708690029832,2.1506194885482106,14.71576874466987,60.77925215879382,7.987248727966319,0.0,22,2,1,11,False,False,evening
2023-01-11 23:00:00,LOC_1,Mixed,423,52.270543188505215,41.36708690029832,2.1506194885482106,18.361980857786584,64.42625129568634,7.673238776510393,0.0,23,2,1,11,False,False,evening
2023-01-12 00:00:00,LOC_1,Mixed,423,52.39947944206518,41.36708690029832,2.1506194885482106,18.877130795646124,58.55928974533227,7.741795449446384,0.0,0,3,1,12,False,False,night
2023-01-12 01:00:00,LOC_1,Mixed,423,40.18420769115235,41.36708690029832,2.1506194885482106,15.687839855574468,70.22015788916329,7.372816909226299,0.0,1,3,1,12,False,False,night
2023-01-12 02:00:00,LOC_1,Mixed,423,31.11507894115052,41.36708690029832,2.1506194885482106,20.161176525439267,67.19529018831,6.160131356213208,0.0,2,3,1,12,False,False,night
2023-01-12 03:00:00,LOC_1,Mixed,423,42.5552387607788,41.36708690029832,2.1506194885482106,12.749017884128564,79.15770308302666,8.102264265229977,0.0,3,3,1,12,False,False,night
2023-01-12 04:00:00,LOC_1,Mixed,423,41.73071481080112,41.36708690029832,2.1506194885482106,13.53034786093411,67.73318724089602,7.3942843025831175,0.0,4,3,1,12,False,False,night
2023-01-12 05:00:00,LOC_1,Mixed,423,57.07160858844615,41.36708690029832,2.1506194885482106,13.643424068890072,81.91593318719046,7.064817256991446,0.0,5,3,1,12,False,False,night
2023-01-12 06:00:00,LOC_1,Mixed,423,34.783771890909556,41.36708690029832,2.1506194885482106,15.476935378918338,75.80077631574103,5.717871571582103,1.1313208174510563,6,3,1,12,False,False,morning
2023-01-12 07:00:00,LOC_1,Mixed,423,42.77235811016299,41.36708690029832,2.1506194885482106,9.230200395275588,72.53906058665882,6.727477397235238,0.0,7,3,1,12,False,False,morning
2023-01-12 08:00:00,LOC_1,Mixed,423,54.06063159667697,41.36708690029832,2.1506194885482106,14.264918349054298,73.70338914023962,6.768792982554655,0.0,8,3,1,12,False,False,morning
2023-01-12 09:00:00,LOC_1,Mixed,423,31.322160946941825,41.36708690029832,2.1506194885482106,12.136463853675586,74.16626799575559,7.9828162011843595,0.0,9,3,1,12,False,False,morning
2023-01-12 10:00:00,LOC_1,Mixed,423,44.33258837682891,41.36708690029832,2.1506194885482106,10.659517559454084,76.87576000890961,7.030477036657801,0.0,10,3,1,12,False,False,morning
2023-01-12 11:00:00,LOC_1,Mixed,423,56.46073013929711,41.36708690029832,2.1506194885482106,14.348368935890223,75.76585346545014,6.533140825570513,0.0,11,3,1,12,False,False,morning
2023-01-12 12:00:00,LOC_1,Mixed,423,57.7739532378796,41.36708690029832,2.1506194885482106,14.864848289082703,68.19804218443558,8.32374676511913,0.0,12,3,1,12,False,False,afternoon
2023-01-12 13:00:00,LOC_1,Mixed,423,66.05345067659245,41.36708690029832,2.1506194885482106,14.479231910941813,68.51889570817629,5.726913958133349,0.0,13,3,1,12,False,False,afternoon
2023-01-12 14:00:00,LOC_1,Mixed,423,63.43242881660046,41.36708690029832,2.1506194885482106,17.120396038167517,76.74976805668436,6.66380365857333,0.0,14,3,1,12,False,False,afternoon
2023-01-12 15:00:00,LOC_1,Mixed,423,59.98335735028577,41.36708690029832,2.1506194885482106,17.511289858354097,72.07388174634832,5.523638390827219,0.0,15,3,1,12,False,False,afternoon
2023-01-12 16:00:00,LOC_1,Mixed,423,84.1324119968646,41.36708690029832,2.1506194885482106,19.721885452790485,63.19191682379418,7.618682514758389,0.0,16,3,1,12,False,False,afternoon
2023-01-12 17:00:00,LOC_1,Mixed,423,62.591309396954344,41.36708690029832,2.1506194885482106,21.861673926715124,59.11519223549494,8.15460539094551,0.0,17,3,1,12,False,False,afternoon
2023-01-12 18:00:00,LOC_1,Mixed,423,72.81530472550747,41.36708690029832,2.1506194885482106,24.511066202519252,57.92209149313421,6.241893098912739,0.0,18,3,1,12,False,False,evening
2023-01-12 19:00:00,LOC_1,Mixed,423,81.7272043995855,41.36708690029832,2.1506194885482106,19.369929531162757,59.37646880601916,7.978211309871586,0.0,19,3,1,12,False,False,evening
2023-01-12 20:00:00,LOC_1,Mixed,423,70.55819407703041,41.36708690029832,2.1506194885482106,26.289022955632603,50.840124761367825,6.281245932649707,0.0,20,3,1,12,False,False,evening
2023-01-12 21:00:00,LOC_1,Mixed,423,90.70615001094416,41.36708690029832,2.1506194885482106,17.95543350693957,54.99389910091412,8.138306479839592,0.0,21,3,1,12,False,False,evening
2023-01-12 22:00:00,LOC_1,Mixed,423,59.49273100962837,41.36708690029832,2.1506194885482106,21.063559527266186,48.92282019593735,7.669286250473384,0.0,22,3,1,12,False,False,evening
2023-01-12 23:00:00,LOC_1,Mixed,423,68.40221746267069,41.36708690029832,2.1506194885482106,21.756192693236827,60.836999052491045,7.823525205391303,0.0,23,3,1,12,False,False,evening
2023-01-13 00:00:00,LOC_1,Mixed,423,59.83508702435352,41.36708690029832,2.1506194885482106,20.113028734156256,64.13388970114131,5.464228666538602,0.0,0,4,1,13,False,False,night
2023-01-13 01:00:00,LOC_1,Mixed,423,55.192234620733856,41.36708690029832,2.1506194885482106,17.106760753728516,60.879748101763724,8.300043984793497,0.0,1,4,1,13,False,False,night
2023-01-13 02:00:00,LOC_1,Mixed,423,48.270312574101496,41.36708690029832,2.1506194885482106,16.648838577521822,73.7397676599774,7.593029591858244,0.0,2,4,1,13,False,False,night
2023-01-13 03:00:00,LOC_1,Mixed,423,56.84271138263646,41.36708690029832,2.1506194885482106,14.792003431382998,62.31516108358697,6.328673391401054,0.0,3,4,1,13,False,False,night
2023-01-13 04:00:00,LOC_1,Mixed,423,52.13377599436241,41.36708690029832,2.1506194885482106,13.400387394289169,63.51989178259571,7.90400737621206,0.0,4,4,1,13,False,False,night
2023-01-13 05:00:00,LOC_1,Mixed,423,35.77394615622785,41.36708690029832,2.1506194885482106,15.24980250862901,74.02106246362594,6.261790039348729,0.0,5,4,1,13,False,False,night
2023-01-13 06:00:00,LOC_1,Mixed,423,43.2490994738904,41.36708690029832,2.1506194885482106,13.477050412638386,79.70945263164418,8.036890810624481,0.0,6,4,1,13,False,False,morning
2023-01-13 07:00:00,LOC_1,Mixed,423,33.67686964759516,41.36708690029832,2.1506194885482106,10.884711299934763,83.8785774763772,5.757773095616093,0.0,7,4,1,13,False,False,morning
2023-01-13 08:00:00,LOC_1,Mixed,423,33.20645441934349,41.36708690029832,2.1506194885482106,13.90637145459099,73.49123527820632,7.532492273127285,0.0,8,4,1,13,False,False,morning
2023-01-13 09:00:00,LOC_1,Mixed,423,49.37113260446587,41.36708690029832,2.1506194885482106,12.899152611800156,80.82429702706261,7.044931970233187,0.0,9,4,1,13,False,False,morning
2023-01-13 10:00:00,LOC_1,Mixed,423,36.68001447384299,41.36708690029832,2.1506194885482106,14.416789830353633,74.22532646714504,5.713841932905904,0.0,10,4,1,13,False,False,morning
2023-01-13 11:00:00,LOC_1,Mixed,423,50.84849462492495,41.36708690029832,2.1506194885482106,14.851925208349538,71.95152845129128,6.151321770863528,0.0,11,4,1,13,False,False,morning
2023-01-13 12:00:00,LOC_1,Mixed,423,74.20690389153015,41.36708690029832,2.1506194885482106,12.977219132553813,75.14788137863744,5.464253939711536,0.0,12,4,1,13,False,False,afternoon
2023-01-13 13:00:00,LOC_1,Mixed,423,72.78458505760304,41.36708690029832,2.1506194885482106,14.727758473974898,71.56537328332944,6.8347470523698055,0.0,13,4,1,13,False,False,afternoon
2023-01-13 14:00:00,LOC_1,Mixed,423,87.54496114395145,41.36708690029832,2.1506194885482106,18.64380851352739,57.81959660851702,6.3336400429361746,0.0,14,4,1,13,False,False,afternoon
2023-01-13 15:00:00,LOC_1,Mixed,423,70.09780163433973,41.36708690029832,2.1506194885482106,19.6710614773717,70.48205985561994,7.22631759709171,0.0,15,4,1,13,False,False,afternoon
2023-01-13 16:00:00,LOC_1,Mixed,423,88.43447032557692,41.36708690029832,2.1506194885482106,19.62142584148357,67.57399871191353,6.324359229008225,0.0,16,4,1,13,False,False,afternoon
2023-01-13 17:00:00,LOC_1,Mixed,423,80.29658061701625,41.36708690029832,2.1506194885482106,20.940419897487335,55.46065623071281,6.333803579508361,0.0,17,4,1,13,False,False,afternoon
2023-01-13 18:00:00,LOC_1,Mixed,423,67.4823945141976,41.36708690029832,2.1506194885482106,24.06268911446436,58.964299021412025,7.665026056987874,0.0,18,4,1,13,False,False,evening
2023-01-13 19:00:00,LOC_1,Mixed,423,91.04762391305349,41.36708690029832,2.1506194885482106,20.830718616668634,58.44242814273311,5.581274960514051,0.0,19,4,1,13,False,False,evening
2023-01-13 20:00:00,LOC_1,Mixed,423,89.32191679376137,41.36708690029832,2.1506194885482106,23.285425860464805,56.92090663287007,8.146931205200909,0.0,20,4,1,13,False,False,evening
2023-01-13 21:00:00,LOC_1,Mixed,423,86.12744069407128,41.36708690029832,2.1506194885482106,21.623472632631593,53.19275835577414,7.996437384384353,0.0,21,4,1,13,False,False,evening
2023-01-13 22:00:00,LOC_1,Mixed,423,80.71777467073964,41.36708690029832,2.1506194885482106,21.099989995550594,53.57117835629967,7.444459126295788,0.0,22,4,1,13,False,False,evening
2023-01-13 23:00:00,LOC_1,Mixed,423,63.99250826443652,41.36708690029832,2.1506194885482106,22.94530843551879,58.376720181953964,7.222108875444487,0.0,23,4,1,13,False,False,evening
2023-01-14 00:00:00,LOC_1,Mixed,423,85.96886531210787,41.36708690029832,2.1506194885482106,21.370047828017714,66.42521483621351,8.120750520427288,0.0,0,5,1,14,True,False,night
2023-01-14 01:00:00,LOC_1,Mixed,423,42.47333089903928,41.36708690029832,2.1506194885482106,20.14732279028839,65.67739373639795,6.001232197141045,0.0,1,5,1,14,True,False,night
2023-01-14 02:00:00,LOC_1,Mixed,423,64.02558836662318,41.36708690029832,2.1506194885482106,19.844157924521184,63.68052771914442,5.683547548614991,0.0,2,5,1,14,True,False,night
2023-01-14 03:00:00,LOC_1,Mixed,423,33.05119780571817,41.36708690029832,2.1506194885482106,15.98810363651151,71.96630164674976,6.166568745480333,0.0,3,5,1,14,True,False,night
2023-01-14 04:00:00,LOC_1,Mixed,423,24.27427803014594,41.36708690029832,2.1506194885482106,16.111086837406127,56.26292510721723,7.833171015063811,0.0,4,5,1,14,True,False,night
2023-01-14 05:00:00,LOC_1,Mixed,423,20.616113578755364,41.36708690029832,2.1506194885482106,13.098102035669756,78.30655740414718,5.5548446911373315,3.4444091497533775,5,5,1,14,True,False,night
2023-01-14 06:00:00,LOC_1,Mixed,423,29.237169781055965,41.36708690029832,2.1506194885482106,13.57936254113757,65.43937143378812,7.200651876267045,0.0,6,5,1,14,True,False,morning
2023-01-14 07:00:00,LOC_1,Mixed,423,25.20562279420655,41.36708690029832,2.1506194885482106,12.17822785192118,73.31076737167123,8.439941166994307,0.0,7,5,1,14,True,False,morning
2023-01-14 08:00:00,LOC_1,Mixed,423,15.54081715047275,41.36708690029832,2.1506194885482106,12.46912009223773,69.85139420236469,8.022113913963077,0.0,8,5,1,14,True,False,morning
2023-01-14 09:00:00,LOC_1,Mixed,423,31.672338402035205,41.36708690029832,2.1506194885482106,13.642796981369038,68.62162676040506,7.020759479518879,0.0,9,5,1,14,True,False,morning
2023-01-14 10:00:00,LOC_1,Mixed,423,31.12380670170983,41.36708690029832,2.1506194885482106,11.322526402184593,79.88619839958952,5.648741685374674,0.0,10,5,1,14,True,False,morning
2023-01-14 11:00:00,LOC_1,Mixed,423,26.15652423845789,41.36708690029832,2.1506194885482106,17.945316980997678,70.14040913418702,7.953335810269029,0.0,11,5,1,14,True,False,morning
2023-01-14 12:00:00,LOC_1,Mixed,423,37.52493379531247,41.36708690029832,2.1506194885482106,12.791021939306718,72.12640600404133,7.2575468649928565,0.0,12,5,1,14,True,False,afternoon
2023-01-14 13:00:00,LOC_1,Mixed,423,34.88019407027016,41.36708690029832,2.1506194885482106,13.587563433134424,67.7335157881843,5.806806168023199,0.0,13,5,1,14,True,False,afternoon
2023-01-14 14:00:00,LOC_1,Mixed,423,63.62253660634498,41.36708690029832,2.1506194885482106,19.63323562471823,67.75117638067941,5.7449746300136875,0.0,14,5,1,14,True,False,afternoon
2023-01-14 15:00:00,LOC_1,Mixed,423,51.581735224889854,41.36708690029832,2.1506194885482106,20.201411292641506,63.14793764587,8.193678594150384,0.0,15,5,1,14,True,False,afternoon
2023-01-14 16:00:00,LOC_1,Mixed,423,57.96473024953925,41.36708690029832,2.1506194885482106,21.079205919192333,53.9231063088811,7.4737940458318395,0.0,16,5,1,14,True,False,afternoon
2023-01-14 17:00:00,LOC_1,Mixed,423,80.66818594304152,41.36708690029832,2.1506194885482106,22.130165616245694,63.234384901801434,7.955448536307145,0.0,17,5,1,14,True,False,afternoon
2023-01-14 18:00:00,LOC_1,Mixed,423,89.70293044478616,41.36708690029832,2.1506194885482106,21.650547368932457,54.18113525494086,8.105919479987621,0.0,18,5,1,14,True,False,evening
2023-01-14 19:00:00,LOC_1,Mixed,423,82.39546715799233,41.36708690029832,2.1506194885482106,20.387006281733374,47.85406045729117,7.185694234796906,0.0,19,5,1,14,True,False,evening
2023-01-14 20:00:00,LOC_1,Mixed,423,96.1288417692284,41.36708690029832,2.1506194885482106,22.51046579725183,53.141710833441685,7.024110391438,0.0,20,5,1,14,True,False,evening
2023-01-14 21:00:00,LOC_1,Mixed,423,81.13686736033695,41.36708690029832,2.1506194885482106,20.84113196335307,63.11288818041697,6.764447481949361,0.0,21,5,1,14,True,False,evening
2023-01-14 22:00:00,LOC_1,Mixed,423,86.79960285361193,41.36708690029832,2.1506194885482106,23.65316109763455,60.845265448969364,6.425398685748728,0.0,22,5,1,14,True,False,evening
2023-01-14 23:00:00,LOC_1,Mixed,423,66.70241988661421,41.36708690029832,2.1506194885482106,20.6211808910426,56.42614801986694,6.7797402321989635,0.0,23,5,1,14,True,False,evening
2023-01-15 00:00:00,LOC_1,Mixed,423,66.07700588920427,41.36708690029832,2.1506194885482106,18.235733266474476,58.48025615828886,7.798984499202369,0.0,0,6,1,15,True,False,night
2023-01-15 01:00:00,LOC_1,Mixed,423,70.65281248024216,41.36708690029832,2.1506194885482106,18.04501588633587,61.016249604629365,7.284508761871246,0.0,1,6,1,15,True,False,night
2023-01-15 02:00:00,LOC_1,Mixed,423,48.92430979169528,41.36708690029832,2.1506194885482106,18.2265187052916,75.5824283243235,8.157701029212609,0.37669993602088275,2,6,1,15,True,False,night
2023-01-15 03:00:00,LOC_1,Mixed,423,57.3664963106505,41.36708690029832,2.1506194885482106,14.986073683189817,69.68263168356224,6.811663645999637,0.0,3,6,1,15,True,False,night
2023-01-15 04:00:00,LOC_1,Mixed,423,40.59002800998002,41.36708690029832,2.1506194885482106,13.270138202124672,72.32105024944028,7.304184534807769,0.3169504858103928,4,6,1,15,True,False,night
2023-01-15 05:00:00,LOC_1,Mixed,423,41.64196954569997,41.36708690029832,2.1506194885482106,14.373379247051785,77.3794076220233,7.378230405276106,0.0,5,6,1,15,True,False,night
2023-01-15 06:00:00,LOC_1,Mixed,423,29.333861087928003,41.36708690029832,2.1506194885482106,13.588303344254609,74.99720539105823,7.260790931110847,0.0,6,6,1,15,True,False,morning
2023-01-15 07:00:00,LOC_1,Mixed,423,23.722591075053213,41.36708690029832,2.1506194885482106,11.591938980366043,73.49313860867989,7.594992211767278,0.0,7,6,1,15,True,False,morning
2023-01-15 08:00:00,LOC_1,Mixed,423,42.99909363167879,41.36708690029832,2.1506194885482106,11.500333839967693,74.13342985216643,6.200782495365286,0.0,8,6,1,15,True,False,morning
2023-01-15 09:00:00,LOC_1,Mixed,423,26.39665536129712,41.36708690029832,2.1506194885482106,13.083835926602793,74.40252159915465,7.026964369303944,0.0,9,6,1,15,True,False,morning
2023-01-15 10:00:00,LOC_1,Mixed,423,19.62409671421134,41.36708690029832,2.1506194885482106,10.230022953444445,73.5615055445726,5.8039381394972995,0.0,10,6,1,15,True,False,morning
2023-01-15 11:00:00,LOC_1,Mixed,423,51.00399137069033,41.36708690029832,2.1506194885482106,11.112809409026479,75.78267380262571,6.646188155676903,0.0,11,6,1,15,True,False,morning
2023-01-15 12:00:00,LOC_1,Mixed,423,26.409405779848072,41.36708690029832,2.1506194885482106,13.533333362304484,70.31928581941779,6.9570455668256646,0.0,12,6,1,15,True,False,afternoon
2023-01-15 13:00:00,LOC_1,Mixed,423,48.90376476524638,41.36708690029832,2.1506194885482106,15.756181946140092,71.29704788695032,7.452107073651694,0.3396006046120076,13,6,1,15,True,False,afternoon
2023-01-15 14:00:00,LOC_1,Mixed,423,44.355478511469414,41.36708690029832,2.1506194885482106,18.10593500213411,64.62817735758088,8.348417131946231,0.0,14,6,1,15,True,False,afternoon
2023-01-15 15:00:00,LOC_1,Mixed,423,54.933172569902865,41.36708690029832,2.1506194885482106,21.735874648231526,62.8228515229156,7.3001665974090315,0.0,15,6,1,15,True,False,afternoon
2023-01-15 16:00:00,LOC_1,Mixed,423,41.08979143151477,41.36708690029832,2.1506194885482106,21.713332071551577,50.01297092704439,7.7303843135591865,0.0,16,6,1,15,True,False,afternoon
2023-01-15 17:00:00,LOC_1,Mixed,423,52.58179117689038,41.36708690029832,2.1506194885482106,20.720614222353777,62.50065580895115,7.019789653755187,0.0,17,6,1,15,True,False,afternoon
2023-01-15 18:00:00,LOC_1,Mixed,423,65.6203877311674,41.36708690029832,2.1506194885482106,21.80399524196501,58.0483870639492,7.404692221898633,0.0,18,6,1,15,True,False,evening
2023-01-15 19:00:00,LOC_1,Mixed,423,91.79170170415463,41.36708690029832,2.1506194885482106,20.343413011246135,60.29310706825475,5.716565170216603,0.0,19,6,1,15,True,False,evening
2023-01-15 20:00:00,LOC_1,Mixed,423,98.85521664392004,41.36708690029832,2.1506194885482106,22.48875701147641,40.46715654210918,6.268331399217778,0.0,20,6,1,15,True,False,evening
2023-01-15 21:00:00,LOC_1,Mixed,423,67.31884856996757,41.36708690029832,2.1506194885482106,21.785034512036876,65.71716994414933,6.5921038113017785,0.0,21,6,1,15,True,False,evening
2023-01-15 22:00:00,LOC_1,Mixed,423,81.71066143651356,41.36708690029832,2.1506194885482106,22.515224870016635,55.562476360543215,6.925412211103193,0.0,22,6,1,15,True,False,evening
2023-01-15 23:00:00,LOC_1,Mixed,423,68.4265169400894,41.36708690029832,2.1506194885482106,19.42766951467927,63.376651280119745,5.646265735677387,0.0,23,6,1,15,True,False,evening
2023-01-16 00:00:00,LOC_1,Mixed,423,59.46598472321356,41.36708690029832,2.1506194885482106,21.092225979644216,54.693404462048605,5.930778882892327,0.0,0,0,1,16,False,False,night
2023-01-16 01:00:00,LOC_1,Mixed,423,44.03296970162721,41.36708690029832,2.1506194885482106,21.92004014430008,65.35474488872299,6.342536341930383,0.0,1,0,1,16,False,False,night
2023-01-16 02:00:00,LOC_1,Mixed,423,50.113228987455415,41.36708690029832,2.1506194885482106,17.349879620231494,59.5981223498413,8.428078056132193,0.0,2,0,1,16,False,False,night
2023-01-16 03:00:00,LOC_1,Mixed,423,33.84128924388904,41.36708690029832,2.1506194885482106,17.08365963936913,64.32068280617848,6.508907305445923,0.0,3,0,1,16,False,False,night
2023-01-16 04:00:00,LOC_1,Mixed,423,32.63504224473316,41.36708690029832,2.1506194885482106,16.461549583254513,79.40763356966936,6.962375494302705,1.0701137519038946,4,0,1,16,False,False,night
2023-01-16 05:00:00,LOC_1,Mixed,423,52.68366448221412,41.36708690029832,2.1506194885482106,13.250215601320798,70.94127490599833,6.1059312284202205,0.0,5,0,1,16,False,False,night
2023-01-16 06:00:00,LOC_1,Mixed,423,46.302208936454434,41.36708690029832,2.1506194885482106,13.713175915396638,74.557182462347,7.351363807366904,0.0,6,0,1,16,False,False,morning
2023-01-16 07:00:00,LOC_1,Mixed,423,51.71252955786986,41.36708690029832,2.1506194885482106,12.797599825404976,78.805508605761,6.362458477605268,0.0,7,0,1,16,False,False,morning
2023-01-16 08:00:00,LOC_1,Mixed,423,44.503744480655826,41.36708690029832,2.1506194885482106,12.804321198325818,77.26047143740672,6.142771535560911,0.0,8,0,1,16,False,False,morning
2023-01-16 09:00:00,LOC_1,Mixed,423,52.41615990863355,41.36708690029832,2.1506194885482106,11.240243805803443,75.17956777868913,7.072896386329881,1.7518720986755771,9,0,1,16,False,False,morning
2023-01-16 10:00:00,LOC_1,Mixed,423,50.72493190858394,41.36708690029832,2.1506194885482106,13.341707992515252,75.23942972433639,5.541080330065174,0.0,10,0,1,16,False,False,morning
2023-01-16 11:00:00,LOC_1,Mixed,423,55.63700768124551,41.36708690029832,2.1506194885482106,15.090198148104665,83.82867479496385,5.548939192256977,0.11032226937987565,11,0,1,16,False,False,morning
2023-01-16 12:00:00,LOC_1,Mixed,423,53.475048854925824,41.36708690029832,2.1506194885482106,18.038942142870155,69.43859616027193,6.184537412761588,0.0,12,0,1,16,False,False,afternoon
2023-01-16 13:00:00,LOC_1,Mixed,423,54.232093652549864,41.36708690029832,2.1506194885482106,18.268019453218294,68.30653963147908,5.63887869281456,0.0,13,0,1,16,False,False,afternoon
2023-01-16 14:00:00,LOC_1,Mixed,423,79.6707666881771,41.36708690029832,2.1506194885482106,21.956854680851766,69.95229244838076,5.854175215557804,0.0,14,0,1,16,False,False,afternoon
2023-01-16 15:00:00,LOC_1,Mixed,423,95.75052862464084,41.36708690029832,2.1506194885482106,17.416805241262697,67.62462893071233,6.548062976321493,0.0,15,0,1,16,False,False,afternoon
2023-01-16 16:00:00,LOC_1,Mixed,423,81.68081588345179,41.36708690029832,2.1506194885482106,21.908960423536783,65.60651322761106,7.940620868758524,0.0,16,0,1,16,False,False,afternoon
2023-01-16 17:00:00,LOC_1,Mixed,423,94.71002976566318,41.36708690029832,2.1506194885482106,21.573449705388807,60.780119722321714,7.250392287703776,0.0,17,0,1,16,False,False,afternoon
2023-01-16 18:00:00,LOC_1,Mixed,423,75.13773982730224,41.36708690029832,2.1506194885482106,26.38787593697928,50.26843529525971,7.073631788193598,0.0,18,0,1,16,False,False,evening
2023-01-16 19:00:00,LOC_1,Mixed,423,75.54619063794537,41.36708690029832,2.1506194885482106,20.898085498202022,63.13779352368083,6.417477057117762,0.0,19,0,1,16,False,False,evening
2023-01-16 20:00:00,LOC_1,Mixed,423,83.88512773262569,41.36708690029832,2.1506194885482106,21.012517757598687,48.88435015098608,8.333653446690496,0.0,20,0,1,16,False,False,evening
2023-01-16 21:00:00,LOC_1,Mixed,423,70.38419076269017,41.36708690029832,2.1506194885482106,21.329712402104647,56.45618194020979,6.730818836021045,0.0,21,0,1,16,False,False,evening
2023-01-16 22:00:00,LOC_1,Mixed,423,78.62066474098826,41.36708690029832,2.1506194885482106,17.788109862977464,52.156818126709055,5.802433158922291,0.0,22,0,1,16,False,False,evening
2023-01-16 23:00:00,LOC_1,Mixed,423,85.17113950396762,41.36708690029832,2.1506194885482106,20.19670249436134,57.182883191589326,7.393735274711428,0.0,23,0,1,16,False,False,evening
2023-01-17 00:00:00,LOC_1,Mixed,423,70.5800016204675,41.36708690029832,2.1506194885482106,18.70131625223366,61.204648900835295,5.885431495498015,0.0,0,1,1,17,False,False,night
2023-01-17 01:00:00,LOC_1,Mixed,423,58.10767866345964,41.36708690029832,2.1506194885482106,19.32136591824142,63.565629386673365,6.580966052360356,0.0,1,1,1,17,False,False,night
2023-01-17 02:00:00,LOC_1,Mixed,423,66.51425770799285,41.36708690029832,2.1506194885482106,18.416895213099902,66.64283724808526,7.0689124684625435,0.0,2,1,1,17,False,False,night
2023-01-17 03:00:00,LOC_1,Mixed,423,35.78639397954772,41.36708690029832,2.1506194885482106,20.198528450017932,75.1761828021209,8.170723973475281,0.0,3,1,1,17,False,False,night
2023-01-17 04:00:00,LOC_1,Mixed,423,55.269365741770194,41.36708690029832,2.1506194885482106,17.148026999258924,71.77331286179626,7.0300756055977205,1.7078240804053528,4,1,1,17,False,False,night
2023-01-17 05:00:00,LOC_1,Mixed,423,36.97890551270466,41.36708690029832,2.1506194885482106,13.064734018103808,70.34213416468953,7.657591345167263,4.108476337871201,5,1,1,17,False,False,night
2023-01-17 06:00:00,LOC_1,Mixed,423,50.25142645041601,41.36708690029832,2.1506194885482106,11.634013369355776,77.9587504173368,8.530644463192148,0.0,6,1,1,17,False,False,morning
2023-01-17 07:00:00,LOC_1,Mixed,423,25.188230837879043,41.36708690029832,2.1506194885482106,13.92207201774756,80.07088509515411,5.948039920929922,0.0,7,1,1,17,False,False,morning
2023-01-17 08:00:00,LOC_1,Mixed,423,56.35584813061173,41.36708690029832,2.1506194885482106,10.134288043389457,68.31245200945355,6.379145468044707,0.0,8,1,1,17,False,False,morning
2023-01-17 09:00:00,LOC_1,Mixed,423,35.88269861282959,41.36708690029832,2.1506194885482106,16.61493308144514,77.08296924977643,6.740057163029294,0.0,9,1,1,17,False,False,morning
2023-01-17 10:00:00,LOC_1,Mixed,423,43.7232646918368,41.36708690029832,2.1506194885482106,15.817286696408614,76.5890508016224,6.823191230394141,0.0,10,1,1,17,False,False,morning
2023-01-17 11:00:00,LOC_1,Mixed,423,33.4388535319257,41.36708690029832,2.1506194885482106,13.321535621863973,69.99240863105327,6.792147392197862,0.0,11,1,1,17,False,False,morning
2023-01-17 12:00:00,LOC_1,Mixed,423,40.168393579737575,41.36708690029832,2.1506194885482106,11.876037693810407,76.27392056257378,8.283294358068098,0.0,12,1,1,17,False,False,afternoon
2023-01-17 13:00:00,LOC_1,Mixed,423,78.92441794565715,41.36708690029832,2.1506194885482106,19.22284075312205,66.21953005525492,7.703936179461334,0.612358279543819,13,1,1,17,False,False,afternoon
2023-01-17 14:00:00,LOC_1,Mixed,423,68.3106321300615,41.36708690029832,2.1506194885482106,17.586994572894096,64.99573374055906,7.386930494951978,0.0,14,1,1,17,False,False,afternoon
2023-01-17 15:00:00,LOC_1,Mixed,423,69.89331873746282,41.36708690029832,2.1506194885482106,21.59268369719716,60.900538732080186,6.492709323135872,0.0,15,1,1,17,False,False,afternoon
2023-01-17 16:00:00,LOC_1,Mixed,423,71.90154812201686,41.36708690029832,2.1506194885482106,17.14098066218969,59.41822327835049,8.037338348619569,0.0,16,1,1,17,False,False,afternoon
2023-01-17 17:00:00,LOC_1,Mixed,423,88.46672068751838,41.36708690029832,2.1506194885482106,20.173498516007353,51.774127441694205,8.4325244656514,0.0,17,1,1,17,False,False,afternoon
2023-01-17 18:00:00,LOC_1,Mixed,423,80.89677491154451,41.36708690029832,2.1506194885482106,22.184206291168596,48.45230780356407,8.032313222212686,0.0,18,1,1,17,False,False,evening
2023-01-17 19:00:00,LOC_1,Mixed,423,65.57378200009826,41.36708690029832,2.1506194885482106,22.77405794569882,62.61233179978618,5.574788840919219,0.0,19,1,1,17,False,False,evening
2023-01-17 20:00:00,LOC_1,Mixed,423,86.47497370543256,41.36708690029832,2.1506194885482106,21.95721097122826,50.050509430034865,7.480672493387571,0.0,20,1,1,17,False,False,evening
2023-01-17 21:00:00,LOC_1,Mixed,423,88.43135089347986,41.36708690029832,2.1506194885482106,23.939543727802082,49.65535052650429,5.726249090658651,0.0,21,1,1,17,False,False,evening
2023-01-17 22:00:00,LOC_1,Mixed,423,75.31292963688368,41.36708690029832,2.1506194885482106,20.065972235770197,44.830623242910654,6.347038876123804,0.0,22,1,1,17,False,False,evening
2023-01-17 23:00:00,LOC_1,Mixed,423,59.15106690299597,41.36708690029832,2.1506194885482106,21.128730878396215,53.978211564674886,5.754165289544528,0.0,23,1,1,17,False,False,evening
2023-01-18 00:00:00,LOC_1,Mixed,423,54.45706966279583,41.36708690029832,2.1506194885482106,20.62541559222989,52.614902375350326,7.388351224609381,0.0,0,2,1,18,False,False,night
2023-01-18 01:00:00,LOC_1,Mixed,423,57.31533116118219,41.36708690029832,2.1506194885482106,20.21466412460986,69.83850288769712,7.638107986673772,0.0,1,2,1,18,False,False,night
2023-01-18 02:00:00,LOC_1,Mixed,423,53.94833683723251,41.36708690029832,2.1506194885482106,19.321786401672103,69.25197215572453,5.923174243296581,0.0,2,2,1,18,False,False,night
2023-01-18 03:00:00,LOC_1,Mixed,423,56.51666543432992,41.36708690029832,2.1506194885482106,14.362041159629467,63.336597587500975,6.7326007628985005,0.0,3,2,1,18,False,False,night
2023-01-18 04:00:00,LOC_1,Mixed,423,17.42492665350874,41.36708690029832,2.1506194885482106,12.344054655947755,80.43761303188354,6.951166126350426,0.0,4,2,1,18,False,False,night
2023-01-18 05:00:00,LOC_1,Mixed,423,52.52970673957269,41.36708690029832,2.1506194885482106,16.93896366563173,76.14160739128855,6.690987850836239,0.0,5,2,1,18,False,False,night
2023-01-18 06:00:00,LOC_1,Mixed,423,32.720518613427956,41.36708690029832,2.1506194885482106,14.260504361370474,71.1840904076343,5.948275672722276,0.0,6,2,1,18,False,False,morning
2023-01-18 07:00:00,LOC_1,Mixed,423,46.64510980505239,41.36708690029832,2.1506194885482106,11.606259075029762,61.29650712934641,6.843415626480067,0.0,7,2,1,18,False,False,morning
2023-01-18 08:00:00,LOC_1,Mixed,423,44.41400128034695,41.36708690029832,2.1506194885482106,16.042021645048536,85.57527747494672,7.8414776822259515,0.0,8,2,1,18,False,False,morning
2023-01-18 09:00:00,LOC_1,Mixed,423,30.801123651021996,41.36708690029832,2.1506194885482106,13.348292733192359,66.81825073696874,5.802337512810163,0.0,9,2,1,18,False,False,morning
2023-01-18 10:00:00,LOC_1,Mixed,423,73.84344099354738,41.36708690029832,2.1506194885482106,15.981893331412575,64.5264083386457,5.831225238687133,1.7351349921511565,10,2,1,18,False,False,morning
2023-01-18 11:00:00,LOC_1,Mixed,423,56.40577529125474,41.36708690029832,2.1506194885482106,14.55978090583057,76.2633642740275,6.656369445296571,0.0,11,2,1,18,False,False,morning
2023-01-18 12:00:00,LOC_1,Mixed,423,72.36995185676605,41.36708690029832,2.1506194885482106,19.58862404249888,81.26450564622655,8.418602773403755,0.0,12,2,1,18,False,False,afternoon
2023-01-18 13:00:00,LOC_1,Mixed,423,58.98352122422021,41.36708690029832,2.1506194885482106,20.190563469432128,73.56160052346117,7.600513342180406,0.0,13,2,1,18,False,False,afternoon
2023-01-18 14:00:00,LOC_1,Mixed,423,64.9432018237648,41.36708690029832,2.1506194885482106,17.48289600043176,66.85789700548199,7.632174729495676,0.0,14,2,1,18,False,False,afternoon
2023-01-18 15:00:00,LOC_1,Mixed,423,72.44491292821851,41.36708690029832,2.1506194885482106,21.22490717862832,64.41024115488722,6.683293982754996,0.0,15,2,1,18,False,False,afternoon
2023-01-18 16:00:00,LOC_1,Mixed,423,74.08230268775982,41.36708690029832,2.1506194885482106,21.78526616715805,63.27804925792603,7.379885227223166,0.0,16,2,1,18,False,False,afternoon
2023-01-18 17:00:00,LOC_1,Mixed,423,98.61450195167993,41.36708690029832,2.1506194885482106,24.2741539652085,60.720861248646216,5.630664940925444,0.0,17,2,1,18,False,False,afternoon
2023-01-18 18:00:00,LOC_1,Mixed,423,94.74760972513351,41.36708690029832,2.1506194885482106,20.40847817411866,56.729306929289145,7.509927754499961,0.0,18,2,1,18,False,False,evening
2023-01-18 19:00:00,LOC_1,Mixed,423,87.28920222934924,41.36708690029832,2.1506194885482106,24.2167697123473,54.83167193505853,8.342868374909727,0.0,19,2,1,18,False,False,evening
2023-01-18 20:00:00,LOC_1,Mixed,423,88.98391184508012,41.36708690029832,2.1506194885482106,25.138724668036772,53.64328297182719,7.442095543901978,0.0,20,2,1,18,False,False,evening
2023-01-18 21:00:00,LOC_1,Mixed,423,56.62850855404496,41.36708690029832,2.1506194885482106,19.340862331735444,50.51349444650327,8.226838215026302,0.0,21,2,1,18,False,False,evening
2023-01-18 22:00:00,LOC_1,Mixed,423,57.10275341618867,41.36708690029832,2.1506194885482106,19.99915708737483,53.86527639025337,7.7790285851551175,0.0,22,2,1,18,False,False,evening
2023-01-18 23:00:00,LOC_1,Mixed,423,55.91111246909024,41.36708690029832,2.1506194885482106,17.499450003177405,48.379387211627865,5.970151339764044,0.0,23,2,1,18,False,False,evening
2023-01-19 00:00:00,LOC_1,Mixed,423,60.908612369632806,41.36708690029832,2.1506194885482106,20.010398577673776,58.40987737290047,8.317202371170104,0.0,0,3,1,19,False,False,night
2023-01-19 01:00:00,LOC_1,Mixed,423,53.817788442882794,41.36708690029832,2.1506194885482106,20.785222208768097,56.35676906989307,5.810540027400038,0.0,1,3,1,19,False,False,night
2023-01-19 02:00:00,LOC_1,Mixed,423,44.73282382957784,41.36708690029832,2.1506194885482106,21.067585228745084,58.35631116481509,7.2144766425538975,0.0,2,3,1,19,False,False,night
2023-01-19 03:00:00,LOC_1,Mixed,423,38.976553101438874,41.36708690029832,2.1506194885482106,16.923792537045145,67.3482648033562,6.040351011724013,0.0,3,3,1,19,False,False,night
2023-01-19 04:00:00,LOC_1,Mixed,423,48.45823182840221,41.36708690029832,2.1506194885482106,18.833754790789406,75.80696403242933,5.650424572122077,0.0,4,3,1,19,False,False,night
2023-01-19 05:00:00,LOC_1,Mixed,423,42.270343428794824,41.36708690029832,2.1506194885482106,11.787610792464939,75.49595561222212,6.88277230334841,0.0,5,3,1,19,False,False,night
2023-01-19 06:00:00,LOC_1,Mixed,423,49.38020450342757,41.36708690029832,2.1506194885482106,10.35327804611697,64.62741113222955,6.5031561117123635,0.9488031683082929,6,3,1,19,False,False,morning
2023-01-19 07:00:00,LOC_1,Mixed,423,27.924773332541907,41.36708690029832,2.1506194885482106,13.156266153664477,68.51713621423289,7.07739961797342,0.0,7,3,1,19,False,False,morning
2023-01-19 08:00:00,LOC_1,Mixed,423,48.963860559285536,41.36708690029832,2.1506194885482106,13.871940726657813,78.49623628238268,7.352361625959492,0.0,8,3,1,19,False,False,morning
2023-01-19 09:00:00,LOC_1,Mixed,423,40.226411149411874,41.36708690029832,2.1506194885482106,13.215608750236214,68.52556653945966,5.75334269250079,0.0,9,3,1,19,False,False,morning
2023-01-19 10:00:00,LOC_1,Mixed,423,62.91352349414296,41.36708690029832,2.1506194885482106,9.652432107665367,71.30220163452464,5.992498550704699,0.0,10,3,1,19,False,False,morning
2023-01-19 11:00:00,LOC_1,Mixed,423,60.65023373029055,41.36708690029832,2.1506194885482106,14.410483686707076,73.57281296365746,7.3007787236843535,0.0,11,3,1,19,False,False,morning
2023-01-19 12:00:00,LOC_1,Mixed,423,74.74948938227126,41.36708690029832,2.1506194885482106,13.02213140834856,63.896136906965296,6.655716141389627,0.0,12,3,1,19,False,False,afternoon
2023-01-19 13:00:00,LOC_1,Mixed,423,78.79294610252099,41.36708690029832,2.1506194885482106,18.18313140838853,66.8393049092729,7.815096769896555,0.0,13,3,1,19,False,False,afternoon
2023-01-19 14:00:00,LOC_1,Mixed,423,74.86063847879856,41.36708690029832,2.1506194885482106,18.877887541003407,57.04049042778956,7.585813155537762,0.0,14,3,1,19,False,False,afternoon
2023-01-19 15:00:00,LOC_1,Mixed,423,76.32177714390258,41.36708690029832,2.1506194885482106,17.565834596418906,58.1019734420967,8.167112877681923,0.0,15,3,1,19,False,False,afternoon
2023-01-19 16:00:00,LOC_1,Mixed,423,76.5164706353761,41.36708690029832,2.1506194885482106,19.63057138231918,60.28229923672755,7.709139523406189,0.0,16,3,1,19,False,False,afternoon
2023-01-19 17:00:00,LOC_1,Mixed,423,93.31624382908008,41.36708690029832,2.1506194885482106,19.582216727757658,48.63374378927053,6.922815205291009,0.0,17,3,1,19,False,False,afternoon
2023-01-19 18:00:00,LOC_1,Mixed,423,70.29262973841827,41.36708690029832,2.1506194885482106,22.376681710266908,57.19829388017549,7.653282444361509,0.0,18,3,1,19,False,False,evening
2023-01-19 19:00:00,LOC_1,Mixed,423,78.99417970384289,41.36708690029832,2.1506194885482106,24.918628046805217,53.885124193761115,6.461886377637735,0.0,19,3,1,19,False,False,evening
2023-01-19 20:00:00,LOC_1,Mixed,423,87.84506308874633,41.36708690029832,2.1506194885482106,21.21406193483171,56.39142171708014,6.556043301835198,0.0,20,3,1,19,False,False,evening
2023-01-19 21:00:00,LOC_1,Mixed,423,90.49408826549038,41.36708690029832,2.1506194885482106,24.030034304310085,55.07568812377451,8.00541790812819,0.0,21,3,1,19,False,False,evening
2023-01-19 22:00:00,LOC_1,Mixed,423,81.8456091037646,41.36708690029832,2.1506194885482106,21.46872039601613,61.7622308843472,6.97908027197251,0.0,22,3,1,19,False,False,evening
2023-01-19 23:00:00,LOC_1,Mixed,423,74.32693422220001,41.36708690029832,2.1506194885482106,20.15569168144362,57.14324782130292,8.03632170956217,0.0,23,3,1,19,False,False,evening
2023-01-20 00:00:00,LOC_1,Mixed,423,66.90387857048175,41.36708690029832,2.1506194885482106,20.498635897014527,56.42757906052645,8.109806444389564,0.0,0,4,1,20,False,False,night
2023-01-20 01:00:00,LOC_1,Mixed,423,42.87816514054699,41.36708690029832,2.1506194885482106,17.443098721682084,61.58432078211976,8.216584641185497,0.0,1,4,1,20,False,False,night
2023-01-20 02:00:00,LOC_1,Mixed,423,42.45045711711547,41.36708690029832,2.1506194885482106,17.11897939810099,66.26393412759123,8.395161309282694,0.0,2,4,1,20,False,False,night
2023-01-20 03:00:00,LOC_1,Mixed,423,54.82335888425472,41.36708690029832,2.1506194885482106,14.543215206101605,66.36635836906991,6.9395689048982705,0.0,3,4,1,20,False,False,night
2023-01-20 04:00:00,LOC_1,Mixed,423,24.80255233939989,41.36708690029832,2.1506194885482106,19.669303027338405,68.72325293300815,6.604571007264542,0.0,4,4,1,20,False,False,night
2023-01-20 05:00:00,LOC_1,Mixed,423,39.10304903155168,41.36708690029832,2.1506194885482106,14.781630837455827,67.06783409394147,7.395923767671364,0.0,5,4,1,20,False,False,night
2023-01-20 06:00:00,LOC_1,Mixed,423,43.34175387610264,41.36708690029832,2.1506194885482106,12.523842812212436,68.83890775585004,6.764201439736843,0.0,6,4,1,20,False,False,morning
2023-01-20 07:00:00,LOC_1,Mixed,423,37.98041852035377,41.36708690029832,2.1506194885482106,13.858533071063128,66.12582714181217,7.455262976608703,0.0,7,4,1,20,False,False,morning
2023-01-20 08:00:00,LOC_1,Mixed,423,42.84861247911216,41.36708690029832,2.1506194885482106,13.042326138335282,82.2139192405008,7.770154035474862,0.0,8,4,1,20,False,False,morning
2023-01-20 09:00:00,LOC_1,Mixed,423,47.209344611555174,41.36708690029832,2.1506194885482106,13.002192083150808,66.89242125860908,7.719967138208929,0.0,9,4,1,20,False,False,morning
2023-01-20 10:00:00,LOC_1,Mixed,423,57.5772946989323,41.36708690029832,2.1506194885482106,15.17874328655454,68.63465423808509,6.779766042138341,0.0,10,4,1,20,False,False,morning
2023-01-20 11:00:00,LOC_1,Mixed,423,45.180096615242746,41.36708690029832,2.1506194885482106,16.266793223574446,66.90440806519433,6.158042946978774,0.0,11,4,1,20,False,False,morning
2023-01-20 12:00:00,LOC_1,Mixed,423,68.0659597732563,41.36708690029832,2.1506194885482106,14.733082527024248,72.8864522402316,6.950404979835683,0.0,12,4,1,20,False,False,afternoon
2023-01-20 13:00:00,LOC_1,Mixed,423,74.761670925851,41.36708690029832,2.1506194885482106,15.85512453360161,64.51172957875792,6.08795368032644,0.0,13,4,1,20,False,False,afternoon
2023-01-20 14:00:00,LOC_1,Mixed,423,76.13752459338228,41.36708690029832,2.1506194885482106,17.757522566100473,69.62345844256114,8.331816297632177,2.1731525955061657,14,4,1,20,False,False,afternoon
2023-01-20 15:00:00,LOC_1,Mixed,423,86.69661320767294,41.36708690029832,2.1506194885482106,15.004646874804553,57.41556847022921,6.700511177966196,0.0,15,4,1,20,False,False,afternoon
2023-01-20 16:00:00,LOC_1,Mixed,423,82.94789104554472,41.36708690029832,2.1506194885482106,17.79077816760267,59.75265022711946,6.127611300069926,0.0,16,4,1,20,False,False,afternoon
2023-01-20 17:00:00,LOC_1,Mixed,423,86.615572279324,41.36708690029832,2.1506194885482106,24.597207337454517,52.09634712857028,5.7419282590437986,0.0,17,4,1,20,False,False,afternoon
2023-01-20 18:00:00,LOC_1,Mixed,423,91.67076714244138,41.36708690029832,2.1506194885482106,25.95475023510663,65.39611602265882,7.604404716695826,0.0,18,4,1,20,False,False,evening
2023-01-20 19:00:00,LOC_1,Mixed,423,69.96287971687649,41.36708690029832,2.1506194885482106,22.673006018500537,47.71985170962585,7.57899674559782,0.0,19,4,1,20,False,False,evening
2023-01-20 20:00:00,LOC_1,Mixed,423,75.33770667990557,41.36708690029832,2.1506194885482106,24.501322350224157,54.85268670290989,6.6914541845664,0.0,20,4,1,20,False,False,evening
2023-01-20 21:00:00,LOC_1,Mixed,423,66.84821422085365,41.36708690029832,2.1506194885482106,23.807095600070834,56.79969382269297,5.886128898450637,0.0,21,4,1,20,False,False,evening
2023-01-20 22:00:00,LOC_1,Mixed,423,56.095594528873406,41.36708690029832,2.1506194885482106,28.849610804801422,56.6852971114756,6.901231118479446,0.0,22,4,1,20,False,False,evening
2023-01-20 23:00:00,LOC_1,Mixed,423,44.36536520979272,41.36708690029832,2.1506194885482106,24.14316017772981,55.26554099589014,6.607347774975765,0.0,23,4,1,20,False,False,evening
2023-01-21 00:00:00,LOC_1,Mixed,423,66.24868136326407,41.36708690029832,2.1506194885482106,20.6193938129796,57.600438509450605,7.706407718393255,0.0,0,5,1,21,True,False,night
2023-01-21 01:00:00,LOC_1,Mixed,423,67.80187384774862,41.36708690029832,2.1506194885482106,17.764994150846213,60.86690729580142,7.493733709664964,0.0,1,5,1,21,True,False,night
2023-01-21 02:00:00,LOC_1,Mixed,423,59.50570491998213,41.36708690029832,2.1506194885482106,15.175836236719748,62.48753223738777,6.771526960039599,0.0,2,5,1,21,True,False,night
2023-01-21 03:00:00,LOC_1,Mixed,423,43.44161446445584,41.36708690029832,2.1506194885482106,17.508308250792137,70.61663362585917,6.33277290367903,0.0,3,5,1,21,True,False,night
2023-01-21 04:00:00,LOC_1,Mixed,423,27.449660932848285,41.36708690029832,2.1506194885482106,14.38952029450084,79.24817143781786,8.644552255480663,0.0,4,5,1,21,True,False,night
2023-01-21 05:00:00,LOC_1,Mixed,423,33.12749387289388,41.36708690029832,2.1506194885482106,12.028924290133922,67.46567765630229,7.0437979866407465,0.0,5,5,1,21,True,False,night
2023-01-21 06:00:00,LOC_1,Mixed,423,24.01870737272128,41.36708690029832,2.1506194885482106,12.792434904271307,64.97982375659188,7.747964245676423,0.0,6,5,1,21,True,False,morning
2023-01-21 07:00:00,LOC_1,Mixed,423,27.426754722883445,41.36708690029832,2.1506194885482106,11.429722872176427,72.3729519994333,6.106148504905194,0.0,7,5,1,21,True,False,morning
2023-01-21 08:00:00,LOC_1,Mixed,423,16.527382024771715,41.36708690029832,2.1506194885482106,16.803469839455524,86.0401735496508,7.142606412840272,2.465818778071359,8,5,1,21,True,False,morning
2023-01-21 09:00:00,LOC_1,Mixed,423,25.905600839158865,41.36708690029832,2.1506194885482106,15.369573746044907,68.76903869585934,5.7697948323266655,0.0,9,5,1,21,True,False,morning
2023-01-21 10:00:00,LOC_1,Mixed,423,14.2417782891352,41.36708690029832,2.1506194885482106,14.096586088672172,79.97052128460952,7.204897031776871,0.0,10,5,1,21,True,False,morning
2023-01-21 11:00:00,LOC_1,Mixed,423,30.63741884352085,41.36708690029832,2.1506194885482106,17.873746017601576,78.56078859073915,8.581930550503959,0.0,11,5,1,21,True,False,morning
2023-01-21 12:00:00,LOC_1,Mixed,423,39.10309586578625,41.36708690029832,2.1506194885482106,16.110859742002567,65.31981253804537,6.843844764298868,0.7217430582178053,12,5,1,21,True,False,afternoon
2023-01-21 13:00:00,LOC_1,Mixed,423,30.22373688965833,41.36708690029832,2.1506194885482106,15.446189201454612,68.5074001877041,5.809558603649483,0.0,13,5,1,21,True,False,afternoon
2023-01-21 14:00:00,LOC_1,Mixed,423,56.88130954583337,41.36708690029832,2.1506194885482106,21.51582890558064,71.20282161356003,5.786783522966296,0.0,14,5,1,21,True,False,afternoon
2023-01-21 15:00:00,LOC_1,Mixed,423,71.11558460639888,41.36708690029832,2.1506194885482106,20.84822220038076,58.56355706903968,6.859221657340377,0.0,15,5,1,21,True,False,afternoon
2023-01-21 16:00:00,LOC_1,Mixed,423,55.10315577894684,41.36708690029832,2.1506194885482106,18.90853892688304,57.016035728416284,6.176681056496773,0.0,16,5,1,21,True,False,afternoon
2023-01-21 17:00:00,LOC_1,Mixed,423,69.86299698216185,41.36708690029832,2.1506194885482106,21.64461034145879,53.04102003500477,5.768007047323211,0.0,17,5,1,21,True,False,afternoon
2023-01-21 18:00:00,LOC_1,Mixed,423,64.2516511852432,41.36708690029832,2.1506194885482106,21.075365064664965,49.27301320366671,7.967935752352988,0.0,18,5,1,21,True,False,evening
2023-01-21 19:00:00,LOC_1,Mixed,423,81.40928130113736,41.36708690029832,2.1506194885482106,20.56722318405212,50.08796698270837,7.076207729552762,0.0,19,5,1,21,True,False,evening
2023-01-21 20:00:00,LOC_1,Mixed,423,76.26999723269364,41.36708690029832,2.1506194885482106,25.362265769369415,46.86047731757645,6.56971645077919,0.0,20,5,1,21,True,False,evening
2023-01-21 21:00:00,LOC_1,Mixed,423,80.84457877838447,41.36708690029832,2.1506194885482106,27.16508844075421,53.47790702166823,8.403574754723163,0.0,21,5,1,21,True,False,evening
2023-01-21 22:00:00,LOC_1,Mixed,423,69.1603861639906,41.36708690029832,2.1506194885482106,20.056331444552022,50.443200660326184,6.0530847952552,0.0,22,5,1,21,True,False,evening
2023-01-21 23:00:00,LOC_1,Mixed,423,90.1855642946122,41.36708690029832,2.1506194885482106,23.191523684864663,57.03775913598669,8.573766747976114,0.0,23,5,1,21,True,False,evening
2023-01-22 00:00:00,LOC_1,Mixed,423,63.63892625859591,41.36708690029832,2.1506194885482106,19.735476083520062,50.14699932545443,6.649252396484802,0.0,0,6,1,22,True,False,night
2023-01-22 01:00:00,LOC_1,Mixed,423,67.9196745706555,41.36708690029832,2.1506194885482106,18.86331377643813,61.979272073137246,8.373904880617028,0.0,1,6,1,22,True,False,night
2023-01-22 02:00:00,LOC_1,Mixed,423,67.16058185889831,41.36708690029832,2.1506194885482106,17.365387743695607,67.06729362369794,7.518863747873054,0.0,2,6,1,22,True,False,night
2023-01-22 03:00:00,LOC_1,Mixed,423,53.649432359719995,41.36708690029832,2.1506194885482106,15.534803274596655,55.50575215923015,8.19149808711824,0.0,3,6,1,22,True,False,night
2023-01-22 04:00:00,LOC_1,Mixed,423,42.35640337280421,41.36708690029832,2.1506194885482106,16.16062591278204,69.7431175354531,8.66475602100987,0.0,4,6,1,22,True,False,night
2023-01-22 05:00:00,LOC_1,Mixed,423,35.74048371396726,41.36708690029832,2.1506194885482106,13.37284930224079,76.06884589224073,6.579273001655357,0.0,5,6,1,22,True,False,night
2023-01-22 06:00:00,LOC_1,Mixed,423,45.11661647096859,41.36708690029832,2.1506194885482106,14.787769020968735,65.45808416772584,8.598802933889031,0.0,6,6,1,22,True,False,morning
2023-01-22 07:00:00,LOC_1,Mixed,423,14.965916661523243,41.36708690029832,2.1506194885482106,13.653574145109387,80.8547612061732,6.885181583797861,0.02610745173687319,7,6,1,22,True,False,morning
2023-01-22 08:00:00,LOC_1,Mixed,423,13.620656548034049,41.36708690029832,2.1506194885482106,13.112478665182632,74.91434552899932,6.874610665993858,0.0,8,6,1,22,True,False,morning
2023-01-22 09:00:00,LOC_1,Mixed,423,16.730495277123612,41.36708690029832,2.1506194885482106,11.95231171974563,68.94006263355031,6.7405749478183505,0.0,9,6,1,22,True,False,morning
2023-01-22 10:00:00,LOC_1,Mixed,423,18.979778215510777,41.36708690029832,2.1506194885482106,13.120090061026785,71.17388916738457,7.344974770259883,0.0,10,6,1,22,True,False,morning
2023-01-22 11:00:00,LOC_1,Mixed,423,21.966485567209943,41.36708690029832,2.1506194885482106,16.585697998626113,72.6418034686594,6.184525020116929,0.0,11,6,1,22,True,False,morning
2023-01-22 12:00:00,LOC_1,Mixed,423,30.55166994680353,41.36708690029832,2.1506194885482106,17.118971682546437,68.14575234246671,7.384561917533568,0.0,12,6,1,22,True,False,afternoon
2023-01-22 13:00:00,LOC_1,Mixed,423,29.326269889882727,41.36708690029832,2.1506194885482106,15.374617585706305,68.03432381162503,7.349879097393214,0.0,13,6,1,22,True,False,afternoon
2023-01-22 14:00:00,LOC_1,Mixed,423,55.72120222245538,41.36708690029832,2.1506194885482106,18.829172040881126,58.13561717455782,8.011806923819144,0.0,14,6,1,22,True,False,afternoon
2023-01-22 15:00:00,LOC_1,Mixed,423,54.79895535225118,41.36708690029832,2.1506194885482106,21.434059163735128,60.984234286197285,8.228387824108546,0.0,15,6,1,22,True,False,afternoon
2023-01-22 16:00:00,LOC_1,Mixed,423,67.97740496330758,41.36708690029832,2.1506194885482106,17.805059519504333,50.64368735198095,7.050098067286687,0.0,16,6,1,22,True,False,afternoon
2023-01-22 17:00:00,LOC_1,Mixed,423,70.42766206662047,41.36708690029832,2.1506194885482106,23.272802888082875,55.07170468661049,6.637109467532534,0.0,17,6,1,22,True,False,afternoon
2023-01-22 18:00:00,LOC_1,Mixed,423,83.87995988917784,41.36708690029832,2.1506194885482106,21.66210473600319,49.505757284886286,6.509449738945821,0.0,18,6,1,22,True,False,evening
2023-01-22 19:00:00,LOC_1,Mixed,423,62.539721336784226,41.36708690029832,2.1506194885482106,24.634726459691148,49.33529204204151,6.316651508326514,0.0,19,6,1,22,True,False,evening
2023-01-22 20:00:00,LOC_1,Mixed,423,100.0,41.36708690029832,2.1506194885482106,22.144054549131727,58.839320151618665,5.907057319040427,0.0,20,6,1,22,True,False,evening
2023-01-22 21:00:00,LOC_1,Mixed,423,84.29136955697922,41.36708690029832,2.1506194885482106,19.89710877512789,58.44280465005749,6.762792705506458,0.0,21,6,1,22,True,False,evening
2023-01-22 22:00:00,LOC_1,Mixed,423,83.70518064464736,41.36708690029832,2.1506194885482106,19.758955079167887,57.01761069466746,6.547525663594754,0.0,22,6,1,22,True,False,evening
2023-01-22 23:00:00,LOC_1,Mixed,423,72.45235226353263,41.36708690029832,2.1506194885482106,22.322283931042566,50.0862081011975,8.637368183956635,0.0,23,6,1,22,True,False,evening
2023-01-23 00:00:00,LOC_1,Mixed,423,53.07225795275709,41.36708690029832,2.1506194885482106,21.716690432349694,56.02346689371253,7.412575564531478,0.0,0,0,1,23,False,False,night
2023-01-23 01:00:00,LOC_1,Mixed,423,48.27724001480501,41.36708690029832,2.1506194885482106,18.18937079924577,66.06948040098675,6.78261288187992,0.0,1,0,1,23,False,False,night
2023-01-23 02:00:00,LOC_1,Mixed,423,53.99446253053865,41.36708690029832,2.1506194885482106,19.987755231019523,63.28744394126998,7.4835168656740425,0.0,2,0,1,23,False,False,night
2023-01-23 03:00:00,LOC_1,Mixed,423,58.2215422688439,41.36708690029832,2.1506194885482106,14.100094543997512,76.75037836283761,6.161036082846693,0.0,3,0,1,23,False,False,night
2023-01-23 04:00:00,LOC_1,Mixed,423,46.69281764133079,41.36708690029832,2.1506194885482106,16.091727964971046,69.51881407244049,7.0769087600597445,0.0,4,0,1,23,False,False,night
2023-01-23 05:00:00,LOC_1,Mixed,423,27.21098024995183,41.36708690029832,2.1506194885482106,12.772977009234953,70.57022676493042,7.624811627201712,0.0,5,0,1,23,False,False,night
2023-01-23 06:00:00,LOC_1,Mixed,423,46.9470512912877,41.36708690029832,2.1506194885482106,13.103397913378174,69.6402774210225,7.214132924958292,0.0,6,0,1,23,False,False,morning
2023-01-23 07:00:00,LOC_1,Mixed,423,42.52491339121891,41.36708690029832,2.1506194885482106,14.009017269666296,72.83926466984448,6.954106213658734,0.0,7,0,1,23,False,False,morning
2023-01-23 08:00:00,LOC_1,Mixed,423,34.97745319643281,41.36708690029832,2.1506194885482106,12.029672312424909,71.73665273211165,8.731644975297657,0.0,8,0,1,23,False,False,morning
2023-01-23 09:00:00,LOC_1,Mixed,423,46.332895205201,41.36708690029832,2.1506194885482106,13.158406878120571,75.68550745028251,8.392373706051893,0.0,9,0,1,23,False,False,morning
2023-01-23 10:00:00,LOC_1,Mixed,423,43.89750312065544,41.36708690029832,2.1506194885482106,16.44625181966358,75.91617918150352,7.622976518509699,0.0,10,0,1,23,False,False,morning
2023-01-23 11:00:00,LOC_1,Mixed,423,67.34930601703165,41.36708690029832,2.1506194885482106,14.08111976098861,65.60024569739043,7.462219564740377,0.0,11,0,1,23,False,False,morning
2023-01-23 12:00:00,LOC_1,Mixed,423,72.49777148972355,41.36708690029832,2.1506194885482106,17.94846387616993,60.7896759281318,7.617397369881681,0.0,12,0,1,23,False,False,afternoon
2023-01-23 13:00:00,LOC_1,Mixed,423,58.64817983733968,41.36708690029832,2.1506194885482106,15.230211020127896,55.839723675597256,6.360680314458447,0.0,13,0,1,23,False,False,afternoon
2023-01-23 14:00:00,LOC_1,Mixed,423,83.84477380926059,41.36708690029832,2.1506194885482106,19.849966667130303,64.95924001196325,6.943484892052903,0.0,14,0,1,23,False,False,afternoon
2023-01-23 15:00:00,LOC_1,Mixed,423,83.02897910820137,41.36708690029832,2.1506194885482106,22.974227184484892,54.300987082792446,5.8777775422039955,0.0,15,0,1,23,False,False,afternoon
2023-01-23 16:00:00,LOC_1,Mixed,423,87.06468996084584,41.36708690029832,2.1506194885482106,16.36034017035724,46.62828869401395,7.187363946582844,0.0,16,0,1,23,False,False,afternoon
2023-01-23 17:00:00,LOC_1,Mixed,423,78.78001398280374,41.36708690029832,2.1506194885482106,20.752005061744356,57.251301877284206,7.391126085223504,0.0,17,0,1,23,False,False,afternoon
2023-01-23 18:00:00,LOC_1,Mixed,423,59.337556345227135,41.36708690029832,2.1506194885482106,24.301163475949863,66.17095914398638,6.446627648842947,0.0,18,0,1,23,False,False,evening
2023-01-23 19:00:00,LOC_1,Mixed,423,88.993179672815,41.36708690029832,2.1506194885482106,23.24705913430209,52.66334562952438,8.656790696485087,0.0,19,0,1,23,False,False,evening
2023-01-23 20:00:00,LOC_1,Mixed,423,74.50029864207457,41.36708690029832,2.1506194885482106,24.572439126913487,56.53215911191647,8.4943933088459,0.0,20,0,1,23,False,False,evening
2023-01-23 21:00:00,LOC_1,Mixed,423,85.47582627059461,41.36708690029832,2.1506194885482106,22.45843077295557,53.0763444999634,7.9337841093560915,0.0,21,0,1,23,False,False,evening
2023-01-23 22:00:00,LOC_1,Mixed,423,89.3483617186484,41.36708690029832,2.1506194885482106,23.346701269715624,53.15850834450464,7.368838821465614,0.0,22,0,1,23,False,False,evening
2023-01-23 23:00:00,LOC_1,Mixed,423,71.48574698403122,41.36708690029832,2.1506194885482106,22.074194794629634,59.82428388411125,8.379910550839266,0.0,23,0,1,23,False,False,evening
2023-01-24 00:00:00,LOC_1,Mixed,423,54.179184857852405,41.36708690029832,2.1506194885482106,23.692198185755686,55.8353591541846,6.163283843957602,0.0,0,1,1,24,False,False,night
2023-01-24 01:00:00,LOC_1,Mixed,423,47.66977278024731,41.36708690029832,2.1506194885482106,20.666187693422646,61.022269556719074,8.144179539086178,0.0,1,1,1,24,False,False,night
2023-01-24 02:00:00,LOC_1,Mixed,423,62.41152342262557,41.36708690029832,2.1506194885482106,19.54507083684206,63.86875800559675,6.148435544438876,0.8875872005714681,2,1,1,24,False,False,night
2023-01-24 03:00:00,LOC_1,Mixed,423,42.50205219184488,41.36708690029832,2.1506194885482106,16.758629095427644,61.4947816764396,8.157927638285253,0.0,3,1,1,24,False,False,night
2023-01-24 04:00:00,LOC_1,Mixed,423,37.40184143345028,41.36708690029832,2.1506194885482106,15.407876551241213,72.19403374891021,6.6039205046313105,0.0,4,1,1,24,False,False,night
2023-01-24 05:00:00,LOC_1,Mixed,423,35.6673945447891,41.36708690029832,2.1506194885482106,14.489047466321763,68.41687353260095,8.409211292633316,0.0,5,1,1,24,False,False,night
2023-01-24 06:00:00,LOC_1,Mixed,423,40.80229519407318,41.36708690029832,2.1506194885482106,15.35508176114228,67.0889192497644,8.61138718053777,0.0,6,1,1,24,False,False,morning
2023-01-24 07:00:00,LOC_1,Mixed,423,37.138808345787446,41.36708690029832,2.1506194885482106,13.231311145143838,74.5359890042833,6.226969755861288,1.2359412760671196,7,1,1,24,False,False,morning
2023-01-24 08:00:00,LOC_1,Mixed,423,34.98053697383613,41.36708690029832,2.1506194885482106,14.48906168705416,67.68863614452215,7.169929209848448,0.0,8,1,1,24,False,False,morning
2023-01-24 09:00:00,LOC_1,Mixed,423,43.84375079352351,41.36708690029832,2.1506194885482106,18.237285162851474,71.96793865572444,8.726184673889243,0.0,9,1,1,24,False,False,morning
2023-01-24 10:00:00,LOC_1,Mixed,423,51.69385808026706,41.36708690029832,2.1506194885482106,16.334833794008894,70.76923624248796,7.23476458913298,0.0,10,1,1,24,False,False,morning
2023-01-24 11:00:00,LOC_1,Mixed,423,68.85531695993222,41.36708690029832,2.1506194885482106,14.741727126783434,74.64192944691965,8.376504186954007,0.0,11,1,1,24,False,False,morning
2023-01-24 12:00:00,LOC_1,Mixed,423,39.9001837280209,41.36708690029832,2.1506194885482106,18.838330610892555,69.50168563127043,7.553375119706893,0.05189674360981235,12,1,1,24,False,False,afternoon
2023-01-24 13:00:00,LOC_1,Mixed,423,56.2706642724767,41.36708690029832,2.1506194885482106,16.832249439657737,64.5780648348726,6.914488806001494,0.0,13,1,1,24,False,False,afternoon
2023-01-24 14:00:00,LOC_1,Mixed,423,64.28604604747255,41.36708690029832,2.1506194885482106,14.872836957250826,66.19065944078837,6.647167872098917,0.0,14,1,1,24,False,False,afternoon
2023-01-24 15:00:00,LOC_1,Mixed,423,69.48788600418554,41.36708690029832,2.1506194885482106,18.23359721603112,66.45149806935471,6.400804195728927,0.0,15,1,1,24,False,False,afternoon
2023-01-24 16:00:00,LOC_1,Mixed,423,79.91649907184899,41.36708690029832,2.1506194885482106,17.720677320012555,59.86452920763078,8.077846806545944,0.0,16,1,1,24,False,False,afternoon
2023-01-24 17:00:00,LOC_1,Mixed,423,63.22992216221952,41.36708690029832,2.1506194885482106,21.80135261120095,55.04300394064977,6.95339065513925,0.0,17,1,1,24,False,False,afternoon
2023-01-24 18:00:00,LOC_1,Mixed,423,67.41452077507476,41.36708690029832,2.1506194885482106,23.34239192012685,46.829708514753705,7.328912015167365,0.0,18,1,1,24,False,False,evening
2023-01-24 19:00:00,LOC_1,Mixed,423,81.40444708133225,41.36708690029832,2.1506194885482106,27.164512323097934,47.0511562875284,7.273378153423951,0.0,19,1,1,24,False,False,evening
2023-01-24 20:00:00,LOC_1,Mixed,423,72.94398274931939,41.36708690029832,2.1506194885482106,24.642441690323206,50.4967025926369,7.52955447625837,0.0,20,1,1,24,False,False,evening
2023-01-24 21:00:00,LOC_1,Mixed,423,84.56530191033929,41.36708690029832,2.1506194885482106,23.386591340347415,49.3028541932733,8.395764090177618,0.0,21,1,1,24,False,False,evening
2023-01-24 22:00:00,LOC_1,Mixed,423,75.52988818598736,41.36708690029832,2.1506194885482106,24.990675716182714,52.40141437744129,8.742565537728996,0.0,22,1,1,24,False,False,evening
2023-01-24 23:00:00,LOC_1,Mixed,423,67.44017860680997,41.36708690029832,2.1506194885482106,18.121573032450865,55.19556232355227,7.0244145746282305,0.0,23,1,1,24,False,False,evening
2023-01-25 00:00:00,LOC_1,Mixed,423,59.64301443930062,41.36708690029832,2.1506194885482106,21.986109008276863,59.61870398766419,8.285532744730855,0.0,0,2,1,25,False,False,night
2023-01-25 01:00:00,LOC_1,Mixed,423,47.20206637536255,41.36708690029832,2.1506194885482106,21.857273587377506,59.0164197104974,8.097872978782346,0.0,1,2,1,25,False,False,night
2023-01-25 02:00:00,LOC_1,Mixed,423,67.11961613176666,41.36708690029832,2.1506194885482106,16.07084149568891,64.37648024463383,7.526189651816438,0.0,2,2,1,25,False,False,night
2023-01-25 03:00:00,LOC_1,Mixed,423,49.07597929204135,41.36708690029832,2.1506194885482106,20.02799078905591,64.8414066687665,8.67505701646673,0.0,3,2,1,25,False,False,night
2023-01-25 04:00:00,LOC_1,Mixed,423,30.873917824798085,41.36708690029832,2.1506194885482106,17.2181326084211,57.0403875813661,6.409651505271664,0.0,4,2,1,25,False,False,night
2023-01-25 05:00:00,LOC_1,Mixed,423,50.879433382144335,41.36708690029832,2.1506194885482106,14.681589845971288,64.27899168336045,6.13733254686999,0.0,5,2,1,25,False,False,night
2023-01-25 06:00:00,LOC_1,Mixed,423,51.32761300746602,41.36708690029832,2.1506194885482106,15.989693996890349,69.83130169203636,8.37273735758626,0.0,6,2,1,25,False,False,morning
2023-01-25 07:00:00,LOC_1,Mixed,423,53.39296267127451,41.36708690029832,2.1506194885482106,18.77256948590508,65.48915874520188,7.129612030249572,0.0,7,2,1,25,False,False,morning
2023-01-25 08:00:00,LOC_1,Mixed,423,56.13578807718584,41.36708690029832,2.1506194885482106,14.43109894087499,74.86491078846502,8.354379848772782,0.7548961814804646,8,2,1,25,False,False,morning
2023-01-25 09:00:00,LOC_1,Mixed,423,29.518687524249483,41.36708690029832,2.1506194885482106,14.74072990843289,79.16517669005405,8.494054189041757,0.0,9,2,1,25,False,False,morning
2023-01-25 10:00:00,LOC_1,Mixed,423,48.21179389392222,41.36708690029832,2.1506194885482106,13.831618389927165,76.59312888047128,6.003466222443183,0.8486224532681885,10,2,1,25,False,False,morning
2023-01-25 11:00:00,LOC_1,Mixed,423,60.7057963761432,41.36708690029832,2.1506194885482106,13.851791804483174,67.82982455852344,8.467797178827281,0.0,11,2,1,25,False,False,morning
2023-01-25 12:00:00,LOC_1,Mixed,423,58.11247968641979,41.36708690029832,2.1506194885482106,18.254231221244705,74.26651150793732,7.163669083739509,0.0,12,2,1,25,False,False,afternoon
2023-01-25 13:00:00,LOC_1,Mixed,423,68.03668989834355,41.36708690029832,2.1506194885482106,16.093839743664454,65.13132249504619,7.351317991211654,0.0,13,2,1,25,False,False,afternoon
2023-01-25 14:00:00,LOC_1,Mixed,423,65.63057631402035,41.36708690029832,2.1506194885482106,19.249776018933876,60.10128305541962,7.701106242178649,0.0,14,2,1,25,False,False,afternoon
2023-01-25 15:00:00,LOC_1,Mixed,423,67.05464957297023,41.36708690029832,2.1506194885482106,19.451962687274445,56.118431520685945,8.601784291248675,0.0,15,2,1,25,False,False,afternoon
2023-01-25 16:00:00,LOC_1,Mixed,423,89.7558976222695,41.36708690029832,2.1506194885482106,22.57767870151458,55.248213467515775,5.88129209329365,0.0,16,2,1,25,False,False,afternoon
2023-01-25 17:00:00,LOC_1,Mixed,423,74.16761354685539,41.36708690029832,2.1506194885482106,23.32911174182801,52.73554084478563,7.255781130017726,0.0,17,2,1,25,False,False,afternoon
2023-01-25 18:00:00,LOC_1,Mixed,423,53.7812187455972,41.36708690029832,2.1506194885482106,25.537992985267035,53.926254918374966,7.88972334285749,0.0,18,2,1,25,False,False,evening
2023-01-25 19:00:00,LOC_1,Mixed,423,80.51638566250594,41.36708690029832,2.1506194885482106,22.948912737919954,52.86497883399043,7.9959841539315075,0.0,19,2,1,25,False,False,evening
2023-01-25 20:00:00,LOC_1,Mixed,423,82.79346918074823,41.36708690029832,2.1506194885482106,23.606094730440244,51.7235408987131,7.906766214816721,0.0,20,2,1,25,False,False,evening
2023-01-25 21:00:00,LOC_1,Mixed,423,70.45577980432405,41.36708690029832,2.1506194885482106,22.02447236487991,54.2206912558427,6.233779521224202,0.0,21,2,1,25,False,False,evening
2023-01-25 22:00:00,LOC_1,Mixed,423,72.65972026719297,41.36708690029832,2.1506194885482106,22.600435091513262,58.97518815060074,6.7299656836637025,0.0,22,2,1,25,False,False,evening
2023-01-25 23:00:00,LOC_1,Mixed,423,67.35759746424654,41.36708690029832,2.1506194885482106,23.455551272925458,59.345870103535105,6.909229852431644,0.0,23,2,1,25,False,False,evening
2023-01-26 00:00:00,LOC_1,Mixed,423,64.60630974957546,41.36708690029832,2.1506194885482106,23.185913259413873,49.231638105504146,8.247698828263148,0.0,0,3,1,26,False,False,night
2023-01-26 01:00:00,LOC_1,Mixed,423,50.62769683472962,41.36708690029832,2.1506194885482106,18.628218102206993,46.28529682436574,6.671970322253587,0.0,1,3,1,26,False,False,night
2023-01-26 02:00:00,LOC_1,Mixed,423,50.06118200632012,41.36708690029832,2.1506194885482106,20.924180714540764,66.30166180753749,6.469108666467498,2.1723124564704275,2,3,1,26,False,False,night
2023-01-26 03:00:00,LOC_1,Mixed,423,45.930441267088234,41.36708690029832,2.1506194885482106,20.60866256270799,57.370832817726715,8.710640471236427,0.0,3,3,1,26,False,False,night
2023-01-26 04:00:00,LOC_1,Mixed,423,30.501778966407013,41.36708690029832,2.1506194885482106,17.524862916990017,65.48018676945135,5.86618847744893,0.0,4,3,1,26,False,False,night
2023-01-26 05:00:00,LOC_1,Mixed,423,48.57272307994882,41.36708690029832,2.1506194885482106,19.42255970995893,62.81149870001761,8.834362965201041,0.0,5,3,1,26,False,False,night
2023-01-26 06:00:00,LOC_1,Mixed,423,52.802594651163595,41.36708690029832,2.1506194885482106,13.333303290831555,61.2283344340225,7.872665638164365,0.0,6,3,1,26,False,False,morning
2023-01-26 07:00:00,LOC_1,Mixed,423,33.511608137728885,41.36708690029832,2.1506194885482106,11.89857472068308,73.93154538641213,8.328910550097602,0.0,7,3,1,26,False,False,morning
2023-01-26 08:00:00,LOC_1,Mixed,423,33.61243182580999,41.36708690029832,2.1506194885482106,10.666575141991721,75.34774452191267,6.728661316998635,0.0,8,3,1,26,False,False,morning
2023-01-26 09:00:00,LOC_1,Mixed,423,55.648986929163826,41.36708690029832,2.1506194885482106,17.392975339295777,68.31567456373159,5.8890490025537305,0.0,9,3,1,26,False,False,morning
2023-01-26 10:00:00,LOC_1,Mixed,423,64.14129827530158,41.36708690029832,2.1506194885482106,16.21561817308051,57.23101481853066,8.061011331543508,0.0,10,3,1,26,False,False,morning
2023-01-26 11:00:00,LOC_1,Mixed,423,45.397709418244666,41.36708690029832,2.1506194885482106,15.596806483299153,65.85282610849745,8.351135737212587,0.0,11,3,1,26,False,False,morning
2023-01-26 12:00:00,LOC_1,Mixed,423,72.20531615389774,41.36708690029832,2.1506194885482106,17.309940652335182,68.45901322762164,8.071429075799665,0.0,12,3,1,26,False,False,afternoon
2023-01-26 13:00:00,LOC_1,Mixed,423,55.820635666926634,41.36708690029832,2.1506194885482106,15.711421561772713,56.68064284339043,6.27984983827893,0.0,13,3,1,26,False,False,afternoon
2023-01-26 14:00:00,LOC_1,Mixed,423,74.988622538147,41.36708690029832,2.1506194885482106,24.15448813350644,62.3908312503502,8.112880601625465,0.0,14,3,1,26,False,False,afternoon
2023-01-26 15:00:00,LOC_1,Mixed,423,77.13106596276448,41.36708690029832,2.1506194885482106,20.822008862992266,58.7963177560514,8.160662601028765,0.0,15,3,1,26,False,False,afternoon
2023-01-26 16:00:00,LOC_1,Mixed,423,85.46467469872218,41.36708690029832,2.1506194885482106,21.994745765523767,59.344545145377474,7.830812782272961,0.0,16,3,1,26,False,False,afternoon
2023-01-26 17:00:00,LOC_1,Mixed,423,87.8966912072625,41.36708690029832,2.1506194885482106,24.269506033021013,54.961956271623514,8.154835574244936,0.0,17,3,1,26,False,False,afternoon
2023-01-26 18:00:00,LOC_1,Mixed,423,79.0175663730183,41.36708690029832,2.1506194885482106,24.581064861520453,47.896562499498174,8.395548194858163,0.0,18,3,1,26,False,False,evening
2023-01-26 19:00:00,LOC_1,Mixed,423,64.60865031519779,41.36708690029832,2.1506194885482106,24.57279485248547,57.73280390046804,7.699891877208748,0.0,19,3,1,26,False,False,evening
2023-01-26 20:00:00,LOC_1,Mixed,423,84.43162909778647,41.36708690029832,2.1506194885482106,22.72092484513853,50.60360462280684,6.126188893114868,0.0,20,3,1,26,False,False,evening
2023-01-26 21:00:00,LOC_1,Mixed,423,74.47862732187735,41.36708690029832,2.1506194885482106,25.08091347215235,51.58752378668962,7.324552954288636,0.0,21,3,1,26,False,False,evening
2023-01-26 22:00:00,LOC_1,Mixed,423,75.92939143820922,41.36708690029832,2.1506194885482106,27.408995292241176,48.0437676060518,6.095911860088599,0.0,22,3,1,26,False,False,evening
2023-01-26 23:00:00,LOC_1,Mixed,423,65.56364239563737,41.36708690029832,2.1506194885482106,25.547662712744128,52.0699435031741,7.08688683599758,0.0,23,3,1,26,False,False,evening
2023-01-27 00:00:00,LOC_1,Mixed,423,42.312065565598346,41.36708690029832,2.1506194885482106,25.014129178783108,51.92047457885687,7.086870652477746,0.0,0,4,1,27,False,False,night
2023-01-27 01:00:00,LOC_1,Mixed,423,59.13971584711374,41.36708690029832,2.1506194885482106,19.60588478270066,57.87863742925683,6.06487371443081,0.0,1,4,1,27,False,False,night
2023-01-27 02:00:00,LOC_1,Mixed,423,60.1567855567199,41.36708690029832,2.1506194885482106,17.361474024296644,69.87717507108411,6.9145983348712,2.0106735676349174,2,4,1,27,False,False,night
2023-01-27 03:00:00,LOC_1,Mixed,423,47.33482252006617,41.36708690029832,2.1506194885482106,17.80147512075772,57.03439636342919,6.202423133667868,0.0,3,4,1,27,False,False,night
2023-01-27 04:00:00,LOC_1,Mixed,423,52.135201623981885,41.36708690029832,2.1506194885482106,16.96505229627158,58.224988067227905,8.295426124366506,0.0,4,4,1,27,False,False,night
2023-01-27 05:00:00,LOC_1,Mixed,423,46.059375909128065,41.36708690029832,2.1506194885482106,18.01290764817415,75.70680241500355,8.71507578132641,0.0,5,4,1,27,False,False,night
2023-01-27 06:00:00,LOC_1,Mixed,423,39.95002073555264,41.36708690029832,2.1506194885482106,11.651456041208805,68.88061101296378,6.090251889685944,0.0,6,4,1,27,False,False,morning
2023-01-27 07:00:00,LOC_1,Mixed,423,35.670820166524024,41.36708690029832,2.1506194885482106,17.602435383036802,67.56796681846926,8.739938396987288,0.0,7,4,1,27,False,False,morning
2023-01-27 08:00:00,LOC_1,Mixed,423,50.62316464013483,41.36708690029832,2.1506194885482106,14.063397384688779,76.44069707328687,7.443612434379587,0.0,8,4,1,27,False,False,morning
2023-01-27 09:00:00,LOC_1,Mixed,423,51.2454528200059,41.36708690029832,2.1506194885482106,13.702468963760069,67.85946009400587,6.775869080881671,0.0,9,4,1,27,False,False,morning
2023-01-27 10:00:00,LOC_1,Mixed,423,56.304537881970354,41.36708690029832,2.1506194885482106,13.037969262562118,79.00569254156977,6.10904723222942,0.0,10,4,1,27,False,False,morning
2023-01-27 11:00:00,LOC_1,Mixed,423,48.81340053413477,41.36708690029832,2.1506194885482106,12.553500319580076,71.66320203007311,7.381622318060124,0.0,11,4,1,27,False,False,morning
2023-01-27 12:00:00,LOC_1,Mixed,423,57.44600434195889,41.36708690029832,2.1506194885482106,18.551529011428777,63.75006727226159,8.264584202173236,0.0,12,4,1,27,False,False,afternoon
2023-01-27 13:00:00,LOC_1,Mixed,423,82.51273054784312,41.36708690029832,2.1506194885482106,18.264166560337372,74.55147981440639,8.003584602094728,0.0,13,4,1,27,False,False,afternoon
2023-01-27 14:00:00,LOC_1,Mixed,423,44.16501345542777,41.36708690029832,2.1506194885482106,16.838139790354806,58.13530220530948,6.034290352359304,0.0,14,4,1,27,False,False,afternoon
2023-01-27 15:00:00,LOC_1,Mixed,423,69.94527412433106,41.36708690029832,2.1506194885482106,18.128432736670625,62.273296298450816,6.103604517160762,0.0,15,4,1,27,False,False,afternoon
2023-01-27 16:00:00,LOC_1,Mixed,423,76.23776033006885,41.36708690029832,2.1506194885482106,21.25935684592818,57.63461041301559,7.0948050967995995,0.0,16,4,1,27,False,False,afternoon
2023-01-27 17:00:00,LOC_1,Mixed,423,70.78044428985719,41.36708690029832,2.1506194885482106,26.310932110709395,60.562928326732774,6.773342512983404,0.0,17,4,1,27,False,False,afternoon
2023-01-27 18:00:00,LOC_1,Mixed,423,90.54377085336591,41.36708690029832,2.1506194885482106,23.254726097241115,60.259738383697616,6.58590932537737,0.0,18,4,1,27,False,False,evening
2023-01-27 19:00:00,LOC_1,Mixed,423,70.85567431824738,41.36708690029832,2.1506194885482106,21.273549346956116,51.60035023894418,6.733054721075539,0.0,19,4,1,27,False,False,evening
2023-01-27 20:00:00,LOC_1,Mixed,423,70.30660777401312,41.36708690029832,2.1506194885482106,23.96514204482348,47.319654302278344,8.301773864489729,0.0,20,4,1,27,False,False,evening
2023-01-27 21:00:00,LOC_1,Mixed,423,74.34081779207378,41.36708690029832,2.1506194885482106,23.747229923437388,53.714506588830126,8.68029374719304,0.0,21,4,1,27,False,False,evening
2023-01-27 22:00:00,LOC_1,Mixed,423,78.8999995865197,41.36708690029832,2.1506194885482106,18.405819126959393,49.0122383255544,7.109201162366768,0.0,22,4,1,27,False,False,evening
2023-01-27 23:00:00,LOC_1,Mixed,423,51.92457573486222,41.36708690029832,2.1506194885482106,22.902824729889804,64.04410731178226,8.613509117796031,0.0,23,4,1,27,False,False,evening
2023-01-28 00:00:00,LOC_1,Mixed,423,77.4518614686852,41.36708690029832,2.1506194885482106,21.52042435698675,56.71808982060547,6.860945787224467,0.0,0,5,1,28,True,False,night
2023-01-28 01:00:00,LOC_1,Mixed,423,69.11488621830281,41.36708690029832,2.1506194885482106,22.17521192699486,56.607793848703416,7.327051753402458,0.0,1,5,1,28,True,False,night
2023-01-28 02:00:00,LOC_1,Mixed,423,50.50247826269416,41.36708690029832,2.1506194885482106,23.193024406939347,61.93317709522723,6.5771094368577305,0.0,2,5,1,28,True,False,night
2023-01-28 03:00:00,LOC_1,Mixed,423,32.621416061632054,41.36708690029832,2.1506194885482106,20.46055298326995,56.84952270400265,7.82173175646494,0.0,3,5,1,28,True,False,night
2023-01-28 04:00:00,LOC_1,Mixed,423,30.66421512882098,41.36708690029832,2.1506194885482106,16.47014438536531,61.1260862744968,8.83852769881942,0.0,4,5,1,28,True,False,night
2023-01-28 05:00:00,LOC_1,Mixed,423,28.429777104043463,41.36708690029832,2.1506194885482106,13.76573734070196,74.04449122335153,7.713343900953744,0.0,5,5,1,28,True,False,night
2023-01-28 06:00:00,LOC_1,Mixed,423,36.39104746224015,41.36708690029832,2.1506194885482106,20.337314626900564,66.33433856434132,6.9775866602052545,0.0,6,5,1,28,True,False,morning
2023-01-28 07:00:00,LOC_1,Mixed,423,14.254789172055382,41.36708690029832,2.1506194885482106,14.815926425381598,65.37046597188507,7.8488760757311775,0.0,7,5,1,28,True,False,morning
2023-01-28 08:00:00,LOC_1,Mixed,423,21.491686240903224,41.36708690029832,2.1506194885482106,14.561371593077869,73.61623774413248,6.275464637246558,0.0,8,5,1,28,True,False,morning
2023-01-28 09:00:00,LOC_1,Mixed,423,39.516783820270994,41.36708690029832,2.1506194885482106,14.66202569173012,76.50796904141474,8.57395824027529,0.0,9,5,1,28,True,False,morning
2023-01-28 10:00:00,LOC_1,Mixed,423,19.875804705325308,41.36708690029832,2.1506194885482106,15.61233715255353,73.16243129128969,7.418510782327512,0.0,10,5,1,28,True,False,morning
2023-01-28 11:00:00,LOC_1,Mixed,423,37.34718284958882,41.36708690029832,2.1506194885482106,15.728427233817769,72.94594231369777,7.258585618838604,0.0,11,5,1,28,True,False,morning
2023-01-28 12:00:00,LOC_1,Mixed,423,66.1321132388619,41.36708690029832,2.1506194885482106,15.911742921324114,62.09789068698352,7.669407752377475,0.0,12,5,1,28,True,False,afternoon
2023-01-28 13:00:00,LOC_1,Mixed,423,57.997795126789306,41.36708690029832,2.1506194885482106,17.177636453120403,56.348237995088404,7.787441500590965,0.0,13,5,1,28,True,False,afternoon
2023-01-28 14:00:00,LOC_1,Mixed,423,52.765240929197766,41.36708690029832,2.1506194885482106,19.506323297970397,68.36300858297264,6.129693386360018,0.0,14,5,1,28,True,False,afternoon
2023-01-28 15:00:00,LOC_1,Mixed,423,48.40454395181096,41.36708690029832,2.1506194885482106,19.785453446913074,56.641994827428114,7.9634932164038075,0.0,15,5,1,28,True,False,afternoon
2023-01-28 16:00:00,LOC_1,Mixed,423,78.48817831779186,41.36708690029832,2.1506194885482106,20.658891768275097,54.576668250465914,6.642711707672474,0.0,16,5,1,28,True,False,afternoon
2023-01-28 17:00:00,LOC_1,Mixed,423,78.6257839345456,41.36708690029832,2.1506194885482106,23.339350906323226,60.387989807366424,8.060049206521109,0.0,17,5,1,28,True,False,afternoon
2023-01-28 18:00:00,LOC_1,Mixed,423,67.0881235481565,41.36708690029832,2.1506194885482106,23.417499978601526,54.92624122011683,8.387069862056798,0.0,18,5,1,28,True,False,evening
2023-01-28 19:00:00,LOC_1,Mixed,423,86.60846401669036,41.36708690029832,2.1506194885482106,27.44131098750564,53.412788839727504,8.332614698436545,0.0,19,5,1,28,True,False,evening
2023-01-28 20:00:00,LOC_1,Mixed,423,74.80044462654821,41.36708690029832,2.1506194885482106,19.30812237806599,61.604887734801395,7.57951530119407,0.0,20,5,1,28,True,False,evening
2023-01-28 21:00:00,LOC_1,Mixed,423,75.344988414708,41.36708690029832,2.1506194885482106,26.629068574407462,47.89029910697421,7.483794824755694,0.0,21,5,1,28,True,False,evening
2023-01-28 22:00:00,LOC_1,Mixed,423,73.25331582204237,41.36708690029832,2.1506194885482106,26.445084512334034,56.733372385728636,6.353185305701552,0.0,22,5,1,28,True,False,evening
2023-01-28 23:00:00,LOC_1,Mixed,423,79.08656523440426,41.36708690029832,2.1506194885482106,19.01789954059394,53.955705613664946,8.251867671104907,0.0,23,5,1,28,True,False,evening
2023-01-29 00:00:00,LOC_1,Mixed,423,46.25142411271263,41.36708690029832,2.1506194885482106,21.45012752086781,57.07195597625927,6.741328683145845,0.0,0,6,1,29,True,False,night
2023-01-29 01:00:00,LOC_1,Mixed,423,58.603459347652986,41.36708690029832,2.1506194885482106,20.1930704273204,65.77043781343869,7.418457655213716,0.0,1,6,1,29,True,False,night
2023-01-29 02:00:00,LOC_1,Mixed,423,39.202190080469336,41.36708690029832,2.1506194885482106,16.83318538108549,63.24276124040586,6.782464032886777,0.0,2,6,1,29,True,False,night
2023-01-29 03:00:00,LOC_1,Mixed,423,56.099654963362944,41.36708690029832,2.1506194885482106,16.804829615231633,65.9705544144214,6.332396732184277,0.0,3,6,1,29,True,False,night
2023-01-29 04:00:00,LOC_1,Mixed,423,22.837427370691582,41.36708690029832,2.1506194885482106,14.939753575815763,71.04072615305417,7.820854144024694,0.0,4,6,1,29,True,False,night
2023-01-29 05:00:00,LOC_1,Mixed,423,18.35892980647635,41.36708690029832,2.1506194885482106,19.636256900634628,65.91180432471081,6.096446088412735,0.0,5,6,1,29,True,False,night
2023-01-29 06:00:00,LOC_1,Mixed,423,20.871706328381205,41.36708690029832,2.1506194885482106,17.21482193895275,65.11702135798932,8.180654136694605,0.0,6,6,1,29,True,False,morning
2023-01-29 07:00:00,LOC_1,Mixed,423,13.756832949631807,41.36708690029832,2.1506194885482106,17.39341307760727,65.07534825465693,6.888746789596208,0.0,7,6,1,29,True,False,morning
2023-01-29 08:00:00,LOC_1,Mixed,423,30.105477195216807,41.36708690029832,2.1506194885482106,16.129613586997802,60.79567813529732,5.937657970795722,0.0,8,6,1,29,True,False,morning
2023-01-29 09:00:00,LOC_1,Mixed,423,19.036738115590342,41.36708690029832,2.1506194885482106,12.604871813980985,80.55508493687073,7.471908315283846,0.0,9,6,1,29,True,False,morning
2023-01-29 10:00:00,LOC_1,Mixed,423,17.998429302687256,41.36708690029832,2.1506194885482106,14.319769551171792,63.746338003928905,6.080343146113515,0.0,10,6,1,29,True,False,morning
2023-01-29 11:00:00,LOC_1,Mixed,423,35.62865080271564,41.36708690029832,2.1506194885482106,17.148482516554786,66.55426509387323,6.769562133469036,0.0,11,6,1,29,True,False,morning
2023-01-29 12:00:00,LOC_1,Mixed,423,26.526495361731207,41.36708690029832,2.1506194885482106,14.767339458954748,64.19274334707812,8.063248477714875,0.0,12,6,1,29,True,False,afternoon
2023-01-29 13:00:00,LOC_1,Mixed,423,27.55125793870069,41.36708690029832,2.1506194885482106,19.849822064351155,64.68938308103274,6.131652950769394,0.0,13,6,1,29,True,False,afternoon
2023-01-29 14:00:00,LOC_1,Mixed,423,68.57964019663248,41.36708690029832,2.1506194885482106,19.243592558802316,64.63019935245931,8.462864148091723,0.0,14,6,1,29,True,False,afternoon
2023-01-29 15:00:00,LOC_1,Mixed,423,53.64168835434978,41.36708690029832,2.1506194885482106,20.275017460697963,62.253049290204416,5.957572538032659,0.0,15,6,1,29,True,False,afternoon
2023-01-29 16:00:00,LOC_1,Mixed,423,77.03719134851193,41.36708690029832,2.1506194885482106,23.658801848172228,52.61084898362482,6.6878479899587555,0.0,16,6,1,29,True,False,afternoon
2023-01-29 17:00:00,LOC_1,Mixed,423,75.1082784615894,41.36708690029832,2.1506194885482106,24.16725806521509,52.60692854658192,8.171351675718268,0.0,17,6,1,29,True,False,afternoon
2023-01-29 18:00:00,LOC_1,Mixed,423,57.74033860447325,41.36708690029832,2.1506194885482106,23.357705407954537,53.2536242732561,6.8987125933220215,0.0,18,6,1,29,True,False,evening
2023-01-29 19:00:00,LOC_1,Mixed,423,75.75771184644744,41.36708690029832,2.1506194885482106,26.90411019977189,49.585643182995476,6.256841456517651,0.0,19,6,1,29,True,False,evening
2023-01-29 20:00:00,LOC_1,Mixed,423,55.53495650550468,41.36708690029832,2.1506194885482106,22.6000031006465,58.51246836840737,7.033127707570544,0.0,20,6,1,29,True,False,evening
2023-01-29 21:00:00,LOC_1,Mixed,423,88.36357561191342,41.36708690029832,2.1506194885482106,25.829935945503745,53.258745294960825,6.764866979187552,0.0,21,6,1,29,True,False,evening
2023-01-29 22:00:00,LOC_1,Mixed,423,81.59906118684496,41.36708690029832,2.1506194885482106,25.291068526183647,55.46465690975533,8.483083504746602,0.0,22,6,1,29,True,False,evening
2023-01-29 23:00:00,LOC_1,Mixed,423,90.29887043820708,41.36708690029832,2.1506194885482106,22.697480953372636,56.681258679335826,6.896251737969005,0.0,23,6,1,29,True,False,evening
2023-01-30 00:00:00,LOC_1,Mixed,423,55.70889222113734,41.36708690029832,2.1506194885482106,22.93960444564212,61.292692485110855,8.324265095559598,0.0,0,0,1,30,False,False,night
2023-01-30 01:00:00,LOC_1,Mixed,423,51.396692572631395,41.36708690029832,2.1506194885482106,18.58550248609638,58.729648515784554,8.634343317103081,0.0,1,0,1,30,False,False,night
2023-01-30 02:00:00,LOC_1,Mixed,423,34.91385461320384,41.36708690029832,2.1506194885482106,21.64798199783214,53.915984341384096,7.261437850613255,0.0,2,0,1,30,False,False,night
2023-01-30 03:00:00,LOC_1,Mixed,423,42.117640997364795,41.36708690029832,2.1506194885482106,18.14231953771338,64.97419213756449,8.691073238785568,0.0,3,0,1,30,False,False,night
2023-01-30 04:00:00,LOC_1,Mixed,423,33.13046277826337,41.36708690029832,2.1506194885482106,16.26706159916068,62.11820025064333,7.0944556899293305,0.0,4,0,1,30,False,False,night
2023-01-30 05:00:00,LOC_1,Mixed,423,45.71243630796638,41.36708690029832,2.1506194885482106,18.381278314184524,64.79039686622973,8.855994003159022,0.0,5,0,1,30,False,False,night
2023-01-30 06:00:00,LOC_1,Mixed,423,54.500341780409656,41.36708690029832,2.1506194885482106,14.086263017604471,71.94191929639548,6.232884057099155,0.0,6,0,1,30,False,False,morning
2023-01-30 07:00:00,LOC_1,Mixed,423,43.973280076247896,41.36708690029832,2.1506194885482106,12.18480686029971,76.18795645111453,8.027329516404162,0.0,7,0,1,30,False,False,morning
2023-01-30 08:00:00,LOC_1,Mixed,423,47.58435249519846,41.36708690029832,2.1506194885482106,11.724378918744225,70.43108335209624,7.448969574529192,0.0,8,0,1,30,False,False,morning
2023-01-30 09:00:00,LOC_1,Mixed,423,34.01476051814936,41.36708690029832,2.1506194885482106,16.226304229587583,71.51559640920222,7.1317291080352705,0.0,9,0,1,30,False,False,morning
2023-01-30 10:00:00,LOC_1,Mixed,423,45.5438965629431,41.36708690029832,2.1506194885482106,12.959201434977402,77.47095444323625,7.868173068024235,0.0,10,0,1,30,False,False,morning
2023-01-30 11:00:00,LOC_1,Mixed,423,59.97154586736448,41.36708690029832,2.1506194885482106,19.830512822251997,68.56191698087629,8.082862947746195,0.0,11,0,1,30,False,False,morning
2023-01-30 12:00:00,LOC_1,Mixed,423,57.5263250066203,41.36708690029832,2.1506194885482106,13.198868255319457,78.28296142872817,5.985635223168307,0.0,12,0,1,30,False,False,afternoon
2023-01-30 13:00:00,LOC_1,Mixed,423,53.23120369305512,41.36708690029832,2.1506194885482106,21.967810787347318,65.67775212662323,6.474657921497565,0.0,13,0,1,30,False,False,afternoon
2023-01-30 14:00:00,LOC_1,Mixed,423,65.3954861934056,41.36708690029832,2.1506194885482106,20.29729191097637,51.44567225107865,8.114189547217183,0.0,14,0,1,30,False,False,afternoon
2023-01-30 15:00:00,LOC_1,Mixed,423,70.16557832617052,41.36708690029832,2.1506194885482106,20.982187170510155,61.41548131702078,7.975459874482286,0.0,15,0,1,30,False,False,afternoon
2023-01-30 16:00:00,LOC_1,Mixed,423,77.88300549572519,41.36708690029832,2.1506194885482106,21.297938675942426,57.13023822529324,8.875697885298097,0.0,16,0,1,30,False,False,afternoon
2023-01-30 17:00:00,LOC_1,Mixed,423,63.09774407186281,41.36708690029832,2.1506194885482106,24.227839150454137,59.58962992691374,8.2619199739158,0.0,17,0,1,30,False,False,afternoon
2023-01-30 18:00:00,LOC_1,Mixed,423,75.89307347373241,41.36708690029832,2.1506194885482106,24.155144278363085,54.90507938992423,8.832375456052132,0.0,18,0,1,30,False,False,evening
2023-01-30 19:00:00,LOC_1,Mixed,423,84.84482989889133,41.36708690029832,2.1506194885482106,26.942770687241456,49.83538623366431,8.088929062957035,0.0,19,0,1,30,False,False,evening
2023-01-30 20:00:00,LOC_1,Mixed,423,80.2710217495529,41.36708690029832,2.1506194885482106,25.141241692342824,44.05293602851568,6.876713904922078,0.0,20,0,1,30,False,False,evening
2023-01-30 21:00:00,LOC_1,Mixed,423,74.38564235276554,41.36708690029832,2.1506194885482106,25.049265125212052,49.45756050899328,6.29990126092116,0.0,21,0,1,30,False,False,evening
2023-01-30 22:00:00,LOC_1,Mixed,423,53.75671670405334,41.36708690029832,2.1506194885482106,23.528178610516836,47.23659165906441,8.330526793239276,0.0,22,0,1,30,False,False,evening
2023-01-30 23:00:00,LOC_1,Mixed,423,51.38151525963224,41.36708690029832,2.1506194885482106,23.353159685835475,50.16328088442117,7.9187510698967225,0.0,23,0,1,30,False,False,evening
2023-01-31 00:00:00,LOC_1,Mixed,423,74.18713960667354,41.36708690029832,2.1506194885482106,23.053359039383892,58.0673810189035,6.132109137499842,0.0,0,1,1,31,False,False,night
2023-01-31 01:00:00,LOC_1,Mixed,423,59.57484853925585,41.36708690029832,2.1506194885482106,17.81774987577696,65.87334919957661,7.068949684818456,0.0,1,1,1,31,False,False,night
2023-01-31 02:00:00,LOC_1,Mixed,423,40.07497137137947,41.36708690029832,2.1506194885482106,17.253853981858814,62.07290799697442,8.860444411666906,0.0,2,1,1,31,False,False,night
2023-01-31 03:00:00,LOC_1,Mixed,423,45.58372047129898,41.36708690029832,2.1506194885482106,20.14888863240366,56.69586380110761,7.492494571104771,0.0,3,1,1,31,False,False,night
2023-01-31 04:00:00,LOC_1,Mixed,423,34.776329332585135,41.36708690029832,2.1506194885482106,17.804414840029768,67.29764541355294,7.290724200813891,0.0,4,1,1,31,False,False,night
2023-01-31 05:00:00,LOC_1,Mixed,423,30.99489011464418,41.36708690029832,2.1506194885482106,16.065409125937077,73.1164058359434,7.3668807563929155,0.0,5,1,1,31,False,False,night
2023-01-31 06:00:00,LOC_1,Mixed,423,40.379774127948295,41.36708690029832,2.1506194885482106,15.681873736280396,65.66107373810387,6.621674749829852,0.0,6,1,1,31,False,False,morning
2023-01-31 07:00:00,LOC_1,Mixed,423,37.07491189425463,41.36708690029832,2.1506194885482106,15.846887793340212,69.02646540140167,7.1023922154068275,0.0,7,1,1,31,False,False,morning
2023-01-31 08:00:00,LOC_1,Mixed,423,49.94597931058829,41.36708690029832,2.1506194885482106,13.908052215727393,70.09829782095376,7.106954083230754,0.0,8,1,1,31,False,False,morning
2023-01-31 09:00:00,LOC_1,Mixed,423,64.0369540478162,41.36708690029832,2.1506194885482106,13.607548490474624,65.7471925520303,6.155822475107335,0.0,9,1,1,31,False,False,morning
2023-01-31 10:00:00,LOC_1,Mixed,423,69.61122592709518,41.36708690029832,2.1506194885482106,16.06156349127317,71.90165620706368,8.302702885553755,0.0,10,1,1,31,False,False,morning
2023-01-31 11:00:00,LOC_1,Mixed,423,45.40146319441191,41.36708690029832,2.1506194885482106,14.513930893813246,66.45390635887448,7.250755366706846,0.0,11,1,1,31,False,False,morning
2023-01-31 12:00:00,LOC_1,Mixed,423,49.44474010698306,41.36708690029832,2.1506194885482106,18.328923645886697,67.07282595061963,8.469023287340821,0.0,12,1,1,31,False,False,afternoon
2023-01-31 13:00:00,LOC_1,Mixed,423,66.40466754842627,41.36708690029832,2.1506194885482106,15.319360901263185,58.113482891511765,8.55476867040998,0.0,13,1,1,31,False,False,afternoon
2023-01-31 14:00:00,LOC_1,Mixed,423,81.5630536255345,41.36708690029832,2.1506194885482106,22.08313722881615,57.763056590053225,6.640947354928946,0.0,14,1,1,31,False,False,afternoon
2023-01-31 15:00:00,LOC_1,Mixed,423,78.0851712563071,41.36708690029832,2.1506194885482106,22.27031617834562,60.96166436209979,7.978265644111772,0.0,15,1,1,31,False,False,afternoon
2023-01-31 16:00:00,LOC_1,Mixed,423,100.0,41.36708690029832,2.1506194885482106,23.04928290221577,53.06138737236513,7.424290099206548,0.0,16,1,1,31,False,False,afternoon
2023-01-31 17:00:00,LOC_1,Mixed,423,70.12254179476449,41.36708690029832,2.1506194885482106,25.54433416154354,61.476914868862,8.64915387130841,0.0,17,1,1,31,False,False,afternoon
2023-01-31 18:00:00,LOC_1,Mixed,423,69.0644786463416,41.36708690029832,2.1506194885482106,27.710686455062547,49.2423439396522,6.657144146972403,0.0,18,1,1,31,False,False,evening
2023-01-31 19:00:00,LOC_1,Mixed,423,88.50215441851847,41.36708690029832,2.1506194885482106,26.914169470370236,51.352564948091484,8.04459964270786,0.0,19,1,1,31,False,False,evening
2023-01-31 20:00:00,LOC_1,Mixed,423,72.6074689268208,41.36708690029832,2.1506194885482106,21.380238806892446,54.538979620253976,7.8356538206693145,0.0,20,1,1,31,False,False,evening
2023-01-31 21:00:00,LOC_1,Mixed,423,65.54422401957777,41.36708690029832,2.1506194885482106,22.33864692400745,43.11256962037714,6.8995387779222,0.0,21,1,1,31,False,False,evening
2023-01-31 22:00:00,LOC_1,Mixed,423,72.10515711713141,41.36708690029832,2.1506194885482106,23.154843438671143,42.386994751971116,6.424673425981578,0.0,22,1,1,31,False,False,evening
2023-01-31 23:00:00,LOC_1,Mixed,423,62.54693377288229,41.36708690029832,2.1506194885482106,23.66824882005021,45.13958498789244,7.97102584417099,0.0,23,1,1,31,False,False,evening
2023-02-01 00:00:00,LOC_1,Mixed,423,42.15200703184696,41.36708690029832,2.1506194885482106,23.62202747945929,61.13950164009382,8.233134262101201,0.0,0,2,2,1,False,False,night
2023-01-01 00:00:00,LOC_2,Public,244,20.363426014396467,41.42813226570752,2.197351478482001,18.493428306022466,61.37128093423267,7.3825919938312525,0.0,0,6,1,1,True,False,night
2023-01-01 01:00:00,LOC_2,Public,244,32.9996026653821,41.42813226570752,2.197351478482001,16.02473920852233,68.33129820065598,5.280406436539817,0.0,1,6,1,1,True,False,night
2023-01-01 02:00:00,LOC_2,Public,244,13.393926726344729,41.42813226570752,2.197351478482001,16.309722243215575,66.194395004205,6.76747583424801,0.0,2,6,1,1,True,False,night
2023-01-01 03:00:00,LOC_2,Public,244,15.822682814909289,41.42813226570752,2.197351478482001,16.773482228599715,69.48756595347292,6.447222217917625,0.0,3,6,1,1,True,False,night
2023-01-01 04:00:00,LOC_2,Public,244,24.10736744520574,41.42813226570752,2.197351478482001,12.06038355506166,67.90931390674223,6.932714638617349,0.0,4,6,1,1,True,False,night
2023-01-01 05:00:00,LOC_2,Public,244,15.943429496645107,41.42813226570752,2.197351478482001,11.032055033129287,72.38317587539018,5.201733354040982,0.0,5,6,1,1,True,False,night
2023-01-01 06:00:00,LOC_2,Public,244,0.0,41.42813226570752,2.197351478482001,13.871333995055032,71.81576024383783,6.7485584388768824,0.0,6,6,1,1,True,False,morning
2023-01-01 07:00:00,LOC_2,Public,244,0.0,41.42813226570752,2.197351478482001,11.755448217684993,74.67947621635498,6.694495342043474,0.0,7,6,1,1,True,False,morning
2023-01-01 08:00:00,LOC_2,Public,244,11.730806163058482,41.42813226570752,2.197351478482001,9.118431600986746,85.1534482373259,6.693456357819843,1.4367569459094216,8,6,1,1,True,False,morning
2023-01-01 09:00:00,LOC_2,Public,244,16.914734154185513,41.42813226570752,2.197351478482001,11.320043781095471,74.78315816799321,6.823373564863141,0.03971637332766473,9,6,1,1,True,False,morning
2023-01-01 10:00:00,LOC_2,Public,244,66.12756023268432,41.42813226570752,2.197351478482001,9.81476284012416,91.67871387268877,7.043748860613342,0.0,10,6,1,1,True,False,morning
2023-01-01 11:00:00,LOC_2,Public,244,57.758054271727374,41.42813226570752,2.197351478482001,10.611904214000662,79.3798620621221,7.430746524457092,0.0,11,6,1,1,True,False,morning
2023-01-01 12:00:00,LOC_2,Public,244,50.47363002614361,41.42813226570752,2.197351478482001,13.069994512018951,75.7520406807006,5.82667615416202,0.0,12,6,1,1,True,False,afternoon
2023-01-01 13:00:00,LOC_2,Public,244,42.31625408127772,41.42813226570752,2.197351478482001,9.972586551592109,68.10991701727852,7.493796683824248,0.9798005772521858,13,6,1,1,True,False,afternoon
2023-01-01 14:00:00,LOC_2,Public,244,60.93868929296109,41.42813226570752,2.197351478482001,11.650578850958265,73.30072036507629,6.514849949987227,0.0,14,6,1,1,True,False,afternoon
2023-01-01 15:00:00,LOC_2,Public,244,44.44654457240978,41.42813226570752,2.197351478482001,15.277106880919774,64.31844699000769,5.252692180180816,0.0,15,6,1,1,True,False,afternoon
2023-01-01 16:00:00,LOC_2,Public,244,47.868444884225504,41.42813226570752,2.197351478482001,15.589096615776,65.3805313603371,5.198604559020907,0.869765940983819,16,6,1,1,True,False,afternoon
2023-01-01 17:00:00,LOC_2,Public,244,56.08808598743025,41.42813226570752,2.197351478482001,19.285959511085043,75.48549299955498,6.027101144080533,4.6755022107870525,17,6,1,1,True,False,afternoon
2023-01-01 18:00:00,LOC_2,Public,244,53.90278664499344,41.42813226570752,2.197351478482001,17.64318182862986,60.601240542032194,7.380511523484421,0.0,18,6,1,1,True,False,evening
2023-01-01 19:00:00,LOC_2,Public,244,59.40252482425561,41.42813226570752,2.197351478482001,17.14129664389489,65.81455853829743,7.150297787246773,0.0,19,6,1,1,True,False,evening
2023-01-01 20:00:00,LOC_2,Public,244,47.460636709735894,41.42813226570752,2.197351478482001,23.074744337225304,56.19722427560617,7.394534253893658,0.0,20,6,1,1,True,False,evening
2023-01-01 21:00:00,LOC_2,Public,244,0.0,41.42813226570752,2.197351478482001,19.52869514031891,59.864562064931235,6.581930891294156,0.0,21,6,1,1,True,False,evening
2023-01-01 22:00:00,LOC_2,Public,244,15.055997068763006,41.42813226570752,2.197351478482001,19.62297377112189,69.87816845468546,6.352155062431242,0.0,22,6,1,1,True,False,evening
2023-01-01 23:00:00,LOC_2,Public,244,32.56768124560324,41.42813226570752,2.197351478482001,15.850999528130089,59.46417290994716,5.475349979043704,0.0,23,6,1,1,True,False,evening
2023-01-02 00:00:00,LOC_2,Public,244,36.508584200984615,41.42813226570752,2.197351478482001,16.583368112507983,73.71797566686794,6.019004973139603,0.0,0,0,1,2,False,False,night
2023-01-02 01:00:00,LOC_2,Public,244,14.491233244736751,41.42813226570752,2.197351478482001,16.695245444868956,70.59195914637893,6.3379191065089495,0.0,1,0,1,2,False,False,night
2023-01-02 02:00:00,LOC_2,Public,244,37.25414611296402,41.42813226570752,2.197351478482001,12.884489271225045,66.81471326838937,5.303096574252781,0.0,2,0,1,2,False,False,night
2023-01-02 03:00:00,LOC_2,Public,244,24.52689896817922,41.42813226570752,2.197351478482001,14.650948527446776,75.36293371376674,5.700565401387241,0.0,3,0,1,2,False,False,night
2023-01-02 04:00:00,LOC_2,Public,244,24.84937692204337,41.42813226570752,2.197351478482001,11.499541527004839,79.46113443444875,6.8348396635597055,0.0,4,0,1,2,False,False,night
2023-01-02 05:00:00,LOC_2,Public,244,19.31354571535338,41.42813226570752,2.197351478482001,11.089068588584297,79.76413763474429,7.248587341538287,0.0,5,0,1,2,False,False,night
2023-01-02 06:00:00,LOC_2,Public,244,0.0,41.42813226570752,2.197351478482001,9.681620730981235,70.37880848966766,8.038074729051292,0.0,6,0,1,2,False,False,morning
2023-01-02 07:00:00,LOC_2,Public,244,9.514581721634604,41.42813226570752,2.197351478482001,14.097259081501704,75.57890869590801,7.8438063628165065,0.0,7,0,1,2,False,False,morning
2023-01-02 08:00:00,LOC_2,Public,244,67.05635979341895,41.42813226570752,2.197351478482001,10.202508149639435,78.30340162401187,6.9735961184286355,0.0,8,0,1,2,False,False,morning
2023-01-02 09:00:00,LOC_2,Public,244,60.211979202202045,41.42813226570752,2.197351478482001,8.29162224687442,78.81374464492734,6.311078807128528,1.255617603584788,9,0,1,2,False,False,morning
2023-01-02 10:00:00,LOC_2,Public,244,67.82517085618721,41.42813226570752,2.197351478482001,12.55880655687312,81.2759270224199,6.957300844442485,0.8993309136890182,10,0,1,2,False,False,morning
2023-01-02 11:00:00,LOC_2,Public,244,65.99948997372222,41.42813226570752,2.197351478482001,9.273792935623701,77.45754453353479,7.407157682540393,0.0,11,0,1,2,False,False,morning
2023-01-02 12:00:00,LOC_2,Public,244,71.47465342261664,41.42813226570752,2.197351478482001,13.17591159228084,67.80690940190684,5.406645453224428,0.0,12,0,1,2,False,False,afternoon
2023-01-02 13:00:00,LOC_2,Public,244,76.37778037780328,41.42813226570752,2.197351478482001,10.051919056946504,73.95847064561771,6.282785575132596,1.1232727809391316,13,0,1,2,False,False,afternoon
2023-01-02 14:00:00,LOC_2,Public,244,73.37566436345872,41.42813226570752,2.197351478482001,12.61615242385487,72.50787968311565,7.573911761237198,0.0,14,0,1,2,False,False,afternoon
2023-01-02 15:00:00,LOC_2,Public,244,82.67491803812396,41.42813226570752,2.197351478482001,16.967512070132724,69.65137304286623,6.207437730375507,0.4670043211463479,15,0,1,2,False,False,afternoon
2023-01-02 16:00:00,LOC_2,Public,244,87.54083941093866,41.42813226570752,2.197351478482001,19.263797240211307,69.83017546733214,6.772989629725657,0.0,16,0,1,2,False,False,afternoon
2023-01-02 17:00:00,LOC_2,Public,244,71.83202870000662,41.42813226570752,2.197351478482001,19.172304108291716,66.51047568092096,6.822114810582402,0.0,17,0,1,2,False,False,afternoon
2023-01-02 18:00:00,LOC_2,Public,244,76.14611258211818,41.42813226570752,2.197351478482001,19.400033502614793,63.03324026135964,5.613669369094735,0.0,18,0,1,2,False,False,evening
2023-01-02 19:00:00,LOC_2,Public,244,20.57930046858897,41.42813226570752,2.197351478482001,19.535794042269007,59.37316857581159,6.148380785357314,0.0,19,0,1,2,False,False,evening
2023-01-02 20:00:00,LOC_2,Public,244,6.392193733967908,41.42813226570752,2.197351478482001,17.358497416155377,51.06411253863958,6.066642145603842,0.0,20,0,1,2,False,False,evening
2023-01-02 21:00:00,LOC_2,Public,244,0.0,41.42813226570752,2.197351478482001,18.712651044100756,61.843412173882584,5.14313219148516,1.045940970982072,21,0,1,2,False,False,evening
2023-01-02 22:00:00,LOC_2,Public,244,23.87562370401603,41.42813226570752,2.197351478482001,18.738728572980534,61.71842620601534,5.138551110869649,0.0,22,0,1,2,False,False,evening
2023-01-02 23:00:00,LOC_2,Public,244,0.0,41.42813226570752,2.197351478482001,20.98682605117201,63.61273098850851,7.562500669587609,0.0,23,0,1,2,False,False,evening
2023-01-03 00:00:00,LOC_2,Public,244,17.51680549299631,41.42813226570752,2.197351478482001,18.53145269536438,57.92782488844354,5.888055653163929,0.0,0,1,1,3,False,False,night
2023-01-03 01:00:00,LOC_2,Public,244,18.699229568629544,41.42813226570752,2.197351478482001,13.119399277355228,61.303758121797294,6.624513171230065,0.0,1,1,1,3,False,False,night
2023-01-03 02:00:00,LOC_2,Public,244,22.3111448876834,41.42813226570752,2.197351478482001,16.006720366925162,74.54865941039337,5.967887206393434,0.19766589364657372,2,1,1,3,False,False,night
2023-01-03 03:00:00,LOC_2,Public,244,10.710313986926955,41.42813226570752,2.197351478482001,13.30146052289698,71.6589740632575,7.895181797194465,0.0,3,1,1,3,False,False,night
2023-01-03 04:00:00,LOC_2,Public,244,23.287185915550005,41.42813226570752,2.197351478482001,11.519044001588519,77.66172748246224,5.852467877037409,0.0,4,1,1,3,False,False,night
2023-01-03 05:00:00,LOC_2,Public,244,26.568882097417756,41.42813226570752,2.197351478482001,13.067874175071742,76.45254868587229,6.364981538881354,0.0,5,1,1,3,False,False,night
2023-01-03 06:00:00,LOC_2,Public,244,2.256119137462759,41.42813226570752,2.197351478482001,13.119094834991452,78.03458911747961,7.695635313238155,0.0,6,1,1,3,False,False,morning
2023-01-03 07:00:00,LOC_2,Public,244,10.983857850694566,41.42813226570752,2.197351478482001,12.427321022097203,83.56189746215037,7.604678683437455,0.0,7,1,1,3,False,False,morning
2023-01-03 08:00:00,LOC_2,Public,244,62.8553025655077,41.42813226570752,2.197351478482001,8.72312177235549,76.6166627213116,5.638615617298986,0.0,8,1,1,3,False,False,morning
2023-01-03 09:00:00,LOC_2,Public,244,93.66061043776492,41.42813226570752,2.197351478482001,9.960669632558746,79.32241511618258,7.489674632528434,1.510056877070906,9,1,1,3,False,False,morning
2023-01-03 10:00:00,LOC_2,Public,244,71.54950539284873,41.42813226570752,2.197351478482001,11.74828984622535,75.51709758963833,6.457738660681762,0.0,10,1,1,3,False,False,morning
2023-01-03 11:00:00,LOC_2,Public,244,51.575324652499745,41.42813226570752,2.197351478482001,13.83861262332758,74.0524741246727,6.5335178712591855,0.0,11,1,1,3,False,False,morning
2023-01-03 12:00:00,LOC_2,Public,244,72.86912391462175,41.42813226570752,2.197351478482001,11.971873854354726,72.5936947225662,5.486484383256892,0.0,12,1,1,3,False,False,afternoon
2023-01-03 13:00:00,LOC_2,Public,244,64.0208596596739,41.42813226570752,2.197351478482001,13.771974984902647,72.824082981708,5.3292821740199505,0.0,13,1,1,3,False,False,afternoon
2023-01-03 14:00:00,LOC_2,Public,244,63.71242111208257,41.42813226570752,2.197351478482001,13.231883824409751,66.71714934683901,7.2727286754056575,0.0,14,1,1,3,False,False,afternoon
2023-01-03 15:00:00,LOC_2,Public,244,92.83723121451968,41.42813226570752,2.197351478482001,14.353401129746915,72.78715187205108,6.57972728754503,0.7677308202762632,15,1,1,3,False,False,afternoon
2023-01-03 16:00:00,LOC_2,Public,244,83.17411466961654,41.42813226570752,2.197351478482001,19.583935944766512,59.60919488894625,6.402328967841162,0.0,16,1,1,3,False,False,afternoon
2023-01-03 17:00:00,LOC_2,Public,244,58.64052914514426,41.42813226570752,2.197351478482001,21.714063174557413,61.06247554436168,7.281734528253796,0.0,17,1,1,3,False,False,afternoon
2023-01-03 18:00:00,LOC_2,Public,244,67.4258048223851,41.42813226570752,2.197351478482001,19.65932065898584,58.194662904336106,7.391181473618192,0.0,18,1,1,3,False,False,evening
2023-01-03 19:00:00,LOC_2,Public,244,0.2526853820202268,41.42813226570752,2.197351478482001,22.317073238745444,66.61487453584587,5.572800165311272,0.0,19,1,1,3,False,False,evening
2023-01-03 20:00:00,LOC_2,Public,244,0.0,41.42813226570752,2.197351478482001,21.210814542767693,60.00768889721302,6.928183946967409,0.0,20,1,1,3,False,False,evening
2023-01-03 21:00:00,LOC_2,Public,244,0.0,41.42813226570752,2.197351478482001,19.034096045242844,64.510551588437,5.505003531434607,0.0,21,1,1,3,False,False,evening
2023-01-03 22:00:00,LOC_2,Public,244,38.34047611994978,41.42813226570752,2.197351478482001,20.55478832877549,52.90820389929781,7.354499277854432,0.0,22,1,1,3,False,False,evening
2023-01-03 23:00:00,LOC_2,Public,244,13.573359676878244,41.42813226570752,2.197351478482001,22.12064055533784,63.2461164845345,7.072672172096051,0.0,23,1,1,3,False,False,evening
2023-01-04 00:00:00,LOC_2,Public,244,33.98690475294461,41.42813226570752,2.197351478482001,17.944544594012633,68.41576063365211,7.973083197696881,0.0,0,2,1,4,False,False,night
2023-01-04 01:00:00,LOC_2,Public,244,24.570312005547695,41.42813226570752,2.197351478482001,19.946742099570052,66.77651037049303,5.311545961555151,0.0,1,2,1,4,False,False,night
2023-01-04 02:00:00,LOC_2,Public,244,21.2120074695221,41.42813226570752,2.197351478482001,10.291031975199356,74.26635750856907,5.277268600129531,0.03225852154060481,2,2,1,4,False,False,night
2023-01-04 03:00:00,LOC_2,Public,244,27.159132549852888,41.42813226570752,2.197351478482001,15.88739431463372,68.9263791377316,5.954098130358776,0.0,3,2,1,4,False,False,night
2023-01-04 04:00:00,LOC_2,Public,244,28.723657861470443,41.42813226570752,2.197351478482001,13.218940739272137,80.9570439953363,5.8940863717668766,0.0,4,2,1,4,False,False,night
2023-01-04 05:00:00,LOC_2,Public,244,19.18057140449684,41.42813226570752,2.197351478482001,11.418459787029525,87.46154164217373,5.851338075994798,0.0,5,2,1,4,False,False,night
2023-01-04 06:00:00,LOC_2,Public,244,8.980364654805703,41.42813226570752,2.197351478482001,11.412564435154843,75.72772143363403,7.830597721764317,2.12840496823145,6,2,1,4,False,False,morning
2023-01-04 07:00:00,LOC_2,Public,244,21.50598138661769,41.42813226570752,2.197351478482001,6.761564159800463,76.29908341499164,5.861904823638036,0.0,7,2,1,4,False,False,morning
2023-01-04 08:00:00,LOC_2,Public,244,51.72098863228701,41.42813226570752,2.197351478482001,10.13414827285949,86.11993828851948,5.930547588092796,0.0,8,2,1,4,False,False,morning
2023-01-04 09:00:00,LOC_2,Public,244,64.11071421236954,41.42813226570752,2.197351478482001,11.465248693160943,86.39581362837868,7.39432532357045,0.0,9,2,1,4,False,False,morning
2023-01-04 10:00:00,LOC_2,Public,244,47.58847569709575,41.42813226570752,2.197351478482001,14.213474086469402,74.87032787026091,6.466782130533332,0.0,10,2,1,4,False,False,morning
2023-01-04 11:00:00,LOC_2,Public,244,79.98640949811114,41.42813226570752,2.197351478482001,11.022898705348092,73.78018763072994,7.4491262804311695,0.0,11,2,1,4,False,False,morning
2023-01-04 12:00:00,LOC_2,Public,244,71.22472148247027,41.42813226570752,2.197351478482001,11.485145567871555,72.3868114083816,5.316525027424742,0.0,12,2,1,4,False,False,afternoon
2023-01-04 13:00:00,LOC_2,Public,244,66.13511357933,41.42813226570752,2.197351478482001,13.311682877032908,64.64735351642466,6.58457201896307,0.0,13,2,1,4,False,False,afternoon
2023-01-04 14:00:00,LOC_2,Public,244,74.95504494839673,41.42813226570752,2.197351478482001,17.447255527719005,64.1738376829493,5.224131059012819,0.0,14,2,1,4,False,False,afternoon
2023-01-04 15:00:00,LOC_2,Public,244,81.46213714598096,41.42813226570752,2.197351478482001,17.57520752260765,61.143885559663104,5.312681625921199,0.0,15,2,1,4,False,False,afternoon
2023-01-04 16:00:00,LOC_2,Public,244,69.80482269093656,41.42813226570752,2.197351478482001,17.071248134880058,59.8994750896511,7.8454660685160595,0.0,16,2,1,4,False,False,afternoon
2023-01-04 17:00:00,LOC_2,Public,244,45.336804091242186,41.42813226570752,2.197351478482001,20.199995454706936,61.47965438610564,5.545321449862283,0.0,17,2,1,4,False,False,afternoon
2023-01-04 18:00:00,LOC_2,Public,244,60.16703531929157,41.42813226570752,2.197351478482001,20.169366612111435,61.2206506358519,6.726278945724284,0.0,18,2,1,4,False,False,evening
2023-01-04 19:00:00,LOC_2,Public,244,0.0,41.42813226570752,2.197351478482001,22.41916108707987,66.7887602520422,6.36373520271587,0.0,19,2,1,4,False,False,evening
2023-01-04 20:00:00,LOC_2,Public,244,0.0,41.42813226570752,2.197351478482001,19.25529293133731,53.68943155812202,6.173909802594931,0.0,20,2,1,4,False,False,evening
2023-01-04 21:00:00,LOC_2,Public,244,0.0,41.42813226570752,2.197351478482001,19.840860762630697,63.92924188073045,7.8328112219379955,0.0,21,2,1,4,False,False,evening
2023-01-04 22:00:00,LOC_2,Public,244,10.56253362183764,41.42813226570752,2.197351478482001,19.219623099411372,58.92237696752108,5.200212667677167,0.0,22,2,1,4,False,False,evening
2023-01-04 23:00:00,LOC_2,Public,244,18.816471973949493,41.42813226570752,2.197351478482001,16.289372512196607,61.31987663481615,7.127542759032389,0.0,23,2,1,4,False,False,evening
2023-01-05 00:00:00,LOC_2,Public,244,5.994826682087479,41.42813226570752,2.197351478482001,18.78026482215235,66.99804892478662,8.02778815624529,0.0,0,3,1,5,False,False,night
2023-01-05 01:00:00,LOC_2,Public,244,7.525131015417355,41.42813226570752,2.197351478482001,17.511385449429795,60.407840082048466,6.819540486297008,0.0,1,3,1,5,False,False,night
2023-01-05 02:00:00,LOC_2,Public,244,35.400686784902554,41.42813226570752,2.197351478482001,15.712561646734498,70.5073792640211,7.95093433278919,0.0,2,3,1,5,False,False,night
2023-01-05 03:00:00,LOC_2,Public,244,5.2296496236892756,41.42813226570752,2.197351478482001,13.946219933755803,72.0014726400531,5.298671523061812,0.0,3,3,1,5,False,False,night
2023-01-05 04:00:00,LOC_2,Public,244,0.8519444113494284,41.42813226570752,2.197351478482001,10.38590226948316,76.02896881287276,6.399708707939282,0.0,4,3,1,5,False,False,night
2023-01-05 05:00:00,LOC_2,Public,244,22.921817291954525,41.42813226570752,2.197351478482001,11.346973161001365,77.06931560647492,5.925232915379118,2.780060267792967,5,3,1,5,False,False,night
2023-01-05 06:00:00,LOC_2,Public,244,6.844816850624951,41.42813226570752,2.197351478482001,10.715395247005043,89.4748521394373,7.338653154738345,0.08894431968732089,6,3,1,5,False,False,morning
2023-01-05 07:00:00,LOC_2,Public,244,0.0,41.42813226570752,2.197351478482001,9.303920839563038,74.99434932273087,8.091512173382064,0.0,7,3,1,5,False,False,morning
2023-01-05 08:00:00,LOC_2,Public,244,78.50011159121318,41.42813226570752,2.197351478482001,10.422685916865289,75.8545005445963,5.9186416553722045,0.0,8,3,1,5,False,False,morning
2023-01-05 09:00:00,LOC_2,Public,244,71.05797096232851,41.42813226570752,2.197351478482001,11.730882369721735,75.03873605569086,7.113005761929824,0.0,9,3,1,5,False,False,morning
2023-01-05 10:00:00,LOC_2,Public,244,74.63226067833321,41.42813226570752,2.197351478482001,15.20180663129292,74.363744746455,5.746205267838031,0.0,10,3,1,5,False,False,morning
2023-01-05 11:00:00,LOC_2,Public,244,72.68747367984825,41.42813226570752,2.197351478482001,12.580335237016952,72.35070514076088,6.849333467172032,0.6331951821699681,11,3,1,5,False,False,morning
2023-01-05 12:00:00,LOC_2,Public,244,42.275934825781434,41.42813226570752,2.197351478482001,13.788965573780159,79.3973530708685,6.546570418531935,0.31274304839958234,12,3,1,5,False,False,afternoon
2023-01-05 13:00:00,LOC_2,Public,244,74.43835859769385,41.42813226570752,2.197351478482001,14.33802861221593,78.12868035245275,8.072219122746786,0.0,13,3,1,5,False,False,afternoon
2023-01-05 14:00:00,LOC_2,Public,244,61.63110614666333,41.42813226570752,2.197351478482001,11.950623713787802,65.56993624248085,6.983215046966577,0.0,14,3,1,5,False,False,afternoon
2023-01-05 15:00:00,LOC_2,Public,244,71.65394441557453,41.42813226570752,2.197351478482001,17.03638368864522,61.65939925539155,6.207582359066666,0.0,15,3,1,5,False,False,afternoon
2023-01-05 16:00:00,LOC_2,Public,244,77.06411233755284,41.42813226570752,2.197351478482001,18.422926294399986,65.75214603289615,5.502780529567387,0.0,16,3,1,5,False,False,afternoon
2023-01-05 17:00:00,LOC_2,Public,244,75.8240479747973,41.42813226570752,2.197351478482001,24.271633253071634,58.54858672239302,5.615663510638468,0.0,17,3,1,5,False,False,afternoon
2023-01-05 18:00:00,LOC_2,Public,244,90.44757166864136,41.42813226570752,2.197351478482001,19.76216904266417,62.87087714432472,5.83930358051455,0.0,18,3,1,5,False,False,evening
2023-01-05 19:00:00,LOC_2,Public,244,1.6546284232369564,41.42813226570752,2.197351478482001,21.256636180360413,59.707532112870126,5.917682456870463,0.0,19,3,1,5,False,False,evening
2023-01-05 20:00:00,LOC_2,Public,244,0.6775328713752894,41.42813226570752,2.197351478482001,20.76163681191113,50.75915872237061,7.718060243787738,0.0,20,3,1,5,False,False,evening
2023-01-05 21:00:00,LOC_2,Public,244,0.0,41.42813226570752,2.197351478482001,18.330480967054463,66.40185192206326,6.851309947017213,0.0,21,3,1,5,False,False,evening
2023-01-05 22:00:00,LOC_2,Public,244,33.143326184144485,41.42813226570752,2.197351478482001,22.461127687102653,68.62842424933238,6.739243741953183,0.0,22,3,1,5,False,False,evening
2023-01-05 23:00:00,LOC_2,Public,244,13.891675649569818,41.42813226570752,2.197351478482001,20.891901703857695,58.15998527060977,5.514806962117934,0.0,23,3,1,5,False,False,evening
2023-01-06 00:00:00,LOC_2,Public,244,22.060817348126665,41.42813226570752,2.197351478482001,19.94171188146056,61.34219622557115,7.752348677523198,0.0,0,4,1,6,False,True,night
2023-01-06 01:00:00,LOC_2,Public,244,17.102801590840592,41.42813226570752,2.197351478482001,15.342114115866252,67.10754890271306,7.341801669614076,0.0,1,4,1,6,False,True,night
2023-01-06 02:00:00,LOC_2,Public,244,27.578495447353816,41.42813226570752,2.197351478482001,18.679527788453356,69.9244056167728,5.377792919016237,0.0,2,4,1,6,False,True,night
2023-01-06 03:00:00,LOC_2,Public,244,34.03838351531785,41.42813226570752,2.197351478482001,11.783286732515396,74.11874364716424,7.299722108411818,0.0,3,4,1,6,False,True,night
2023-01-06 04:00:00,LOC_2,Public,244,16.717256327998562,41.42813226570752,2.197351478482001,14.561942734962098,83.27456559910863,6.808260361500251,0.0,4,4,1,6,False,True,night
2023-01-06 05:00:00,LOC_2,Public,244,17.924467182645305,41.42813226570752,2.197351478482001,16.74074989983983,74.39558656609002,5.424250548070857,0.0,5,4,1,6,False,True,night
2023-01-06 06:00:00,LOC_2,Public,244,0.0,41.42813226570752,2.197351478482001,9.59131643112684,72.8637356145313,6.555405144648052,0.0,6,4,1,6,False,True,morning
2023-01-06 07:00:00,LOC_2,Public,244,13.156178656613262,41.42813226570752,2.197351478482001,9.947434591509008,70.94334375849827,6.6360206978221195,1.6556056297563988,7,4,1,6,False,True,morning
2023-01-06 08:00:00,LOC_2,Public,244,87.74670150757979,41.42813226570752,2.197351478482001,11.116104526201513,74.51174620823795,5.680683979695073,0.0,8,4,1,6,False,True,morning
2023-01-06 09:00:00,LOC_2,Public,244,77.19642891735312,41.42813226570752,2.197351478482001,10.087363498557092,77.64573552205205,8.021883228647813,0.0,9,4,1,6,False,True,morning
2023-01-06 10:00:00,LOC_2,Public,244,74.41888833863663,41.42813226570752,2.197351478482001,8.499631724056893,85.77087214521062,7.736143235464256,1.9999571820367423,10,4,1,6,False,True,morning
2023-01-06 11:00:00,LOC_2,Public,244,65.79598872544115,41.42813226570752,2.197351478482001,12.539818836661006,72.60655773072125,7.194712370583663,0.0,11,4,1,6,False,True,morning
2023-01-06 12:00:00,LOC_2,Public,244,46.11567052848146,41.42813226570752,2.197351478482001,11.320760070719784,74.2282047618505,6.57596018263622,0.0,12,4,1,6,False,True,afternoon
2023-01-06 13:00:00,LOC_2,Public,244,87.92541470751995,41.42813226570752,2.197351478482001,15.605597352766411,70.60106053664416,6.425798168155256,0.0,13,4,1,6,False,True,afternoon
2023-01-06 14:00:00,LOC_2,Public,244,86.50218781237643,41.42813226570752,2.197351478482001,14.120798977350708,74.0226714756038,7.144849890616525,0.0,14,4,1,6,False,True,afternoon
2023-01-06 15:00:00,LOC_2,Public,244,71.7886533241501,41.42813226570752,2.197351478482001,20.360750716475557,78.11289831648715,6.829652944406291,0.0,15,4,1,6,False,True,afternoon
2023-01-06 16:00:00,LOC_2,Public,244,66.37411962012328,41.42813226570752,2.197351478482001,16.907418833992004,60.39780529806944,5.381604401378553,0.0,16,4,1,6,False,True,afternoon
2023-01-06 17:00:00,LOC_2,Public,244,75.70345360988618,41.42813226570752,2.197351478482001,18.872474528876925,58.51960766483233,6.733720677382103,0.0,17,4,1,6,False,True,afternoon
2023-01-06 18:00:00,LOC_2,Public,244,92.00107396499494,41.42813226570752,2.197351478482001,21.945362840990246,64.58414757284355,7.616851129164261,0.0,18,4,1,6,False,True,evening
2023-01-06 19:00:00,LOC_2,Public,244,5.8669214575942314,41.42813226570752,2.197351478482001,18.363239109489363,61.759521963417015,6.576787354973261,0.0,19,4,1,6,False,True,evening
2023-01-06 20:00:00,LOC_2,Public,244,0.0,41.42813226570752,2.197351478482001,21.45739519164163,67.22858598381342,5.35636479714948,0.0,20,4,1,6,False,True,evening
2023-01-06 21:00:00,LOC_2,Public,244,3.5477653203938275,41.42813226570752,2.197351478482001,23.453526158231682,61.241159627296156,7.560756901796397,0.0,21,4,1,6,False,True,evening
2023-01-06 22:00:00,LOC_2,Public,244,17.046752891327955,41.42813226570752,2.197351478482001,17.131907744404728,57.50979111901034,5.807440785328922,0.0,22,4,1,6,False,True,evening
2023-01-06 23:00:00,LOC_2,Public,244,40.75925354215264,41.42813226570752,2.197351478482001,19.928683970910207,63.834441645770355,5.9806389742466886,0.0,23,4,1,6,False,True,evening
2023-01-07 00:00:00,LOC_2,Public,244,37.11248633764792,41.42813226570752,2.197351478482001,19.050782562971193,68.48148395396585,5.700322455191758,0.0,0,5,1,7,True,False,night
2023-01-07 01:00:00,LOC_2,Public,244,9.897917508412888,41.42813226570752,2.197351478482001,18.8958920396862,69.43791831372366,6.198275408738287,0.0,1,5,1,7,True,False,night
2023-01-07 02:00:00,LOC_2,Public,244,17.390015284855032,41.42813226570752,2.197351478482001,13.57138321092037,70.44580089018342,7.479311443601212,0.0,2,5,1,7,True,False,night
2023-01-07 03:00:00,LOC_2,Public,244,11.055972563227987,41.42813226570752,2.197351478482001,12.117409205295939,75.81672858501679,6.7686411099072314,0.0,3,5,1,7,True,False,night
2023-01-07 04:00:00,LOC_2,Public,244,17.82842102816723,41.42813226570752,2.197351478482001,14.603433271084796,78.72737767252636,5.8265538504223375,0.05866643774561698,4,5,1,7,True,False,night
2023-01-07 05:00:00,LOC_2,Public,244,16.789902564426622,41.42813226570752,2.197351478482001,13.125117518162513,81.84849861179536,7.846826649981898,0.5423288036950722,5,5,1,7,True,False,night
2023-01-07 06:00:00,LOC_2,Public,244,10.08776403534884,41.42813226570752,2.197351478482001,12.24467214841119,79.75617654250934,7.853508258182914,0.0,6,5,1,7,True,False,morning
2023-01-07 07:00:00,LOC_2,Public,244,0.0,41.42813226570752,2.197351478482001,11.944211590769052,76.66177925486554,7.8279241357821086,0.0,7,5,1,7,True,False,morning
2023-01-07 08:00:00,LOC_2,Public,244,15.849033639376165,41.42813226570752,2.197351478482001,9.728025140539806,78.55741926477305,5.9340035508839755,0.0,8,5,1,7,True,False,morning
2023-01-07 09:00:00,LOC_2,Public,244,0.0,41.42813226570752,2.197351478482001,11.730082567279085,83.50139448662765,6.572758893423448,0.0,9,5,1,7,True,False,morning
2023-01-07 10:00:00,LOC_2,Public,244,54.03169306600124,41.42813226570752,2.197351478482001,12.358351389344556,72.37090875956943,8.175435660756502,0.0,10,5,1,7,True,False,morning
2023-01-07 11:00:00,LOC_2,Public,244,54.72246448040331,41.42813226570752,2.197351478482001,11.145225309844545,76.69551025256995,7.537929839295975,0.0,11,5,1,7,True,False,morning
2023-01-07 12:00:00,LOC_2,Public,244,52.69175485762156,41.42813226570752,2.197351478482001,17.348139093506457,70.8001257959293,5.304820277920068,0.0,12,5,1,7,True,False,afternoon
2023-01-07 13:00:00,LOC_2,Public,244,49.335037203260605,41.42813226570752,2.197351478482001,15.777288132474059,70.48447953337312,5.4203572770140935,0.0,13,5,1,7,True,False,afternoon
2023-01-07 14:00:00,LOC_2,Public,244,35.963979789764736,41.42813226570752,2.197351478482001,13.748237388596362,74.13057054703317,6.617963007037329,1.8332571822396362,14,5,1,7,True,False,afternoon
2023-01-07 15:00:00,LOC_2,Public,244,54.409404729462494,41.42813226570752,2.197351478482001,18.745173110846437,66.09136355294196,7.9552547511979155,0.0,15,5,1,7,True,False,afternoon
2023-01-07 16:00:00,LOC_2,Public,244,43.23569127743553,41.42813226570752,2.197351478482001,16.6957330272358,62.94199000539986,6.845124667396231,2.2029145338737806,16,5,1,7,True,False,afternoon
2023-01-07 17:00:00,LOC_2,Public,244,48.35555973457157,41.42813226570752,2.197351478482001,21.261924591626222,53.82520852681777,6.723881819744587,0.0,17,5,1,7,True,False,afternoon
2023-01-07 18:00:00,LOC_2,Public,244,40.80099376546384,41.42813226570752,2.197351478482001,22.806664172892006,62.75232180038171,5.548290299060893,0.0,18,5,1,7,True,False,evening
2023-01-07 19:00:00,LOC_2,Public,244,46.79121632685099,41.42813226570752,2.197351478482001,19.354734412006355,61.235222808285826,7.203634297625769,0.0,19,5,1,7,True,False,evening
2023-01-07 20:00:00,LOC_2,Public,244,66.45903597773878,41.42813226570752,2.197351478482001,23.100345496960546,68.4690871395835,7.701028129495056,0.0,20,5,1,7,True,False,evening
2023-01-07 21:00:00,LOC_2,Public,244,0.0,41.42813226570752,2.197351478482001,21.835906941231077,56.440418650518836,6.377403213705235,0.0,21,5,1,7,True,False,evening
2023-01-07 22:00:00,LOC_2,Public,244,30.327503006118818,41.42813226570752,2.197351478482001,22.16208540483377,60.059821468630105,7.564403165960502,0.0,22,5,1,7,True,False,evening
2023-01-07 23:00:00,LOC_2,Public,244,3.044184370188971,41.42813226570752,2.197351478482001,23.52407943607807,61.785931477013435,8.132421874669921,0.0,23,5,1,7,True,False,evening
2023-01-08 00:00:00,LOC_2,Public,244,22.660238002395623,41.42813226570752,2.197351478482001,18.211304216987788,70.48310550083032,5.851715467181773,0.4484829164564948,0,6,1,8,True,False,night
2023-01-08 01:00:00,LOC_2,Public,244,23.82230682386732,41.42813226570752,2.197351478482001,15.99582361152509,64.51693045758509,6.8118290365297165,0.0,1,6,1,8,True,False,night
2023-01-08 02:00:00,LOC_2,Public,244,36.21992562077742,41.42813226570752,2.197351478482001,14.437291499125113,68.96246691209937,6.104677945928958,0.0,2,6,1,8,True,False,night
2023-01-08 03:00:00,LOC_2,Public,244,30.41093830723549,41.42813226570752,2.197351478482001,13.297723580833352,73.18079424705425,7.623251132356885,0.0,3,6,1,8,True,False,night
2023-01-08 04:00:00,LOC_2,Public,244,18.73028863948863,41.42813226570752,2.197351478482001,13.576354345938833,73.47193008624771,6.97889165059688,0.0,4,6,1,8,True,False,night
2023-01-08 05:00:00,LOC_2,Public,244,25.098737340595793,41.42813226570752,2.197351478482001,13.384445563885212,72.3635486987435,7.151282356687844,0.0,5,6,1,8,True,False,night
2023-01-08 06:00:00,LOC_2,Public,244,7.179865714427374,41.42813226570752,2.197351478482001,12.468047218605737,77.14111872460013,7.642701006621261,0.0,6,6,1,8,True,False,morning
2023-01-08 07:00:00,LOC_2,Public,244,0.7672532475890286,41.42813226570752,2.197351478482001,13.076646483781964,82.52359877787903,6.438293241418417,0.0,7,6,1,8,True,False,morning
2023-01-08 08:00:00,LOC_2,Public,244,0.0,41.42813226570752,2.197351478482001,11.285028735141433,72.34937360017346,7.997075195498254,0.0,8,6,1,8,True,False,morning
2023-01-08 09:00:00,LOC_2,Public,244,0.0,41.42813226570752,2.197351478482001,14.343579160767458,77.79182635782873,6.8523146293180535,0.0,9,6,1,8,True,False,morning
2023-01-08 10:00:00,LOC_2,Public,244,36.22093470927552,41.42813226570752,2.197351478482001,11.413813987634313,72.61314061708367,5.728515403112527,0.0,10,6,1,8,True,False,morning
2023-01-08 11:00:00,LOC_2,Public,244,66.15704878631301,41.42813226570752,2.197351478482001,18.185172980374734,80.48556385023322,7.343771065132054,0.0,11,6,1,8,True,False,morning
2023-01-08 12:00:00,LOC_2,Public,244,70.19182162545361,41.42813226570752,2.197351478482001,15.03881647005582,64.8091019270295,7.637280406219925,0.0,12,6,1,8,True,False,afternoon
2023-01-08 13:00:00,LOC_2,Public,244,39.55070485469868,41.42813226570752,2.197351478482001,13.286183995220505,67.20439254753593,6.209203897915715,0.0,13,6,1,8,True,False,afternoon
2023-01-08 14:00:00,LOC_2,Public,244,54.3182153175688,41.42813226570752,2.197351478482001,14.159921230466475,69.2826469221452,7.831879016313999,0.0,14,6,1,8,True,False,afternoon
2023-01-08 15:00:00,LOC_2,Public,244,57.89425167566189,41.42813226570752,2.197351478482001,18.56785750593508,72.62179479527427,7.980193254284521,0.0,15,6,1,8,True,False,afternoon
2023-01-08 16:00:00,LOC_2,Public,244,52.195895587582974,41.42813226570752,2.197351478482001,18.36900242929776,62.039392694736144,6.0938990621233184,0.0,16,6,1,8,True,False,afternoon
2023-01-08 17:00:00,LOC_2,Public,244,53.76072088939148,41.42813226570752,2.197351478482001,21.286572767087577,57.506858808727216,8.215171992739796,0.0,17,6,1,8,True,False,afternoon
2023-01-08 18:00:00,LOC_2,Public,244,44.50486679917752,41.42813226570752,2.197351478482001,21.60674933341124,68.08523717867465,5.688163997214667,0.0,18,6,1,8,True,False,evening
2023-01-08 19:00:00,LOC_2,Public,244,56.733127319322286,41.42813226570752,2.197351478482001,21.02122687953757,50.42616108821616,5.873498119888665,0.0,19,6,1,8,True,False,evening
2023-01-08 20:00:00,LOC_2,Public,244,53.02541294019172,41.42813226570752,2.197351478482001,19.650775957368847,46.317243429888286,5.821547196415209,0.0,20,6,1,8,True,False,evening
2023-01-08 21:00:00,LOC_2,Public,244,0.0,41.42813226570752,2.197351478482001,18.15140520405793,59.83787294340735,7.9522632344204744,0.0,21,6,1,8,True,False,evening
2023-01-08 22:00:00,LOC_2,Public,244,16.607654413267213,41.42813226570752,2.197351478482001,19.795674069973778,56.112320930021305,7.234593048012011,0.0,22,6,1,8,True,False,evening
2023-01-08 23:00:00,LOC_2,Public,244,40.47578966774127,41.42813226570752,2.197351478482001,21.614014184033287,55.091402723573744,5.72944938755754,0.0,23,6,1,8,True,False,evening
2023-01-09 00:00:00,LOC_2,Public,244,35.27069779660687,41.42813226570752,2.197351478482001,19.30097520939306,65.79620679423148,6.595527799331577,0.0,0,0,1,9,False,False,night
2023-01-09 01:00:00,LOC_2,Public,244,11.146009358243576,41.42813226570752,2.197351478482001,15.182509714656117,65.8710290246958,7.121872484522904,0.0,1,0,1,9,False,False,night
2023-01-09 02:00:00,LOC_2,Public,244,10.55931029922569,41.42813226570752,2.197351478482001,16.733357513805615,64.40561552210985,5.527791387388799,0.0,2,0,1,9,False,False,night
2023-01-09 03:00:00,LOC_2,Public,244,15.37639700469212,41.42813226570752,2.197351478482001,15.870638098030465,63.39847132949995,7.926068818039095,0.0,3,0,1,9,False,False,night
2023-01-09 04:00:00,LOC_2,Public,244,23.051517247987864,41.42813226570752,2.197351478482001,12.133485876457506,76.55988514368119,7.69105075609656,0.0,4,0,1,9,False,False,night
2023-01-09 05:00:00,LOC_2,Public,244,28.88891316859428,41.42813226570752,2.197351478482001,13.180218518730907,77.5054692761136,6.797280763284433,0.0,5,0,1,9,False,False,night
2023-01-09 06:00:00,LOC_2,Public,244,0.0,41.42813226570752,2.197351478482001,12.201693370140237,75.33356881460661,8.184460436211598,0.0,6,0,1,9,False,False,morning
2023-01-09 07:00:00,LOC_2,Public,244,3.320399079257246,41.42813226570752,2.197351478482001,9.306933236293665,86.04743731632853,6.537783530505349,0.0,7,0,1,9,False,False,morning
2023-01-09 08:00:00,LOC_2,Public,244,67.14374885275345,41.42813226570752,2.197351478482001,12.145176963505943,71.79037168275049,8.238251405671368,0.0,8,0,1,9,False,False,morning
2023-01-09 09:00:00,LOC_2,Public,244,75.0443726130013,41.42813226570752,2.197351478482001,12.728640708036643,69.15823083477596,7.291100153759984,0.0,9,0,1,9,False,False,morning
2023-01-09 10:00:00,LOC_2,Public,244,59.67141407447826,41.42813226570752,2.197351478482001,14.279774058985112,72.31311650532466,7.192773538073174,0.0,10,0,1,9,False,False,morning
2023-01-09 11:00:00,LOC_2,Public,244,79.06539952707857,41.42813226570752,2.197351478482001,15.022965851728612,73.9413464229049,5.788043816605664,0.0,11,0,1,9,False,False,morning
2023-01-09 12:00:00,LOC_2,Public,244,57.84449078408367,41.42813226570752,2.197351478482001,11.202653233284565,73.30071330821598,7.937381668753681,0.0,12,0,1,9,False,False,afternoon
2023-01-09 13:00:00,LOC_2,Public,244,68.4842166219773,41.42813226570752,2.197351478482001,13.295342229384739,68.45183509228839,6.575486570707363,0.0,13,0,1,9,False,False,afternoon
2023-01-09 14:00:00,LOC_2,Public,244,77.63456397190102,41.42813226570752,2.197351478482001,17.502252880945,68.81591228951612,5.781136686652974,0.0,14,0,1,9,False,False,afternoon
2023-01-09 15:00:00,LOC_2,Public,244,79.39828391085823,41.42813226570752,2.197351478482001,18.80094352828605,58.1955596261245,5.333677840117083,0.0,15,0,1,9,False,False,afternoon
2023-01-09 16:00:00,LOC_2,Public,244,76.06490277290477,41.42813226570752,2.197351478482001,20.01646506695413,69.24608363168224,6.976540989783555,0.0,16,0,1,9,False,False,afternoon
2023-01-09 17:00:00,LOC_2,Public,244,72.66323112347405,41.42813226570752,2.197351478482001,27.734459110299653,59.53125185005674,6.880891310979523,0.0,17,0,1,9,False,False,afternoon
2023-01-09 18:00:00,LOC_2,Public,244,79.35799686105427,41.42813226570752,2.197351478482001,21.972462023755053,63.925117153203196,7.458171663796781,0.0,18,0,1,9,False,False,evening
2023-01-09 19:00:00,LOC_2,Public,244,0.0,41.42813226570752,2.197351478482001,23.60840538366731,59.039078525276295,7.97230315342556,0.0,19,0,1,9,False,False,evening
2023-01-09 20:00:00,LOC_2,Public,244,5.670028154546508,41.42813226570752,2.197351478482001,23.42273871163858,59.25429572646457,5.541166790859523,0.0,20,0,1,9,False,False,evening
2023-01-09 21:00:00,LOC_2,Public,244,0.8362240440428033,41.42813226570752,2.197351478482001,22.654236252230042,60.14592890192412,7.498854394655708,0.0,21,0,1,9,False,False,evening
2023-01-09 22:00:00,LOC_2,Public,244,11.359841097421755,41.42813226570752,2.197351478482001,20.22850179841784,60.5204622246895,5.868018486048015,0.0,22,0,1,9,False,False,evening
2023-01-09 23:00:00,LOC_2,Public,244,10.421479311561471,41.42813226570752,2.197351478482001,21.58947347973432,63.07054372184214,7.881731386034502,0.0,23,0,1,9,False,False,evening
2023-01-10 00:00:00,LOC_2,Public,244,35.04156483680603,41.42813226570752,2.197351478482001,17.49743777756767,68.55958623737652,7.76580818291353,0.0,0,1,1,10,False,False,night
2023-01-10 01:00:00,LOC_2,Public,244,20.188670723259033,41.42813226570752,2.197351478482001,17.370632498646195,65.29406642425491,6.932416162279356,0.0,1,1,1,10,False,False,night
2023-01-10 02:00:00,LOC_2,Public,244,44.29612401914025,41.42813226570752,2.197351478482001,15.586532873423637,70.43049884977889,7.442180389686303,0.0,2,1,1,10,False,False,night
2023-01-10 03:00:00,LOC_2,Public,244,20.270306644437746,41.42813226570752,2.197351478482001,15.43399770366235,69.01082267878445,6.255919269631707,0.0,3,1,1,10,False,False,night
2023-01-10 04:00:00,LOC_2,Public,244,24.400708059896075,41.42813226570752,2.197351478482001,18.700745660277242,79.05772902338691,6.727789402184488,0.0,4,1,1,10,False,False,night
2023-01-10 05:00:00,LOC_2,Public,244,37.27347604243389,41.42813226570752,2.197351478482001,9.308447303904988,70.53208311152667,7.780613012135659,0.0,5,1,1,10,False,False,night
2023-01-10 06:00:00,LOC_2,Public,244,0.0,41.42813226570752,2.197351478482001,13.627987212858176,84.49376850033576,6.69491436172591,0.0,6,1,1,10,False,False,morning
2023-01-10 07:00:00,LOC_2,Public,244,0.1473299793760997,41.42813226570752,2.197351478482001,8.537614417492414,76.27311792703486,6.391929854239737,0.0,7,1,1,10,False,False,morning
2023-01-10 08:00:00,LOC_2,Public,244,99.9808858575653,41.42813226570752,2.197351478482001,10.655892180656375,69.64661266493927,6.802588524197949,0.0,8,1,1,10,False,False,morning
2023-01-10 09:00:00,LOC_2,Public,244,76.66950388146499,41.42813226570752,2.197351478482001,13.955107772632598,77.08610891715821,7.806114899340297,0.23261442908307975,9,1,1,10,False,False,morning
2023-01-10 10:00:00,LOC_2,Public,244,69.79794056789774,41.42813226570752,2.197351478482001,12.412347700667409,72.02716638767262,6.3284070783923525,0.0,10,1,1,10,False,False,morning
2023-01-10 11:00:00,LOC_2,Public,244,77.5237263005989,41.42813226570752,2.197351478482001,10.929969360568453,78.03229991208948,5.845483343879192,0.0,11,1,1,10,False,False,morning
2023-01-10 12:00:00,LOC_2,Public,244,76.2293318543438,41.42813226570752,2.197351478482001,12.697462710865231,68.48073984471772,7.461656086869376,0.0,12,1,1,10,False,False,afternoon
2023-01-10 13:00:00,LOC_2,Public,244,65.85601543334967,41.42813226570752,2.197351478482001,16.70024687119053,67.08698008728375,7.804963957891002,0.0,13,1,1,10,False,False,afternoon
2023-01-10 14:00:00,LOC_2,Public,244,70.90541938578025,41.42813226570752,2.197351478482001,15.181488963630814,57.267851891142165,5.6303568809836175,0.0,14,1,1,10,False,False,afternoon
2023-01-10 15:00:00,LOC_2,Public,244,64.8889965385161,41.42813226570752,2.197351478482001,18.376309415115507,61.85168393185149,6.049481740355625,0.0,15,1,1,10,False,False,afternoon
2023-01-10 16:00:00,LOC_2,Public,244,71.04329458609688,41.42813226570752,2.197351478482001,19.247514625123316,49.56786147622383,5.75719015834612,0.0,16,1,1,10,False,False,afternoon
2023-01-10 17:00:00,LOC_2,Public,244,67.02269933618018,41.42813226570752,2.197351478482001,18.895777238777146,51.68253001459382,6.376513040357709,0.0,17,1,1,10,False,False,afternoon
2023-01-10 18:00:00,LOC_2,Public,244,96.03808079117056,41.42813226570752,2.197351478482001,25.288531452594032,61.80078673283472,6.685156187720477,0.0,18,1,1,10,False,False,evening
2023-01-10 19:00:00,LOC_2,Public,244,0.0,41.42813226570752,2.197351478482001,22.775054798654125,60.91456728521796,7.581996535404471,0.0,19,1,1,10,False,False,evening
2023-01-10 20:00:00,LOC_2,Public,244,0.0,41.42813226570752,2.197351478482001,17.6343729537576,58.757971554779196,7.290374380059586,0.0,20,1,1,10,False,False,evening
2023-01-10 21:00:00,LOC_2,Public,244,10.907638770813714,41.42813226570752,2.197351478482001,21.894265525868065,52.122405491695524,7.201131255412067,0.0,21,1,1,10,False,False,evening
2023-01-10 22:00:00,LOC_2,Public,244,36.529816854178875,41.42813226570752,2.197351478482001,19.705350621754285,57.70359611670798,6.396884146302737,0.0,22,1,1,10,False,False,evening
2023-01-10 23:00:00,LOC_2,Public,244,20.189909100022376,41.42813226570752,2.197351478482001,21.946265001416403,59.49919064089924,7.865515544432524,0.0,23,1,1,10,False,False,evening
2023-01-11 00:00:00,LOC_2,Public,244,2.3228665229961587,41.42813226570752,2.197351478482001,17.62788996494937,55.78231367040774,6.756447790557449,0.0,0,2,1,11,False,False,night
2023-01-11 01:00:00,LOC_2,Public,244,7.307234340610622,41.42813226570752,2.197351478482001,17.784619919082647,71.48880590480286,8.281314329346232,0.0,1,2,1,11,False,False,night
2023-01-11 02:00:00,LOC_2,Public,244,23.46803139182555,41.42813226570752,2.197351478482001,17.737037384284086,70.93268580023201,7.247838980151846,0.41613920833230833,2,2,1,11,False,False,night
2023-01-11 03:00:00,LOC_2,Public,244,31.858759924461065,41.42813226570752,2.197351478482001,17.17154235046562,68.01511520660091,5.7256196622211055,0.0,3,2,1,11,False,False,night
2023-01-11 04:00:00,LOC_2,Public,244,30.343512116920575,41.42813226570752,2.197351478482001,11.840597842702392,71.65204788134477,7.37677081758909,0.0,4,2,1,11,False,False,night
2023-01-11 05:00:00,LOC_2,Public,244,22.262560175121727,41.42813226570752,2.197351478482001,12.543716852602547,74.61647539116888,6.324962692338533,0.0,5,2,1,11,False,False,night
2023-01-11 06:00:00,LOC_2,Public,244,4.725078353538889,41.42813226570752,2.197351478482001,11.475297262970173,64.94094988729437,7.410044570901149,0.0,6,2,1,11,False,False,morning
2023-01-11 07:00:00,LOC_2,Public,244,1.719110560958954,41.42813226570752,2.197351478482001,10.626088078579537,74.89861999994311,5.561398579521677,0.0,7,2,1,11,False,False,morning
2023-01-11 08:00:00,LOC_2,Public,244,74.61012536795249,41.42813226570752,2.197351478482001,15.300344020020948,73.0512076810935,5.878531419419629,0.0,8,2,1,11,False,False,morning
2023-01-11 09:00:00,LOC_2,Public,244,73.19861691167944,41.42813226570752,2.197351478482001,12.756828783918198,71.09816922653285,7.922510675405685,0.0,9,2,1,11,False,False,morning
2023-01-11 10:00:00,LOC_2,Public,244,79.27144875793573,41.42813226570752,2.197351478482001,9.931657605897087,73.68764750643587,6.038249177768419,0.0,10,2,1,11,False,False,morning
2023-01-11 11:00:00,LOC_2,Public,244,69.99220546988796,41.42813226570752,2.197351478482001,15.090799644147719,82.47828113417128,7.869245306923001,0.0,11,2,1,11,False,False,morning
2023-01-11 12:00:00,LOC_2,Public,244,79.27592587944467,41.42813226570752,2.197351478482001,18.541978251280888,74.6088825918238,6.197361436814355,0.0,12,2,1,11,False,False,afternoon
2023-01-11 13:00:00,LOC_2,Public,244,84.60651734359843,41.42813226570752,2.197351478482001,17.575556429303084,66.12285323468444,7.289589956918801,0.0,13,2,1,11,False,False,afternoon
2023-01-11 14:00:00,LOC_2,Public,244,60.56326641654965,41.42813226570752,2.197351478482001,13.77303554980653,69.23936294335168,7.444806816872404,0.0,14,2,1,11,False,False,afternoon
2023-01-11 15:00:00,LOC_2,Public,244,58.04482645545587,41.42813226570752,2.197351478482001,17.14445597741004,70.77092893664492,6.901730038961146,0.0,15,2,1,11,False,False,afternoon
2023-01-11 16:00:00,LOC_2,Public,244,64.19455920384091,41.42813226570752,2.197351478482001,21.859703676204084,65.97140565890217,6.281108305656362,0.0,16,2,1,11,False,False,afternoon
2023-01-11 17:00:00,LOC_2,Public,244,68.21229557164516,41.42813226570752,2.197351478482001,18.953127893384217,59.56121820035732,6.004519712851096,0.0,17,2,1,11,False,False,afternoon
2023-01-11 18:00:00,LOC_2,Public,244,56.49251499200837,41.42813226570752,2.197351478482001,22.05774939179145,54.42509504047415,5.4675647670026395,0.0,18,2,1,11,False,False,evening
2023-01-11 19:00:00,LOC_2,Public,244,0.0,41.42813226570752,2.197351478482001,23.225930406170892,60.13779196944352,6.281245837295547,0.0,19,2,1,11,False,False,evening
2023-01-11 20:00:00,LOC_2,Public,244,0.0,41.42813226570752,2.197351478482001,20.00022092577634,58.259263189243725,7.330304745380351,0.0,20,2,1,11,False,False,evening
2023-01-11 21:00:00,LOC_2,Public,244,0.0,41.42813226570752,2.197351478482001,21.571708035469157,61.09444860495315,8.18714037857493,0.0,21,2,1,11,False,False,evening
2023-01-11 22:00:00,LOC_2,Public,244,35.631752548202854,41.42813226570752,2.197351478482001,14.71576874466987,60.77925215879382,7.987248727966319,0.0,22,2,1,11,False,False,evening
2023-01-11 23:00:00,LOC_2,Public,244,24.48596733385399,41.42813226570752,2.197351478482001,18.361980857786584,64.42625129568634,7.673238776510393,0.0,23,2,1,11,False,False,evening
2023-01-12 00:00:00,LOC_2,Public,244,14.450550493127809,41.42813226570752,2.197351478482001,18.877130795646124,58.55928974533227,7.741795449446384,0.0,0,3,1,12,False,False,night
2023-01-12 01:00:00,LOC_2,Public,244,7.459953520443019,41.42813226570752,2.197351478482001,15.687839855574468,70.22015788916329,7.372816909226299,0.0,1,3,1,12,False,False,night
2023-01-12 02:00:00,LOC_2,Public,244,2.7750796505114916,41.42813226570752,2.197351478482001,20.161176525439267,67.19529018831,6.160131356213208,0.0,2,3,1,12,False,False,night
2023-01-12 03:00:00,LOC_2,Public,244,19.615000571763353,41.42813226570752,2.197351478482001,12.749017884128564,79.15770308302666,8.102264265229977,0.0,3,3,1,12,False,False,night
2023-01-12 04:00:00,LOC_2,Public,244,2.818625187576113,41.42813226570752,2.197351478482001,13.53034786093411,67.73318724089602,7.3942843025831175,0.0,4,3,1,12,False,False,night
2023-01-12 05:00:00,LOC_2,Public,244,28.483612189056867,41.42813226570752,2.197351478482001,13.643424068890072,81.91593318719046,7.064817256991446,0.0,5,3,1,12,False,False,night
2023-01-12 06:00:00,LOC_2,Public,244,0.0,41.42813226570752,2.197351478482001,15.476935378918338,75.80077631574103,5.717871571582103,1.1313208174510563,6,3,1,12,False,False,morning
2023-01-12 07:00:00,LOC_2,Public,244,0.0,41.42813226570752,2.197351478482001,9.230200395275588,72.53906058665882,6.727477397235238,0.0,7,3,1,12,False,False,morning
2023-01-12 08:00:00,LOC_2,Public,244,62.736003347707545,41.42813226570752,2.197351478482001,14.264918349054298,73.70338914023962,6.768792982554655,0.0,8,3,1,12,False,False,morning
2023-01-12 09:00:00,LOC_2,Public,244,74.0279479565276,41.42813226570752,2.197351478482001,12.136463853675586,74.16626799575559,7.9828162011843595,0.0,9,3,1,12,False,False,morning
2023-01-12 10:00:00,LOC_2,Public,244,81.61405752090178,41.42813226570752,2.197351478482001,10.659517559454084,76.87576000890961,7.030477036657801,0.0,10,3,1,12,False,False,morning
2023-01-12 11:00:00,LOC_2,Public,244,100.0,41.42813226570752,2.197351478482001,14.348368935890223,75.76585346545014,6.533140825570513,0.0,11,3,1,12,False,False,morning
2023-01-12 12:00:00,LOC_2,Public,244,68.84513862683069,41.42813226570752,2.197351478482001,14.864848289082703,68.19804218443558,8.32374676511913,0.0,12,3,1,12,False,False,afternoon
2023-01-12 13:00:00,LOC_2,Public,244,87.11254697425314,41.42813226570752,2.197351478482001,14.479231910941813,68.51889570817629,5.726913958133349,0.0,13,3,1,12,False,False,afternoon
2023-01-12 14:00:00,LOC_2,Public,244,67.71268970675361,41.42813226570752,2.197351478482001,17.120396038167517,76.74976805668436,6.66380365857333,0.0,14,3,1,12,False,False,afternoon
2023-01-12 15:00:00,LOC_2,Public,244,71.49371409983753,41.42813226570752,2.197351478482001,17.511289858354097,72.07388174634832,5.523638390827219,0.0,15,3,1,12,False,False,afternoon
2023-01-12 16:00:00,LOC_2,Public,244,71.0711369198286,41.42813226570752,2.197351478482001,19.721885452790485,63.19191682379418,7.618682514758389,0.0,16,3,1,12,False,False,afternoon
2023-01-12 17:00:00,LOC_2,Public,244,81.57777183672502,41.42813226570752,2.197351478482001,21.861673926715124,59.11519223549494,8.15460539094551,0.0,17,3,1,12,False,False,afternoon
2023-01-12 18:00:00,LOC_2,Public,244,62.79658825121497,41.42813226570752,2.197351478482001,24.511066202519252,57.92209149313421,6.241893098912739,0.0,18,3,1,12,False,False,evening
2023-01-12 19:00:00,LOC_2,Public,244,0.0,41.42813226570752,2.197351478482001,19.369929531162757,59.37646880601916,7.978211309871586,0.0,19,3,1,12,False,False,evening
2023-01-12 20:00:00,LOC_2,Public,244,7.164240821946071,41.42813226570752,2.197351478482001,26.289022955632603,50.840124761367825,6.281245932649707,0.0,20,3,1,12,False,False,evening
2023-01-12 21:00:00,LOC_2,Public,244,7.087248648352499,41.42813226570752,2.197351478482001,17.95543350693957,54.99389910091412,8.138306479839592,0.0,21,3,1,12,False,False,evening
2023-01-12 22:00:00,LOC_2,Public,244,13.75563048930916,41.42813226570752,2.197351478482001,21.063559527266186,48.92282019593735,7.669286250473384,0.0,22,3,1,12,False,False,evening
2023-01-12 23:00:00,LOC_2,Public,244,15.338142624825608,41.42813226570752,2.197351478482001,21.756192693236827,60.836999052491045,7.823525205391303,0.0,23,3,1,12,False,False,evening
2023-01-13 00:00:00,LOC_2,Public,244,5.430400499165778,41.42813226570752,2.197351478482001,20.113028734156256,64.13388970114131,5.464228666538602,0.0,0,4,1,13,False,False,night
2023-01-13 01:00:00,LOC_2,Public,244,19.022458128739377,41.42813226570752,2.197351478482001,17.106760753728516,60.879748101763724,8.300043984793497,0.0,1,4,1,13,False,False,night
2023-01-13 02:00:00,LOC_2,Public,244,12.979965180383656,41.42813226570752,2.197351478482001,16.648838577521822,73.7397676599774,7.593029591858244,0.0,2,4,1,13,False,False,night
2023-01-13 03:00:00,LOC_2,Public,244,33.450061044156364,41.42813226570752,2.197351478482001,14.792003431382998,62.31516108358697,6.328673391401054,0.0,3,4,1,13,False,False,night
2023-01-13 04:00:00,LOC_2,Public,244,10.538368440834889,41.42813226570752,2.197351478482001,13.400387394289169,63.51989178259571,7.90400737621206,0.0,4,4,1,13,False,False,night
2023-01-13 05:00:00,LOC_2,Public,244,26.45592390593664,41.42813226570752,2.197351478482001,15.24980250862901,74.02106246362594,6.261790039348729,0.0,5,4,1,13,False,False,night
2023-01-13 06:00:00,LOC_2,Public,244,1.800346536534239,41.42813226570752,2.197351478482001,13.477050412638386,79.70945263164418,8.036890810624481,0.0,6,4,1,13,False,False,morning
2023-01-13 07:00:00,LOC_2,Public,244,0.0,41.42813226570752,2.197351478482001,10.884711299934763,83.8785774763772,5.757773095616093,0.0,7,4,1,13,False,False,morning
2023-01-13 08:00:00,LOC_2,Public,244,60.3321393306268,41.42813226570752,2.197351478482001,13.90637145459099,73.49123527820632,7.532492273127285,0.0,8,4,1,13,False,False,morning
2023-01-13 09:00:00,LOC_2,Public,244,55.416979512544394,41.42813226570752,2.197351478482001,12.899152611800156,80.82429702706261,7.044931970233187,0.0,9,4,1,13,False,False,morning
2023-01-13 10:00:00,LOC_2,Public,244,78.80894748764533,41.42813226570752,2.197351478482001,14.416789830353633,74.22532646714504,5.713841932905904,0.0,10,4,1,13,False,False,morning
2023-01-13 11:00:00,LOC_2,Public,244,69.32012877821101,41.42813226570752,2.197351478482001,14.851925208349538,71.95152845129128,6.151321770863528,0.0,11,4,1,13,False,False,morning
2023-01-13 12:00:00,LOC_2,Public,244,60.92039782756778,41.42813226570752,2.197351478482001,12.977219132553813,75.14788137863744,5.464253939711536,0.0,12,4,1,13,False,False,afternoon
2023-01-13 13:00:00,LOC_2,Public,244,67.36708042932045,41.42813226570752,2.197351478482001,14.727758473974898,71.56537328332944,6.8347470523698055,0.0,13,4,1,13,False,False,afternoon
2023-01-13 14:00:00,LOC_2,Public,244,74.51641647541467,41.42813226570752,2.197351478482001,18.64380851352739,57.81959660851702,6.3336400429361746,0.0,14,4,1,13,False,False,afternoon
2023-01-13 15:00:00,LOC_2,Public,244,77.547405308883,41.42813226570752,2.197351478482001,19.6710614773717,70.48205985561994,7.22631759709171,0.0,15,4,1,13,False,False,afternoon
2023-01-13 16:00:00,LOC_2,Public,244,67.12767723993699,41.42813226570752,2.197351478482001,19.62142584148357,67.57399871191353,6.324359229008225,0.0,16,4,1,13,False,False,afternoon
2023-01-13 17:00:00,LOC_2,Public,244,69.71815715368294,41.42813226570752,2.197351478482001,20.940419897487335,55.46065623071281,6.333803579508361,0.0,17,4,1,13,False,False,afternoon
2023-01-13 18:00:00,LOC_2,Public,244,79.60460960198267,41.42813226570752,2.197351478482001,24.06268911446436,58.964299021412025,7.665026056987874,0.0,18,4,1,13,False,False,evening
2023-01-13 19:00:00,LOC_2,Public,244,2.8731916417679906,41.42813226570752,2.197351478482001,20.830718616668634,58.44242814273311,5.581274960514051,0.0,19,4,1,13,False,False,evening
2023-01-13 20:00:00,LOC_2,Public,244,5.672916863809547,41.42813226570752,2.197351478482001,23.285425860464805,56.92090663287007,8.146931205200909,0.0,20,4,1,13,False,False,evening
2023-01-13 21:00:00,LOC_2,Public,244,9.224931766546971,41.42813226570752,2.197351478482001,21.623472632631593,53.19275835577414,7.996437384384353,0.0,21,4,1,13,False,False,evening
2023-01-13 22:00:00,LOC_2,Public,244,6.635508519444183,41.42813226570752,2.197351478482001,21.099989995550594,53.57117835629967,7.444459126295788,0.0,22,4,1,13,False,False,evening
2023-01-13 23:00:00,LOC_2,Public,244,27.00691370718689,41.42813226570752,2.197351478482001,22.94530843551879,58.376720181953964,7.222108875444487,0.0,23,4,1,13,False,False,evening
2023-01-14 00:00:00,LOC_2,Public,244,21.721063441484205,41.42813226570752,2.197351478482001,21.370047828017714,66.42521483621351,8.120750520427288,0.0,0,5,1,14,True,False,night
2023-01-14 01:00:00,LOC_2,Public,244,21.4245817648485,41.42813226570752,2.197351478482001,20.14732279028839,65.67739373639795,6.001232197141045,0.0,1,5,1,14,True,False,night
2023-01-14 02:00:00,LOC_2,Public,244,27.940301557001938,41.42813226570752,2.197351478482001,19.844157924521184,63.68052771914442,5.683547548614991,0.0,2,5,1,14,True,False,night
2023-01-14 03:00:00,LOC_2,Public,244,29.80355537211226,41.42813226570752,2.197351478482001,15.98810363651151,71.96630164674976,6.166568745480333,0.0,3,5,1,14,True,False,night
2023-01-14 04:00:00,LOC_2,Public,244,4.0943097202109975,41.42813226570752,2.197351478482001,16.111086837406127,56.26292510721723,7.833171015063811,0.0,4,5,1,14,True,False,night
2023-01-14 05:00:00,LOC_2,Public,244,11.981066951365058,41.42813226570752,2.197351478482001,13.098102035669756,78.30655740414718,5.5548446911373315,3.4444091497533775,5,5,1,14,True,False,night
2023-01-14 06:00:00,LOC_2,Public,244,18.48481982841001,41.42813226570752,2.197351478482001,13.57936254113757,65.43937143378812,7.200651876267045,0.0,6,5,1,14,True,False,morning
2023-01-14 07:00:00,LOC_2,Public,244,0.0,41.42813226570752,2.197351478482001,12.17822785192118,73.31076737167123,8.439941166994307,0.0,7,5,1,14,True,False,morning
2023-01-14 08:00:00,LOC_2,Public,244,0.0,41.42813226570752,2.197351478482001,12.46912009223773,69.85139420236469,8.022113913963077,0.0,8,5,1,14,True,False,morning
2023-01-14 09:00:00,LOC_2,Public,244,2.017023872718431,41.42813226570752,2.197351478482001,13.642796981369038,68.62162676040506,7.020759479518879,0.0,9,5,1,14,True,False,morning
2023-01-14 10:00:00,LOC_2,Public,244,38.06184675623812,41.42813226570752,2.197351478482001,11.322526402184593,79.88619839958952,5.648741685374674,0.0,10,5,1,14,True,False,morning
2023-01-14 11:00:00,LOC_2,Public,244,57.94051332129032,41.42813226570752,2.197351478482001,17.945316980997678,70.14040913418702,7.953335810269029,0.0,11,5,1,14,True,False,morning
2023-01-14 12:00:00,LOC_2,Public,244,48.73432696835338,41.42813226570752,2.197351478482001,12.791021939306718,72.12640600404133,7.2575468649928565,0.0,12,5,1,14,True,False,afternoon
2023-01-14 13:00:00,LOC_2,Public,244,36.18504595681558,41.42813226570752,2.197351478482001,13.587563433134424,67.7335157881843,5.806806168023199,0.0,13,5,1,14,True,False,afternoon
2023-01-14 14:00:00,LOC_2,Public,244,54.13739313340756,41.42813226570752,2.197351478482001,19.63323562471823,67.75117638067941,5.7449746300136875,0.0,14,5,1,14,True,False,afternoon
2023-01-14 15:00:00,LOC_2,Public,244,56.42428094294082,41.42813226570752,2.197351478482001,20.201411292641506,63.14793764587,8.193678594150384,0.0,15,5,1,14,True,False,afternoon
2023-01-14 16:00:00,LOC_2,Public,244,18.11941214269288,41.42813226570752,2.197351478482001,21.079205919192333,53.9231063088811,7.4737940458318395,0.0,16,5,1,14,True,False,afternoon
2023-01-14 17:00:00,LOC_2,Public,244,55.645327353032656,41.42813226570752,2.197351478482001,22.130165616245694,63.234384901801434,7.955448536307145,0.0,17,5,1,14,True,False,afternoon
2023-01-14 18:00:00,LOC_2,Public,244,52.89498107827726,41.42813226570752,2.197351478482001,21.650547368932457,54.18113525494086,8.105919479987621,0.0,18,5,1,14,True,False,evening
2023-01-14 19:00:00,LOC_2,Public,244,59.361604276314225,41.42813226570752,2.197351478482001,20.387006281733374,47.85406045729117,7.185694234796906,0.0,19,5,1,14,True,False,evening
2023-01-14 20:00:00,LOC_2,Public,244,38.975067200210844,41.42813226570752,2.197351478482001,22.51046579725183,53.141710833441685,7.024110391438,0.0,20,5,1,14,True,False,evening
2023-01-14 21:00:00,LOC_2,Public,244,18.649966984522308,41.42813226570752,2.197351478482001,20.84113196335307,63.11288818041697,6.764447481949361,0.0,21,5,1,14,True,False,evening
2023-01-14 22:00:00,LOC_2,Public,244,9.2203326048386,41.42813226570752,2.197351478482001,23.65316109763455,60.845265448969364,6.425398685748728,0.0,22,5,1,14,True,False,evening
2023-01-14 23:00:00,LOC_2,Public,244,41.34986535675025,41.42813226570752,2.197351478482001,20.6211808910426,56.42614801986694,6.7797402321989635,0.0,23,5,1,14,True,False,evening
2023-01-15 00:00:00,LOC_2,Public,244,17.719688827016498,41.42813226570752,2.197351478482001,18.235733266474476,58.48025615828886,7.798984499202369,0.0,0,6,1,15,True,False,night
2023-01-15 01:00:00,LOC_2,Public,244,18.484348018661407,41.42813226570752,2.197351478482001,18.04501588633587,61.016249604629365,7.284508761871246,0.0,1,6,1,15,True,False,night
2023-01-15 02:00:00,LOC_2,Public,244,15.277454093152093,41.42813226570752,2.197351478482001,18.2265187052916,75.5824283243235,8.157701029212609,0.37669993602088275,2,6,1,15,True,False,night
2023-01-15 03:00:00,LOC_2,Public,244,28.121460810411484,41.42813226570752,2.197351478482001,14.986073683189817,69.68263168356224,6.811663645999637,0.0,3,6,1,15,True,False,night
2023-01-15 04:00:00,LOC_2,Public,244,2.269216651712802,41.42813226570752,2.197351478482001,13.270138202124672,72.32105024944028,7.304184534807769,0.3169504858103928,4,6,1,15,True,False,night
2023-01-15 05:00:00,LOC_2,Public,244,15.404565735258844,41.42813226570752,2.197351478482001,14.373379247051785,77.3794076220233,7.378230405276106,0.0,5,6,1,15,True,False,night
2023-01-15 06:00:00,LOC_2,Public,244,10.186293423742596,41.42813226570752,2.197351478482001,13.588303344254609,74.99720539105823,7.260790931110847,0.0,6,6,1,15,True,False,morning
2023-01-15 07:00:00,LOC_2,Public,244,10.01609035737192,41.42813226570752,2.197351478482001,11.591938980366043,73.49313860867989,7.594992211767278,0.0,7,6,1,15,True,False,morning
2023-01-15 08:00:00,LOC_2,Public,244,0.0,41.42813226570752,2.197351478482001,11.500333839967693,74.13342985216643,6.200782495365286,0.0,8,6,1,15,True,False,morning
2023-01-15 09:00:00,LOC_2,Public,244,2.8532297630608134,41.42813226570752,2.197351478482001,13.083835926602793,74.40252159915465,7.026964369303944,0.0,9,6,1,15,True,False,morning
2023-01-15 10:00:00,LOC_2,Public,244,53.261429771054544,41.42813226570752,2.197351478482001,10.230022953444445,73.5615055445726,5.8039381394972995,0.0,10,6,1,15,True,False,morning
2023-01-15 11:00:00,LOC_2,Public,244,55.195644622685805,41.42813226570752,2.197351478482001,11.112809409026479,75.78267380262571,6.646188155676903,0.0,11,6,1,15,True,False,morning
2023-01-15 12:00:00,LOC_2,Public,244,51.764889950161354,41.42813226570752,2.197351478482001,13.533333362304484,70.31928581941779,6.9570455668256646,0.0,12,6,1,15,True,False,afternoon
2023-01-15 13:00:00,LOC_2,Public,244,28.32543136437613,41.42813226570752,2.197351478482001,15.756181946140092,71.29704788695032,7.452107073651694,0.3396006046120076,13,6,1,15,True,False,afternoon
2023-01-15 14:00:00,LOC_2,Public,244,50.978006432986234,41.42813226570752,2.197351478482001,18.10593500213411,64.62817735758088,8.348417131946231,0.0,14,6,1,15,True,False,afternoon
2023-01-15 15:00:00,LOC_2,Public,244,47.63996321813585,41.42813226570752,2.197351478482001,21.735874648231526,62.8228515229156,7.3001665974090315,0.0,15,6,1,15,True,False,afternoon
2023-01-15 16:00:00,LOC_2,Public,244,62.48560170837927,41.42813226570752,2.197351478482001,21.713332071551577,50.01297092704439,7.7303843135591865,0.0,16,6,1,15,True,False,afternoon
2023-01-15 17:00:00,LOC_2,Public,244,43.17955924891418,41.42813226570752,2.197351478482001,20.720614222353777,62.50065580895115,7.019789653755187,0.0,17,6,1,15,True,False,afternoon
2023-01-15 18:00:00,LOC_2,Public,244,25.34320977769955,41.42813226570752,2.197351478482001,21.80399524196501,58.0483870639492,7.404692221898633,0.0,18,6,1,15,True,False,evening
2023-01-15 19:00:00,LOC_2,Public,244,38.78121091154731,41.42813226570752,2.197351478482001,20.343413011246135,60.29310706825475,5.716565170216603,0.0,19,6,1,15,True,False,evening
2023-01-15 20:00:00,LOC_2,Public,244,60.028914033503376,41.42813226570752,2.197351478482001,22.48875701147641,40.46715654210918,6.268331399217778,0.0,20,6,1,15,True,False,evening
2023-01-15 21:00:00,LOC_2,Public,244,0.0,41.42813226570752,2.197351478482001,21.785034512036876,65.71716994414933,6.5921038113017785,0.0,21,6,1,15,True,False,evening
2023-01-15 22:00:00,LOC_2,Public,244,15.55643756861562,41.42813226570752,2.197351478482001,22.515224870016635,55.562476360543215,6.925412211103193,0.0,22,6,1,15,True,False,evening
2023-01-15 23:00:00,LOC_2,Public,244,26.69946397769396,41.42813226570752,2.197351478482001,19.42766951467927,63.376651280119745,5.646265735677387,0.0,23,6,1,15,True,False,evening
2023-01-16 00:00:00,LOC_2,Public,244,17.581830085083105,41.42813226570752,2.197351478482001,21.092225979644216,54.693404462048605,5.930778882892327,0.0,0,0,1,16,False,False,night
2023-01-16 01:00:00,LOC_2,Public,244,14.936505075269372,41.42813226570752,2.197351478482001,21.92004014430008,65.35474488872299,6.342536341930383,0.0,1,0,1,16,False,False,night
2023-01-16 02:00:00,LOC_2,Public,244,20.910836950284903,41.42813226570752,2.197351478482001,17.349879620231494,59.5981223498413,8.428078056132193,0.0,2,0,1,16,False,False,night
2023-01-16 03:00:00,LOC_2,Public,244,31.483003728661167,41.42813226570752,2.197351478482001,17.08365963936913,64.32068280617848,6.508907305445923,0.0,3,0,1,16,False,False,night
2023-01-16 04:00:00,LOC_2,Public,244,17.15690353065754,41.42813226570752,2.197351478482001,16.461549583254513,79.40763356966936,6.962375494302705,1.0701137519038946,4,0,1,16,False,False,night
2023-01-16 05:00:00,LOC_2,Public,244,18.6972018171326,41.42813226570752,2.197351478482001,13.250215601320798,70.94127490599833,6.1059312284202205,0.0,5,0,1,16,False,False,night
2023-01-16 06:00:00,LOC_2,Public,244,16.92093536492525,41.42813226570752,2.197351478482001,13.713175915396638,74.557182462347,7.351363807366904,0.0,6,0,1,16,False,False,morning
2023-01-16 07:00:00,LOC_2,Public,244,0.0,41.42813226570752,2.197351478482001,12.797599825404976,78.805508605761,6.362458477605268,0.0,7,0,1,16,False,False,morning
2023-01-16 08:00:00,LOC_2,Public,244,76.97893932371225,41.42813226570752,2.197351478482001,12.804321198325818,77.26047143740672,6.142771535560911,0.0,8,0,1,16,False,False,morning
2023-01-16 09:00:00,LOC_2,Public,244,72.0034081190214,41.42813226570752,2.197351478482001,11.240243805803443,75.17956777868913,7.072896386329881,1.7518720986755771,9,0,1,16,False,False,morning
2023-01-16 10:00:00,LOC_2,Public,244,58.12047934828857,41.42813226570752,2.197351478482001,13.341707992515252,75.23942972433639,5.541080330065174,0.0,10,0,1,16,False,False,morning
2023-01-16 11:00:00,LOC_2,Public,244,72.05007931127798,41.42813226570752,2.197351478482001,15.090198148104665,83.82867479496385,5.548939192256977,0.11032226937987565,11,0,1,16,False,False,morning
2023-01-16 12:00:00,LOC_2,Public,244,62.57746096067104,41.42813226570752,2.197351478482001,18.038942142870155,69.43859616027193,6.184537412761588,0.0,12,0,1,16,False,False,afternoon
2023-01-16 13:00:00,LOC_2,Public,244,89.9872246173752,41.42813226570752,2.197351478482001,18.268019453218294,68.30653963147908,5.63887869281456,0.0,13,0,1,16,False,False,afternoon
2023-01-16 14:00:00,LOC_2,Public,244,86.2337101068935,41.42813226570752,2.197351478482001,21.956854680851766,69.95229244838076,5.854175215557804,0.0,14,0,1,16,False,False,afternoon
2023-01-16 15:00:00,LOC_2,Public,244,62.331579275895976,41.42813226570752,2.197351478482001,17.416805241262697,67.62462893071233,6.548062976321493,0.0,15,0,1,16,False,False,afternoon
2023-01-16 16:00:00,LOC_2,Public,244,77.1268152880842,41.42813226570752,2.197351478482001,21.908960423536783,65.60651322761106,7.940620868758524,0.0,16,0,1,16,False,False,afternoon
2023-01-16 17:00:00,LOC_2,Public,244,64.97329145227835,41.42813226570752,2.197351478482001,21.573449705388807,60.780119722321714,7.250392287703776,0.0,17,0,1,16,False,False,afternoon
2023-01-16 18:00:00,LOC_2,Public,244,70.24932035004251,41.42813226570752,2.197351478482001,26.38787593697928,50.26843529525971,7.073631788193598,0.0,18,0,1,16,False,False,evening
2023-01-16 19:00:00,LOC_2,Public,244,4.724497232805828,41.42813226570752,2.197351478482001,20.898085498202022,63.13779352368083,6.417477057117762,0.0,19,0,1,16,False,False,evening
2023-01-16 20:00:00,LOC_2,Public,244,0.0,41.42813226570752,2.197351478482001,21.012517757598687,48.88435015098608,8.333653446690496,0.0,20,0,1,16,False,False,evening
2023-01-16 21:00:00,LOC_2,Public,244,0.0,41.42813226570752,2.197351478482001,21.329712402104647,56.45618194020979,6.730818836021045,0.0,21,0,1,16,False,False,evening
2023-01-16 22:00:00,LOC_2,Public,244,15.484997552225316,41.42813226570752,2.197351478482001,17.788109862977464,52.156818126709055,5.802433158922291,0.0,22,0,1,16,False,False,evening
2023-01-16 23:00:00,LOC_2,Public,244,21.12179854477153,41.42813226570752,2.197351478482001,20.19670249436134,57.182883191589326,7.393735274711428,0.0,23,0,1,16,False,False,evening
2023-01-17 00:00:00,LOC_2,Public,244,13.753615890367934,41.42813226570752,2.197351478482001,18.70131625223366,61.204648900835295,5.885431495498015,0.0,0,1,1,17,False,False,night
2023-01-17 01:00:00,LOC_2,Public,244,18.004022312408463,41.42813226570752,2.197351478482001,19.32136591824142,63.565629386673365,6.580966052360356,0.0,1,1,1,17,False,False,night
2023-01-17 02:00:00,LOC_2,Public,244,35.96127967738727,41.42813226570752,2.197351478482001,18.416895213099902,66.64283724808526,7.0689124684625435,0.0,2,1,1,17,False,False,night
2023-01-17 03:00:00,LOC_2,Public,244,23.13015863909952,41.42813226570752,2.197351478482001,20.198528450017932,75.1761828021209,8.170723973475281,0.0,3,1,1,17,False,False,night
2023-01-17 04:00:00,LOC_2,Public,244,22.7407317556712,41.42813226570752,2.197351478482001,17.148026999258924,71.77331286179626,7.0300756055977205,1.7078240804053528,4,1,1,17,False,False,night
2023-01-17 05:00:00,LOC_2,Public,244,8.709540068049664,41.42813226570752,2.197351478482001,13.064734018103808,70.34213416468953,7.657591345167263,4.108476337871201,5,1,1,17,False,False,night
2023-01-17 06:00:00,LOC_2,Public,244,5.15258917181223,41.42813226570752,2.197351478482001,11.634013369355776,77.9587504173368,8.530644463192148,0.0,6,1,1,17,False,False,morning
2023-01-17 07:00:00,LOC_2,Public,244,12.34382386553882,41.42813226570752,2.197351478482001,13.92207201774756,80.07088509515411,5.948039920929922,0.0,7,1,1,17,False,False,morning
2023-01-17 08:00:00,LOC_2,Public,244,66.12533442544506,41.42813226570752,2.197351478482001,10.134288043389457,68.31245200945355,6.379145468044707,0.0,8,1,1,17,False,False,morning
2023-01-17 09:00:00,LOC_2,Public,244,77.74427383113725,41.42813226570752,2.197351478482001,16.61493308144514,77.08296924977643,6.740057163029294,0.0,9,1,1,17,False,False,morning
2023-01-17 10:00:00,LOC_2,Public,244,88.20681267718852,41.42813226570752,2.197351478482001,15.817286696408614,76.5890508016224,6.823191230394141,0.0,10,1,1,17,False,False,morning
2023-01-17 11:00:00,LOC_2,Public,244,79.85132984287051,41.42813226570752,2.197351478482001,13.321535621863973,69.99240863105327,6.792147392197862,0.0,11,1,1,17,False,False,morning
2023-01-17 12:00:00,LOC_2,Public,244,68.56598459445358,41.42813226570752,2.197351478482001,11.876037693810407,76.27392056257378,8.283294358068098,0.0,12,1,1,17,False,False,afternoon
2023-01-17 13:00:00,LOC_2,Public,244,59.99878643905029,41.42813226570752,2.197351478482001,19.22284075312205,66.21953005525492,7.703936179461334,0.612358279543819,13,1,1,17,False,False,afternoon
2023-01-17 14:00:00,LOC_2,Public,244,56.77612263378633,41.42813226570752,2.197351478482001,17.586994572894096,64.99573374055906,7.386930494951978,0.0,14,1,1,17,False,False,afternoon
2023-01-17 15:00:00,LOC_2,Public,244,83.37571609832119,41.42813226570752,2.197351478482001,21.59268369719716,60.900538732080186,6.492709323135872,0.0,15,1,1,17,False,False,afternoon
2023-01-17 16:00:00,LOC_2,Public,244,75.08717917963882,41.42813226570752,2.197351478482001,17.14098066218969,59.41822327835049,8.037338348619569,0.0,16,1,1,17,False,False,afternoon
2023-01-17 17:00:00,LOC_2,Public,244,62.27881916069143,41.42813226570752,2.197351478482001,20.173498516007353,51.774127441694205,8.4325244656514,0.0,17,1,1,17,False,False,afternoon
2023-01-17 18:00:00,LOC_2,Public,244,62.93641224404802,41.42813226570752,2.197351478482001,22.184206291168596,48.45230780356407,8.032313222212686,0.0,18,1,1,17,False,False,evening
2023-01-17 19:00:00,LOC_2,Public,244,0.0,41.42813226570752,2.197351478482001,22.77405794569882,62.61233179978618,5.574788840919219,0.0,19,1,1,17,False,False,evening
2023-01-17 20:00:00,LOC_2,Public,244,23.401441460773135,41.42813226570752,2.197351478482001,21.95721097122826,50.050509430034865,7.480672493387571,0.0,20,1,1,17,False,False,evening
2023-01-17 21:00:00,LOC_2,Public,244,0.0,41.42813226570752,2.197351478482001,23.939543727802082,49.65535052650429,5.726249090658651,0.0,21,1,1,17,False,False,evening
2023-01-17 22:00:00,LOC_2,Public,244,30.52922400916015,41.42813226570752,2.197351478482001,20.065972235770197,44.830623242910654,6.347038876123804,0.0,22,1,1,17,False,False,evening
2023-01-17 23:00:00,LOC_2,Public,244,37.123419028575526,41.42813226570752,2.197351478482001,21.128730878396215,53.978211564674886,5.754165289544528,0.0,23,1,1,17,False,False,evening
2023-01-18 00:00:00,LOC_2,Public,244,26.035025188300136,41.42813226570752,2.197351478482001,20.62541559222989,52.614902375350326,7.388351224609381,0.0,0,2,1,18,False,False,night
2023-01-18 01:00:00,LOC_2,Public,244,41.60534307280358,41.42813226570752,2.197351478482001,20.21466412460986,69.83850288769712,7.638107986673772,0.0,1,2,1,18,False,False,night
2023-01-18 02:00:00,LOC_2,Public,244,17.811375929460667,41.42813226570752,2.197351478482001,19.321786401672103,69.25197215572453,5.923174243296581,0.0,2,2,1,18,False,False,night
2023-01-18 03:00:00,LOC_2,Public,244,14.322738420825855,41.42813226570752,2.197351478482001,14.362041159629467,63.336597587500975,6.7326007628985005,0.0,3,2,1,18,False,False,night
2023-01-18 04:00:00,LOC_2,Public,244,0.0,41.42813226570752,2.197351478482001,12.344054655947755,80.43761303188354,6.951166126350426,0.0,4,2,1,18,False,False,night
2023-01-18 05:00:00,LOC_2,Public,244,23.255643324085423,41.42813226570752,2.197351478482001,16.93896366563173,76.14160739128855,6.690987850836239,0.0,5,2,1,18,False,False,night
2023-01-18 06:00:00,LOC_2,Public,244,0.0,41.42813226570752,2.197351478482001,14.260504361370474,71.1840904076343,5.948275672722276,0.0,6,2,1,18,False,False,morning
2023-01-18 07:00:00,LOC_2,Public,244,13.783776958905811,41.42813226570752,2.197351478482001,11.606259075029762,61.29650712934641,6.843415626480067,0.0,7,2,1,18,False,False,morning
2023-01-18 08:00:00,LOC_2,Public,244,81.04691094597538,41.42813226570752,2.197351478482001,16.042021645048536,85.57527747494672,7.8414776822259515,0.0,8,2,1,18,False,False,morning
2023-01-18 09:00:00,LOC_2,Public,244,59.7976719123997,41.42813226570752,2.197351478482001,13.348292733192359,66.81825073696874,5.802337512810163,0.0,9,2,1,18,False,False,morning
2023-01-18 10:00:00,LOC_2,Public,244,69.90355631000405,41.42813226570752,2.197351478482001,15.981893331412575,64.5264083386457,5.831225238687133,1.7351349921511565,10,2,1,18,False,False,morning
2023-01-18 11:00:00,LOC_2,Public,244,76.64631294931901,41.42813226570752,2.197351478482001,14.55978090583057,76.2633642740275,6.656369445296571,0.0,11,2,1,18,False,False,morning
2023-01-18 12:00:00,LOC_2,Public,244,70.4096181556295,41.42813226570752,2.197351478482001,19.58862404249888,81.26450564622655,8.418602773403755,0.0,12,2,1,18,False,False,afternoon
2023-01-18 13:00:00,LOC_2,Public,244,71.44974024133124,41.42813226570752,2.197351478482001,20.190563469432128,73.56160052346117,7.600513342180406,0.0,13,2,1,18,False,False,afternoon
2023-01-18 14:00:00,LOC_2,Public,244,56.553477448035686,41.42813226570752,2.197351478482001,17.48289600043176,66.85789700548199,7.632174729495676,0.0,14,2,1,18,False,False,afternoon
2023-01-18 15:00:00,LOC_2,Public,244,59.04085234259347,41.42813226570752,2.197351478482001,21.22490717862832,64.41024115488722,6.683293982754996,0.0,15,2,1,18,False,False,afternoon
2023-01-18 16:00:00,LOC_2,Public,244,71.81871378748471,41.42813226570752,2.197351478482001,21.78526616715805,63.27804925792603,7.379885227223166,0.0,16,2,1,18,False,False,afternoon
2023-01-18 17:00:00,LOC_2,Public,244,94.36172479173337,41.42813226570752,2.197351478482001,24.2741539652085,60.720861248646216,5.630664940925444,0.0,17,2,1,18,False,False,afternoon
2023-01-18 18:00:00,LOC_2,Public,244,74.88195298636576,41.42813226570752,2.197351478482001,20.40847817411866,56.729306929289145,7.509927754499961,0.0,18,2,1,18,False,False,evening
2023-01-18 19:00:00,LOC_2,Public,244,0.0,41.42813226570752,2.197351478482001,24.2167697123473,54.83167193505853,8.342868374909727,0.0,19,2,1,18,False,False,evening
2023-01-18 20:00:00,LOC_2,Public,244,0.0,41.42813226570752,2.197351478482001,25.138724668036772,53.64328297182719,7.442095543901978,0.0,20,2,1,18,False,False,evening
2023-01-18 21:00:00,LOC_2,Public,244,0.0,41.42813226570752,2.197351478482001,19.340862331735444,50.51349444650327,8.226838215026302,0.0,21,2,1,18,False,False,evening
2023-01-18 22:00:00,LOC_2,Public,244,25.11454964781745,41.42813226570752,2.197351478482001,19.99915708737483,53.86527639025337,7.7790285851551175,0.0,22,2,1,18,False,False,evening
2023-01-18 23:00:00,LOC_2,Public,244,24.071995478515333,41.42813226570752,2.197351478482001,17.499450003177405,48.379387211627865,5.970151339764044,0.0,23,2,1,18,False,False,evening
2023-01-19 00:00:00,LOC_2,Public,244,27.846140604195156,41.42813226570752,2.197351478482001,20.010398577673776,58.40987737290047,8.317202371170104,0.0,0,3,1,19,False,False,night
2023-01-19 01:00:00,LOC_2,Public,244,22.488015000940425,41.42813226570752,2.197351478482001,20.785222208768097,56.35676906989307,5.810540027400038,0.0,1,3,1,19,False,False,night
2023-01-19 02:00:00,LOC_2,Public,244,7.895184244627225,41.42813226570752,2.197351478482001,21.067585228745084,58.35631116481509,7.2144766425538975,0.0,2,3,1,19,False,False,night
2023-01-19 03:00:00,LOC_2,Public,244,19.08109857094551,41.42813226570752,2.197351478482001,16.923792537045145,67.3482648033562,6.040351011724013,0.0,3,3,1,19,False,False,night
2023-01-19 04:00:00,LOC_2,Public,244,14.785994471742203,41.42813226570752,2.197351478482001,18.833754790789406,75.80696403242933,5.650424572122077,0.0,4,3,1,19,False,False,night
2023-01-19 05:00:00,LOC_2,Public,244,24.27711412819774,41.42813226570752,2.197351478482001,11.787610792464939,75.49595561222212,6.88277230334841,0.0,5,3,1,19,False,False,night
2023-01-19 06:00:00,LOC_2,Public,244,1.4154390349059385,41.42813226570752,2.197351478482001,10.35327804611697,64.62741113222955,6.5031561117123635,0.9488031683082929,6,3,1,19,False,False,morning
2023-01-19 07:00:00,LOC_2,Public,244,5.1026539264077,41.42813226570752,2.197351478482001,13.156266153664477,68.51713621423289,7.07739961797342,0.0,7,3,1,19,False,False,morning
2023-01-19 08:00:00,LOC_2,Public,244,67.80060322592311,41.42813226570752,2.197351478482001,13.871940726657813,78.49623628238268,7.352361625959492,0.0,8,3,1,19,False,False,morning
2023-01-19 09:00:00,LOC_2,Public,244,63.09035283804082,41.42813226570752,2.197351478482001,13.215608750236214,68.52556653945966,5.75334269250079,0.0,9,3,1,19,False,False,morning
2023-01-19 10:00:00,LOC_2,Public,244,60.62693448293146,41.42813226570752,2.197351478482001,9.652432107665367,71.30220163452464,5.992498550704699,0.0,10,3,1,19,False,False,morning
2023-01-19 11:00:00,LOC_2,Public,244,76.55920883741771,41.42813226570752,2.197351478482001,14.410483686707076,73.57281296365746,7.3007787236843535,0.0,11,3,1,19,False,False,morning
2023-01-19 12:00:00,LOC_2,Public,244,69.32677791819992,41.42813226570752,2.197351478482001,13.02213140834856,63.896136906965296,6.655716141389627,0.0,12,3,1,19,False,False,afternoon
2023-01-19 13:00:00,LOC_2,Public,244,71.03800135544947,41.42813226570752,2.197351478482001,18.18313140838853,66.8393049092729,7.815096769896555,0.0,13,3,1,19,False,False,afternoon
2023-01-19 14:00:00,LOC_2,Public,244,46.61505348200041,41.42813226570752,2.197351478482001,18.877887541003407,57.04049042778956,7.585813155537762,0.0,14,3,1,19,False,False,afternoon
2023-01-19 15:00:00,LOC_2,Public,244,62.66210666167101,41.42813226570752,2.197351478482001,17.565834596418906,58.1019734420967,8.167112877681923,0.0,15,3,1,19,False,False,afternoon
2023-01-19 16:00:00,LOC_2,Public,244,80.13012129681597,41.42813226570752,2.197351478482001,19.63057138231918,60.28229923672755,7.709139523406189,0.0,16,3,1,19,False,False,afternoon
2023-01-19 17:00:00,LOC_2,Public,244,67.82600292590834,41.42813226570752,2.197351478482001,19.582216727757658,48.63374378927053,6.922815205291009,0.0,17,3,1,19,False,False,afternoon
2023-01-19 18:00:00,LOC_2,Public,244,71.92931321311805,41.42813226570752,2.197351478482001,22.376681710266908,57.19829388017549,7.653282444361509,0.0,18,3,1,19,False,False,evening
2023-01-19 19:00:00,LOC_2,Public,244,0.0,41.42813226570752,2.197351478482001,24.918628046805217,53.885124193761115,6.461886377637735,0.0,19,3,1,19,False,False,evening
2023-01-19 20:00:00,LOC_2,Public,244,0.0,41.42813226570752,2.197351478482001,21.21406193483171,56.39142171708014,6.556043301835198,0.0,20,3,1,19,False,False,evening
2023-01-19 21:00:00,LOC_2,Public,244,0.0,41.42813226570752,2.197351478482001,24.030034304310085,55.07568812377451,8.00541790812819,0.0,21,3,1,19,False,False,evening
2023-01-19 22:00:00,LOC_2,Public,244,16.205874558498518,41.42813226570752,2.197351478482001,21.46872039601613,61.7622308843472,6.97908027197251,0.0,22,3,1,19,False,False,evening
2023-01-19 23:00:00,LOC_2,Public,244,3.1153612754135556,41.42813226570752,2.197351478482001,20.15569168144362,57.14324782130292,8.03632170956217,0.0,23,3,1,19,False,False,evening
2023-01-20 00:00:00,LOC_2,Public,244,14.53907033641163,41.42813226570752,2.197351478482001,20.498635897014527,56.42757906052645,8.109806444389564,0.0,0,4,1,20,False,False,night
2023-01-20 01:00:00,LOC_2,Public,244,35.860033251203,41.42813226570752,2.197351478482001,17.443098721682084,61.58432078211976,8.216584641185497,0.0,1,4,1,20,False,False,night
2023-01-20 02:00:00,LOC_2,Public,244,20.616732220811834,41.42813226570752,2.197351478482001,17.11897939810099,66.26393412759123,8.395161309282694,0.0,2,4,1,20,False,False,night
2023-01-20 03:00:00,LOC_2,Public,244,13.668683520161643,41.42813226570752,2.197351478482001,14.543215206101605,66.36635836906991,6.9395689048982705,0.0,3,4,1,20,False,False,night
2023-01-20 04:00:00,LOC_2,Public,244,21.495880600828315,41.42813226570752,2.197351478482001,19.669303027338405,68.72325293300815,6.604571007264542,0.0,4,4,1,20,False,False,night
2023-01-20 05:00:00,LOC_2,Public,244,23.62475463603906,41.42813226570752,2.197351478482001,14.781630837455827,67.06783409394147,7.395923767671364,0.0,5,4,1,20,False,False,night
2023-01-20 06:00:00,LOC_2,Public,244,0.0,41.42813226570752,2.197351478482001,12.523842812212436,68.83890775585004,6.764201439736843,0.0,6,4,1,20,False,False,morning
2023-01-20 07:00:00,LOC_2,Public,244,0.0,41.42813226570752,2.197351478482001,13.858533071063128,66.12582714181217,7.455262976608703,0.0,7,4,1,20,False,False,morning
2023-01-20 08:00:00,LOC_2,Public,244,74.63909188559782,41.42813226570752,2.197351478482001,13.042326138335282,82.2139192405008,7.770154035474862,0.0,8,4,1,20,False,False,morning
2023-01-20 09:00:00,LOC_2,Public,244,76.48001449644056,41.42813226570752,2.197351478482001,13.002192083150808,66.89242125860908,7.719967138208929,0.0,9,4,1,20,False,False,morning
2023-01-20 10:00:00,LOC_2,Public,244,65.2847183267905,41.42813226570752,2.197351478482001,15.17874328655454,68.63465423808509,6.779766042138341,0.0,10,4,1,20,False,False,morning
2023-01-20 11:00:00,LOC_2,Public,244,74.70740877668787,41.42813226570752,2.197351478482001,16.266793223574446,66.90440806519433,6.158042946978774,0.0,11,4,1,20,False,False,morning
2023-01-20 12:00:00,LOC_2,Public,244,78.16882714509522,41.42813226570752,2.197351478482001,14.733082527024248,72.8864522402316,6.950404979835683,0.0,12,4,1,20,False,False,afternoon
2023-01-20 13:00:00,LOC_2,Public,244,69.08350927776972,41.42813226570752,2.197351478482001,15.85512453360161,64.51172957875792,6.08795368032644,0.0,13,4,1,20,False,False,afternoon
2023-01-20 14:00:00,LOC_2,Public,244,84.63739045602334,41.42813226570752,2.197351478482001,17.757522566100473,69.62345844256114,8.331816297632177,2.1731525955061657,14,4,1,20,False,False,afternoon
2023-01-20 15:00:00,LOC_2,Public,244,54.03375598502653,41.42813226570752,2.197351478482001,15.004646874804553,57.41556847022921,6.700511177966196,0.0,15,4,1,20,False,False,afternoon
2023-01-20 16:00:00,LOC_2,Public,244,62.16483995185625,41.42813226570752,2.197351478482001,17.79077816760267,59.75265022711946,6.127611300069926,0.0,16,4,1,20,False,False,afternoon
2023-01-20 17:00:00,LOC_2,Public,244,68.51494635971078,41.42813226570752,2.197351478482001,24.597207337454517,52.09634712857028,5.7419282590437986,0.0,17,4,1,20,False,False,afternoon
2023-01-20 18:00:00,LOC_2,Public,244,63.568829578483275,41.42813226570752,2.197351478482001,25.95475023510663,65.39611602265882,7.604404716695826,0.0,18,4,1,20,False,False,evening
2023-01-20 19:00:00,LOC_2,Public,244,0.0,41.42813226570752,2.197351478482001,22.673006018500537,47.71985170962585,7.57899674559782,0.0,19,4,1,20,False,False,evening
2023-01-20 20:00:00,LOC_2,Public,244,8.6143496989539,41.42813226570752,2.197351478482001,24.501322350224157,54.85268670290989,6.6914541845664,0.0,20,4,1,20,False,False,evening
2023-01-20 21:00:00,LOC_2,Public,244,7.11252514168592,41.42813226570752,2.197351478482001,23.807095600070834,56.79969382269297,5.886128898450637,0.0,21,4,1,20,False,False,evening
2023-01-20 22:00:00,LOC_2,Public,244,26.280890529658745,41.42813226570752,2.197351478482001,28.849610804801422,56.6852971114756,6.901231118479446,0.0,22,4,1,20,False,False,evening
2023-01-20 23:00:00,LOC_2,Public,244,10.202143179069434,41.42813226570752,2.197351478482001,24.14316017772981,55.26554099589014,6.607347774975765,0.0,23,4,1,20,False,False,evening
2023-01-21 00:00:00,LOC_2,Public,244,17.744465288371824,41.42813226570752,2.197351478482001,20.6193938129796,57.600438509450605,7.706407718393255,0.0,0,5,1,21,True,False,night
2023-01-21 01:00:00,LOC_2,Public,244,27.582520131857407,41.42813226570752,2.197351478482001,17.764994150846213,60.86690729580142,7.493733709664964,0.0,1,5,1,21,True,False,night
2023-01-21 02:00:00,LOC_2,Public,244,29.92406568216931,41.42813226570752,2.197351478482001,15.175836236719748,62.48753223738777,6.771526960039599,0.0,2,5,1,21,True,False,night
2023-01-21 03:00:00,LOC_2,Public,244,36.68799671339269,41.42813226570752,2.197351478482001,17.508308250792137,70.61663362585917,6.33277290367903,0.0,3,5,1,21,True,False,night
2023-01-21 04:00:00,LOC_2,Public,244,12.91123361066926,41.42813226570752,2.197351478482001,14.38952029450084,79.24817143781786,8.644552255480663,0.0,4,5,1,21,True,False,night
2023-01-21 05:00:00,LOC_2,Public,244,31.57557359043517,41.42813226570752,2.197351478482001,12.028924290133922,67.46567765630229,7.0437979866407465,0.0,5,5,1,21,True,False,night
2023-01-21 06:00:00,LOC_2,Public,244,10.829310976775542,41.42813226570752,2.197351478482001,12.792434904271307,64.97982375659188,7.747964245676423,0.0,6,5,1,21,True,False,morning
2023-01-21 07:00:00,LOC_2,Public,244,0.0,41.42813226570752,2.197351478482001,11.429722872176427,72.3729519994333,6.106148504905194,0.0,7,5,1,21,True,False,morning
2023-01-21 08:00:00,LOC_2,Public,244,8.558858330356456,41.42813226570752,2.197351478482001,16.803469839455524,86.0401735496508,7.142606412840272,2.465818778071359,8,5,1,21,True,False,morning
2023-01-21 09:00:00,LOC_2,Public,244,4.471243964089371,41.42813226570752,2.197351478482001,15.369573746044907,68.76903869585934,5.7697948323266655,0.0,9,5,1,21,True,False,morning
2023-01-21 10:00:00,LOC_2,Public,244,54.40581444873096,41.42813226570752,2.197351478482001,14.096586088672172,79.97052128460952,7.204897031776871,0.0,10,5,1,21,True,False,morning
2023-01-21 11:00:00,LOC_2,Public,244,48.272105199918634,41.42813226570752,2.197351478482001,17.873746017601576,78.56078859073915,8.581930550503959,0.0,11,5,1,21,True,False,morning
2023-01-21 12:00:00,LOC_2,Public,244,49.05325551783349,41.42813226570752,2.197351478482001,16.110859742002567,65.31981253804537,6.843844764298868,0.7217430582178053,12,5,1,21,True,False,afternoon
2023-01-21 13:00:00,LOC_2,Public,244,43.171929457583715,41.42813226570752,2.197351478482001,15.446189201454612,68.5074001877041,5.809558603649483,0.0,13,5,1,21,True,False,afternoon
2023-01-21 14:00:00,LOC_2,Public,244,55.54293784984788,41.42813226570752,2.197351478482001,21.51582890558064,71.20282161356003,5.786783522966296,0.0,14,5,1,21,True,False,afternoon
2023-01-21 15:00:00,LOC_2,Public,244,44.15030430481636,41.42813226570752,2.197351478482001,20.84822220038076,58.56355706903968,6.859221657340377,0.0,15,5,1,21,True,False,afternoon
2023-01-21 16:00:00,LOC_2,Public,244,31.56167238770342,41.42813226570752,2.197351478482001,18.90853892688304,57.016035728416284,6.176681056496773,0.0,16,5,1,21,True,False,afternoon
2023-01-21 17:00:00,LOC_2,Public,244,58.4336817853208,41.42813226570752,2.197351478482001,21.64461034145879,53.04102003500477,5.768007047323211,0.0,17,5,1,21,True,False,afternoon
2023-01-21 18:00:00,LOC_2,Public,244,47.88626941246564,41.42813226570752,2.197351478482001,21.075365064664965,49.27301320366671,7.967935752352988,0.0,18,5,1,21,True,False,evening
2023-01-21 19:00:00,LOC_2,Public,244,54.39928420244344,41.42813226570752,2.197351478482001,20.56722318405212,50.08796698270837,7.076207729552762,0.0,19,5,1,21,True,False,evening
2023-01-21 20:00:00,LOC_2,Public,244,42.5501726575567,41.42813226570752,2.197351478482001,25.362265769369415,46.86047731757645,6.56971645077919,0.0,20,5,1,21,True,False,evening
2023-01-21 21:00:00,LOC_2,Public,244,13.580950635314034,41.42813226570752,2.197351478482001,27.16508844075421,53.47790702166823,8.403574754723163,0.0,21,5,1,21,True,False,evening
2023-01-21 22:00:00,LOC_2,Public,244,18.541053832484835,41.42813226570752,2.197351478482001,20.056331444552022,50.443200660326184,6.0530847952552,0.0,22,5,1,21,True,False,evening
2023-01-21 23:00:00,LOC_2,Public,244,4.547128097045353,41.42813226570752,2.197351478482001,23.191523684864663,57.03775913598669,8.573766747976114,0.0,23,5,1,21,True,False,evening
2023-01-22 00:00:00,LOC_2,Public,244,28.86308585882043,41.42813226570752,2.197351478482001,19.735476083520062,50.14699932545443,6.649252396484802,0.0,0,6,1,22,True,False,night
2023-01-22 01:00:00,LOC_2,Public,244,4.620465079852002,41.42813226570752,2.197351478482001,18.86331377643813,61.979272073137246,8.373904880617028,0.0,1,6,1,22,True,False,night
2023-01-22 02:00:00,LOC_2,Public,244,46.789615995088155,41.42813226570752,2.197351478482001,17.365387743695607,67.06729362369794,7.518863747873054,0.0,2,6,1,22,True,False,night
2023-01-22 03:00:00,LOC_2,Public,244,21.328763323905953,41.42813226570752,2.197351478482001,15.534803274596655,55.50575215923015,8.19149808711824,0.0,3,6,1,22,True,False,night
2023-01-22 04:00:00,LOC_2,Public,244,8.958622711257076,41.42813226570752,2.197351478482001,16.16062591278204,69.7431175354531,8.66475602100987,0.0,4,6,1,22,True,False,night
2023-01-22 05:00:00,LOC_2,Public,244,14.97542760264396,41.42813226570752,2.197351478482001,13.37284930224079,76.06884589224073,6.579273001655357,0.0,5,6,1,22,True,False,night
2023-01-22 06:00:00,LOC_2,Public,244,6.703643793849945,41.42813226570752,2.197351478482001,14.787769020968735,65.45808416772584,8.598802933889031,0.0,6,6,1,22,True,False,morning
2023-01-22 07:00:00,LOC_2,Public,244,0.0,41.42813226570752,2.197351478482001,13.653574145109387,80.8547612061732,6.885181583797861,0.02610745173687319,7,6,1,22,True,False,morning
2023-01-22 08:00:00,LOC_2,Public,244,10.677023016606418,41.42813226570752,2.197351478482001,13.112478665182632,74.91434552899932,6.874610665993858,0.0,8,6,1,22,True,False,morning
2023-01-22 09:00:00,LOC_2,Public,244,0.0,41.42813226570752,2.197351478482001,11.95231171974563,68.94006263355031,6.7405749478183505,0.0,9,6,1,22,True,False,morning
2023-01-22 10:00:00,LOC_2,Public,244,55.40757022487172,41.42813226570752,2.197351478482001,13.120090061026785,71.17388916738457,7.344974770259883,0.0,10,6,1,22,True,False,morning
2023-01-22 11:00:00,LOC_2,Public,244,52.14649756355899,41.42813226570752,2.197351478482001,16.585697998626113,72.6418034686594,6.184525020116929,0.0,11,6,1,22,True,False,morning
2023-01-22 12:00:00,LOC_2,Public,244,36.667583966583926,41.42813226570752,2.197351478482001,17.118971682546437,68.14575234246671,7.384561917533568,0.0,12,6,1,22,True,False,afternoon
2023-01-22 13:00:00,LOC_2,Public,244,56.84270469240176,41.42813226570752,2.197351478482001,15.374617585706305,68.03432381162503,7.349879097393214,0.0,13,6,1,22,True,False,afternoon
2023-01-22 14:00:00,LOC_2,Public,244,37.64028623745187,41.42813226570752,2.197351478482001,18.829172040881126,58.13561717455782,8.011806923819144,0.0,14,6,1,22,True,False,afternoon
2023-01-22 15:00:00,LOC_2,Public,244,36.40134959141306,41.42813226570752,2.197351478482001,21.434059163735128,60.984234286197285,8.228387824108546,0.0,15,6,1,22,True,False,afternoon
2023-01-22 16:00:00,LOC_2,Public,244,56.4411937013369,41.42813226570752,2.197351478482001,17.805059519504333,50.64368735198095,7.050098067286687,0.0,16,6,1,22,True,False,afternoon
2023-01-22 17:00:00,LOC_2,Public,244,54.082892734514154,41.42813226570752,2.197351478482001,23.272802888082875,55.07170468661049,6.637109467532534,0.0,17,6,1,22,True,False,afternoon
2023-01-22 18:00:00,LOC_2,Public,244,40.323966558327214,41.42813226570752,2.197351478482001,21.66210473600319,49.505757284886286,6.509449738945821,0.0,18,6,1,22,True,False,evening
2023-01-22 19:00:00,LOC_2,Public,244,46.46158663852633,41.42813226570752,2.197351478482001,24.634726459691148,49.33529204204151,6.316651508326514,0.0,19,6,1,22,True,False,evening
2023-01-22 20:00:00,LOC_2,Public,244,44.60579891667487,41.42813226570752,2.197351478482001,22.144054549131727,58.839320151618665,5.907057319040427,0.0,20,6,1,22,True,False,evening
2023-01-22 21:00:00,LOC_2,Public,244,7.052230694065238,41.42813226570752,2.197351478482001,19.89710877512789,58.44280465005749,6.762792705506458,0.0,21,6,1,22,True,False,evening
2023-01-22 22:00:00,LOC_2,Public,244,26.069097189188923,41.42813226570752,2.197351478482001,19.758955079167887,57.01761069466746,6.547525663594754,0.0,22,6,1,22,True,False,evening
2023-01-22 23:00:00,LOC_2,Public,244,8.444418322674059,41.42813226570752,2.197351478482001,22.322283931042566,50.0862081011975,8.637368183956635,0.0,23,6,1,22,True,False,evening
2023-01-23 00:00:00,LOC_2,Public,244,30.06020098659652,41.42813226570752,2.197351478482001,21.716690432349694,56.02346689371253,7.412575564531478,0.0,0,0,1,23,False,False,night
2023-01-23 01:00:00,LOC_2,Public,244,25.472525229478055,41.42813226570752,2.197351478482001,18.18937079924577,66.06948040098675,6.78261288187992,0.0,1,0,1,23,False,False,night
2023-01-23 02:00:00,LOC_2,Public,244,21.86391158076443,41.42813226570752,2.197351478482001,19.987755231019523,63.28744394126998,7.4835168656740425,0.0,2,0,1,23,False,False,night
2023-01-23 03:00:00,LOC_2,Public,244,24.1883161853509,41.42813226570752,2.197351478482001,14.100094543997512,76.75037836283761,6.161036082846693,0.0,3,0,1,23,False,False,night
2023-01-23 04:00:00,LOC_2,Public,244,16.583463829542257,41.42813226570752,2.197351478482001,16.091727964971046,69.51881407244049,7.0769087600597445,0.0,4,0,1,23,False,False,night
2023-01-23 05:00:00,LOC_2,Public,244,29.22516255127688,41.42813226570752,2.197351478482001,12.772977009234953,70.57022676493042,7.624811627201712,0.0,5,0,1,23,False,False,night
2023-01-23 06:00:00,LOC_2,Public,244,4.089170231815154,41.42813226570752,2.197351478482001,13.103397913378174,69.6402774210225,7.214132924958292,0.0,6,0,1,23,False,False,morning
2023-01-23 07:00:00,LOC_2,Public,244,5.661911685377271,41.42813226570752,2.197351478482001,14.009017269666296,72.83926466984448,6.954106213658734,0.0,7,0,1,23,False,False,morning
2023-01-23 08:00:00,LOC_2,Public,244,79.65518796360945,41.42813226570752,2.197351478482001,12.029672312424909,71.73665273211165,8.731644975297657,0.0,8,0,1,23,False,False,morning
2023-01-23 09:00:00,LOC_2,Public,244,69.9588884479294,41.42813226570752,2.197351478482001,13.158406878120571,75.68550745028251,8.392373706051893,0.0,9,0,1,23,False,False,morning
2023-01-23 10:00:00,LOC_2,Public,244,69.97044222943272,41.42813226570752,2.197351478482001,16.44625181966358,75.91617918150352,7.622976518509699,0.0,10,0,1,23,False,False,morning
2023-01-23 11:00:00,LOC_2,Public,244,67.34826447461742,41.42813226570752,2.197351478482001,14.08111976098861,65.60024569739043,7.462219564740377,0.0,11,0,1,23,False,False,morning
2023-01-23 12:00:00,LOC_2,Public,244,82.25822676635889,41.42813226570752,2.197351478482001,17.94846387616993,60.7896759281318,7.617397369881681,0.0,12,0,1,23,False,False,afternoon
2023-01-23 13:00:00,LOC_2,Public,244,72.25650605284349,41.42813226570752,2.197351478482001,15.230211020127896,55.839723675597256,6.360680314458447,0.0,13,0,1,23,False,False,afternoon
2023-01-23 14:00:00,LOC_2,Public,244,83.24059358006284,41.42813226570752,2.197351478482001,19.849966667130303,64.95924001196325,6.943484892052903,0.0,14,0,1,23,False,False,afternoon
2023-01-23 15:00:00,LOC_2,Public,244,77.46820172404233,41.42813226570752,2.197351478482001,22.974227184484892,54.300987082792446,5.8777775422039955,0.0,15,0,1,23,False,False,afternoon
2023-01-23 16:00:00,LOC_2,Public,244,55.57852354133168,41.42813226570752,2.197351478482001,16.36034017035724,46.62828869401395,7.187363946582844,0.0,16,0,1,23,False,False,afternoon
2023-01-23 17:00:00,LOC_2,Public,244,74.34845506961969,41.42813226570752,2.197351478482001,20.752005061744356,57.251301877284206,7.391126085223504,0.0,17,0,1,23,False,False,afternoon
2023-01-23 18:00:00,LOC_2,Public,244,65.01663370148042,41.42813226570752,2.197351478482001,24.301163475949863,66.17095914398638,6.446627648842947,0.0,18,0,1,23,False,False,evening
2023-01-23 19:00:00,LOC_2,Public,244,5.4789492850055606,41.42813226570752,2.197351478482001,23.24705913430209,52.66334562952438,8.656790696485087,0.0,19,0,1,23,False,False,evening
2023-01-23 20:00:00,LOC_2,Public,244,13.920986676437757,41.42813226570752,2.197351478482001,24.572439126913487,56.53215911191647,8.4943933088459,0.0,20,0,1,23,False,False,evening
2023-01-23 21:00:00,LOC_2,Public,244,0.0,41.42813226570752,2.197351478482001,22.45843077295557,53.0763444999634,7.9337841093560915,0.0,21,0,1,23,False,False,evening
2023-01-23 22:00:00,LOC_2,Public,244,15.96591889021004,41.42813226570752,2.197351478482001,23.346701269715624,53.15850834450464,7.368838821465614,0.0,22,0,1,23,False,False,evening
2023-01-23 23:00:00,LOC_2,Public,244,14.58966635850054,41.42813226570752,2.197351478482001,22.074194794629634,59.82428388411125,8.379910550839266,0.0,23,0,1,23,False,False,evening
2023-01-24 00:00:00,LOC_2,Public,244,11.525949547295587,41.42813226570752,2.197351478482001,23.692198185755686,55.8353591541846,6.163283843957602,0.0,0,1,1,24,False,False,night
2023-01-24 01:00:00,LOC_2,Public,244,7.779840714887968,41.42813226570752,2.197351478482001,20.666187693422646,61.022269556719074,8.144179539086178,0.0,1,1,1,24,False,False,night
2023-01-24 02:00:00,LOC_2,Public,244,25.304919458202612,41.42813226570752,2.197351478482001,19.54507083684206,63.86875800559675,6.148435544438876,0.8875872005714681,2,1,1,24,False,False,night
2023-01-24 03:00:00,LOC_2,Public,244,0.0,41.42813226570752,2.197351478482001,16.758629095427644,61.4947816764396,8.157927638285253,0.0,3,1,1,24,False,False,night
2023-01-24 04:00:00,LOC_2,Public,244,10.905456030178012,41.42813226570752,2.197351478482001,15.407876551241213,72.19403374891021,6.6039205046313105,0.0,4,1,1,24,False,False,night
2023-01-24 05:00:00,LOC_2,Public,244,26.144923682894454,41.42813226570752,2.197351478482001,14.489047466321763,68.41687353260095,8.409211292633316,0.0,5,1,1,24,False,False,night
2023-01-24 06:00:00,LOC_2,Public,244,0.0,41.42813226570752,2.197351478482001,15.35508176114228,67.0889192497644,8.61138718053777,0.0,6,1,1,24,False,False,morning
2023-01-24 07:00:00,LOC_2,Public,244,0.0,41.42813226570752,2.197351478482001,13.231311145143838,74.5359890042833,6.226969755861288,1.2359412760671196,7,1,1,24,False,False,morning
2023-01-24 08:00:00,LOC_2,Public,244,71.0398605335403,41.42813226570752,2.197351478482001,14.48906168705416,67.68863614452215,7.169929209848448,0.0,8,1,1,24,False,False,morning
2023-01-24 09:00:00,LOC_2,Public,244,93.90427928763444,41.42813226570752,2.197351478482001,18.237285162851474,71.96793865572444,8.726184673889243,0.0,9,1,1,24,False,False,morning
2023-01-24 10:00:00,LOC_2,Public,244,82.05112318318935,41.42813226570752,2.197351478482001,16.334833794008894,70.76923624248796,7.23476458913298,0.0,10,1,1,24,False,False,morning
2023-01-24 11:00:00,LOC_2,Public,244,59.82494059240429,41.42813226570752,2.197351478482001,14.741727126783434,74.64192944691965,8.376504186954007,0.0,11,1,1,24,False,False,morning
2023-01-24 12:00:00,LOC_2,Public,244,81.48292702119338,41.42813226570752,2.197351478482001,18.838330610892555,69.50168563127043,7.553375119706893,0.05189674360981235,12,1,1,24,False,False,afternoon
2023-01-24 13:00:00,LOC_2,Public,244,68.65142483969996,41.42813226570752,2.197351478482001,16.832249439657737,64.5780648348726,6.914488806001494,0.0,13,1,1,24,False,False,afternoon
2023-01-24 14:00:00,LOC_2,Public,244,57.83827271603208,41.42813226570752,2.197351478482001,14.872836957250826,66.19065944078837,6.647167872098917,0.0,14,1,1,24,False,False,afternoon
2023-01-24 15:00:00,LOC_2,Public,244,80.08588876376898,41.42813226570752,2.197351478482001,18.23359721603112,66.45149806935471,6.400804195728927,0.0,15,1,1,24,False,False,afternoon
2023-01-24 16:00:00,LOC_2,Public,244,77.03908455822925,41.42813226570752,2.197351478482001,17.720677320012555,59.86452920763078,8.077846806545944,0.0,16,1,1,24,False,False,afternoon
2023-01-24 17:00:00,LOC_2,Public,244,72.71893824021792,41.42813226570752,2.197351478482001,21.80135261120095,55.04300394064977,6.95339065513925,0.0,17,1,1,24,False,False,afternoon
2023-01-24 18:00:00,LOC_2,Public,244,77.50933178991444,41.42813226570752,2.197351478482001,23.34239192012685,46.829708514753705,7.328912015167365,0.0,18,1,1,24,False,False,evening
2023-01-24 19:00:00,LOC_2,Public,244,0.0,41.42813226570752,2.197351478482001,27.164512323097934,47.0511562875284,7.273378153423951,0.0,19,1,1,24,False,False,evening
2023-01-24 20:00:00,LOC_2,Public,244,0.0,41.42813226570752,2.197351478482001,24.642441690323206,50.4967025926369,7.52955447625837,0.0,20,1,1,24,False,False,evening
2023-01-24 21:00:00,LOC_2,Public,244,0.0,41.42813226570752,2.197351478482001,23.386591340347415,49.3028541932733,8.395764090177618,0.0,21,1,1,24,False,False,evening
2023-01-24 22:00:00,LOC_2,Public,244,30.252373546615193,41.42813226570752,2.197351478482001,24.990675716182714,52.40141437744129,8.742565537728996,0.0,22,1,1,24,False,False,evening
2023-01-24 23:00:00,LOC_2,Public,244,37.00542740029386,41.42813226570752,2.197351478482001,18.121573032450865,55.19556232355227,7.0244145746282305,0.0,23,1,1,24,False,False,evening
2023-01-25 00:00:00,LOC_2,Public,244,36.47482289917264,41.42813226570752,2.197351478482001,21.986109008276863,59.61870398766419,8.285532744730855,0.0,0,2,1,25,False,False,night
2023-01-25 01:00:00,LOC_2,Public,244,17.187352598707808,41.42813226570752,2.197351478482001,21.857273587377506,59.0164197104974,8.097872978782346,0.0,1,2,1,25,False,False,night
2023-01-25 02:00:00,LOC_2,Public,244,15.792532822622658,41.42813226570752,2.197351478482001,16.07084149568891,64.37648024463383,7.526189651816438,0.0,2,2,1,25,False,False,night
2023-01-25 03:00:00,LOC_2,Public,244,0.0508400861866153,41.42813226570752,2.197351478482001,20.02799078905591,64.8414066687665,8.67505701646673,0.0,3,2,1,25,False,False,night
2023-01-25 04:00:00,LOC_2,Public,244,15.741003769845015,41.42813226570752,2.197351478482001,17.2181326084211,57.0403875813661,6.409651505271664,0.0,4,2,1,25,False,False,night
2023-01-25 05:00:00,LOC_2,Public,244,9.89010329341193,41.42813226570752,2.197351478482001,14.681589845971288,64.27899168336045,6.13733254686999,0.0,5,2,1,25,False,False,night
2023-01-25 06:00:00,LOC_2,Public,244,0.0,41.42813226570752,2.197351478482001,15.989693996890349,69.83130169203636,8.37273735758626,0.0,6,2,1,25,False,False,morning
2023-01-25 07:00:00,LOC_2,Public,244,7.747954627885469,41.42813226570752,2.197351478482001,18.77256948590508,65.48915874520188,7.129612030249572,0.0,7,2,1,25,False,False,morning
2023-01-25 08:00:00,LOC_2,Public,244,67.51223249068195,41.42813226570752,2.197351478482001,14.43109894087499,74.86491078846502,8.354379848772782,0.7548961814804646,8,2,1,25,False,False,morning
2023-01-25 09:00:00,LOC_2,Public,244,69.72744583369803,41.42813226570752,2.197351478482001,14.74072990843289,79.16517669005405,8.494054189041757,0.0,9,2,1,25,False,False,morning
2023-01-25 10:00:00,LOC_2,Public,244,72.18454437384241,41.42813226570752,2.197351478482001,13.831618389927165,76.59312888047128,6.003466222443183,0.8486224532681885,10,2,1,25,False,False,morning
2023-01-25 11:00:00,LOC_2,Public,244,56.757234586743785,41.42813226570752,2.197351478482001,13.851791804483174,67.82982455852344,8.467797178827281,0.0,11,2,1,25,False,False,morning
2023-01-25 12:00:00,LOC_2,Public,244,63.95092905330997,41.42813226570752,2.197351478482001,18.254231221244705,74.26651150793732,7.163669083739509,0.0,12,2,1,25,False,False,afternoon
2023-01-25 13:00:00,LOC_2,Public,244,55.08397948624548,41.42813226570752,2.197351478482001,16.093839743664454,65.13132249504619,7.351317991211654,0.0,13,2,1,25,False,False,afternoon
2023-01-25 14:00:00,LOC_2,Public,244,73.41765480565437,41.42813226570752,2.197351478482001,19.249776018933876,60.10128305541962,7.701106242178649,0.0,14,2,1,25,False,False,afternoon
2023-01-25 15:00:00,LOC_2,Public,244,55.69011076002547,41.42813226570752,2.197351478482001,19.451962687274445,56.118431520685945,8.601784291248675,0.0,15,2,1,25,False,False,afternoon
2023-01-25 16:00:00,LOC_2,Public,244,67.63849081971254,41.42813226570752,2.197351478482001,22.57767870151458,55.248213467515775,5.88129209329365,0.0,16,2,1,25,False,False,afternoon
2023-01-25 17:00:00,LOC_2,Public,244,49.60205482894432,41.42813226570752,2.197351478482001,23.32911174182801,52.73554084478563,7.255781130017726,0.0,17,2,1,25,False,False,afternoon
2023-01-25 18:00:00,LOC_2,Public,244,87.2240100691774,41.42813226570752,2.197351478482001,25.537992985267035,53.926254918374966,7.88972334285749,0.0,18,2,1,25,False,False,evening
2023-01-25 19:00:00,LOC_2,Public,244,0.33542600933007,41.42813226570752,2.197351478482001,22.948912737919954,52.86497883399043,7.9959841539315075,0.0,19,2,1,25,False,False,evening
2023-01-25 20:00:00,LOC_2,Public,244,6.059989904012119,41.42813226570752,2.197351478482001,23.606094730440244,51.7235408987131,7.906766214816721,0.0,20,2,1,25,False,False,evening
2023-01-25 21:00:00,LOC_2,Public,244,22.466734731602212,41.42813226570752,2.197351478482001,22.02447236487991,54.2206912558427,6.233779521224202,0.0,21,2,1,25,False,False,evening
2023-01-25 22:00:00,LOC_2,Public,244,19.92055989450232,41.42813226570752,2.197351478482001,22.600435091513262,58.97518815060074,6.7299656836637025,0.0,22,2,1,25,False,False,evening
2023-01-25 23:00:00,LOC_2,Public,244,24.50058370451759,41.42813226570752,2.197351478482001,23.455551272925458,59.345870103535105,6.909229852431644,0.0,23,2,1,25,False,False,evening
2023-01-26 00:00:00,LOC_2,Public,244,15.081913148536852,41.42813226570752,2.197351478482001,23.185913259413873,49.231638105504146,8.247698828263148,0.0,0,3,1,26,False,False,night
2023-01-26 01:00:00,LOC_2,Public,244,3.1991939497858004,41.42813226570752,2.197351478482001,18.628218102206993,46.28529682436574,6.671970322253587,0.0,1,3,1,26,False,False,night
2023-01-26 02:00:00,LOC_2,Public,244,7.832308500585359,41.42813226570752,2.197351478482001,20.924180714540764,66.30166180753749,6.469108666467498,2.1723124564704275,2,3,1,26,False,False,night
2023-01-26 03:00:00,LOC_2,Public,244,17.950756653597463,41.42813226570752,2.197351478482001,20.60866256270799,57.370832817726715,8.710640471236427,0.0,3,3,1,26,False,False,night
2023-01-26 04:00:00,LOC_2,Public,244,14.95866283080604,41.42813226570752,2.197351478482001,17.524862916990017,65.48018676945135,5.86618847744893,0.0,4,3,1,26,False,False,night
2023-01-26 05:00:00,LOC_2,Public,244,17.36447244023665,41.42813226570752,2.197351478482001,19.42255970995893,62.81149870001761,8.834362965201041,0.0,5,3,1,26,False,False,night
2023-01-26 06:00:00,LOC_2,Public,244,8.233343537264476,41.42813226570752,2.197351478482001,13.333303290831555,61.2283344340225,7.872665638164365,0.0,6,3,1,26,False,False,morning
2023-01-26 07:00:00,LOC_2,Public,244,13.863214098570076,41.42813226570752,2.197351478482001,11.89857472068308,73.93154538641213,8.328910550097602,0.0,7,3,1,26,False,False,morning
2023-01-26 08:00:00,LOC_2,Public,244,64.2349891574674,41.42813226570752,2.197351478482001,10.666575141991721,75.34774452191267,6.728661316998635,0.0,8,3,1,26,False,False,morning
2023-01-26 09:00:00,LOC_2,Public,244,70.07982756621199,41.42813226570752,2.197351478482001,17.392975339295777,68.31567456373159,5.8890490025537305,0.0,9,3,1,26,False,False,morning
2023-01-26 10:00:00,LOC_2,Public,244,66.84271964985244,41.42813226570752,2.197351478482001,16.21561817308051,57.23101481853066,8.061011331543508,0.0,10,3,1,26,False,False,morning
2023-01-26 11:00:00,LOC_2,Public,244,72.31082105307969,41.42813226570752,2.197351478482001,15.596806483299153,65.85282610849745,8.351135737212587,0.0,11,3,1,26,False,False,morning
2023-01-26 12:00:00,LOC_2,Public,244,70.92113809807744,41.42813226570752,2.197351478482001,17.309940652335182,68.45901322762164,8.071429075799665,0.0,12,3,1,26,False,False,afternoon
2023-01-26 13:00:00,LOC_2,Public,244,66.40471643834907,41.42813226570752,2.197351478482001,15.711421561772713,56.68064284339043,6.27984983827893,0.0,13,3,1,26,False,False,afternoon
2023-01-26 14:00:00,LOC_2,Public,244,84.27354800697503,41.42813226570752,2.197351478482001,24.15448813350644,62.3908312503502,8.112880601625465,0.0,14,3,1,26,False,False,afternoon
2023-01-26 15:00:00,LOC_2,Public,244,62.055662148830336,41.42813226570752,2.197351478482001,20.822008862992266,58.7963177560514,8.160662601028765,0.0,15,3,1,26,False,False,afternoon
2023-01-26 16:00:00,LOC_2,Public,244,55.41700316247962,41.42813226570752,2.197351478482001,21.994745765523767,59.344545145377474,7.830812782272961,0.0,16,3,1,26,False,False,afternoon
2023-01-26 17:00:00,LOC_2,Public,244,73.09735895754879,41.42813226570752,2.197351478482001,24.269506033021013,54.961956271623514,8.154835574244936,0.0,17,3,1,26,False,False,afternoon
2023-01-26 18:00:00,LOC_2,Public,244,63.640149791759406,41.42813226570752,2.197351478482001,24.581064861520453,47.896562499498174,8.395548194858163,0.0,18,3,1,26,False,False,evening
2023-01-26 19:00:00,LOC_2,Public,244,13.832432214914212,41.42813226570752,2.197351478482001,24.57279485248547,57.73280390046804,7.699891877208748,0.0,19,3,1,26,False,False,evening
2023-01-26 20:00:00,LOC_2,Public,244,3.0968237486860635,41.42813226570752,2.197351478482001,22.72092484513853,50.60360462280684,6.126188893114868,0.0,20,3,1,26,False,False,evening
2023-01-26 21:00:00,LOC_2,Public,244,0.0,41.42813226570752,2.197351478482001,25.08091347215235,51.58752378668962,7.324552954288636,0.0,21,3,1,26,False,False,evening
2023-01-26 22:00:00,LOC_2,Public,244,18.757255929470155,41.42813226570752,2.197351478482001,27.408995292241176,48.0437676060518,6.095911860088599,0.0,22,3,1,26,False,False,evening
2023-01-26 23:00:00,LOC_2,Public,244,8.69647569835898,41.42813226570752,2.197351478482001,25.547662712744128,52.0699435031741,7.08688683599758,0.0,23,3,1,26,False,False,evening
2023-01-27 00:00:00,LOC_2,Public,244,16.50413533940906,41.42813226570752,2.197351478482001,25.014129178783108,51.92047457885687,7.086870652477746,0.0,0,4,1,27,False,False,night
2023-01-27 01:00:00,LOC_2,Public,244,36.61069189570018,41.42813226570752,2.197351478482001,19.60588478270066,57.87863742925683,6.06487371443081,0.0,1,4,1,27,False,False,night
2023-01-27 02:00:00,LOC_2,Public,244,19.046623502969048,41.42813226570752,2.197351478482001,17.361474024296644,69.87717507108411,6.9145983348712,2.0106735676349174,2,4,1,27,False,False,night
2023-01-27 03:00:00,LOC_2,Public,244,8.372693258834524,41.42813226570752,2.197351478482001,17.80147512075772,57.03439636342919,6.202423133667868,0.0,3,4,1,27,False,False,night
2023-01-27 04:00:00,LOC_2,Public,244,14.918110782001468,41.42813226570752,2.197351478482001,16.96505229627158,58.224988067227905,8.295426124366506,0.0,4,4,1,27,False,False,night
2023-01-27 05:00:00,LOC_2,Public,244,17.300206193406552,41.42813226570752,2.197351478482001,18.01290764817415,75.70680241500355,8.71507578132641,0.0,5,4,1,27,False,False,night
2023-01-27 06:00:00,LOC_2,Public,244,32.47979795292316,41.42813226570752,2.197351478482001,11.651456041208805,68.88061101296378,6.090251889685944,0.0,6,4,1,27,False,False,morning
2023-01-27 07:00:00,LOC_2,Public,244,0.0,41.42813226570752,2.197351478482001,17.602435383036802,67.56796681846926,8.739938396987288,0.0,7,4,1,27,False,False,morning
2023-01-27 08:00:00,LOC_2,Public,244,69.85975597489927,41.42813226570752,2.197351478482001,14.063397384688779,76.44069707328687,7.443612434379587,0.0,8,4,1,27,False,False,morning
2023-01-27 09:00:00,LOC_2,Public,244,63.23316328282351,41.42813226570752,2.197351478482001,13.702468963760069,67.85946009400587,6.775869080881671,0.0,9,4,1,27,False,False,morning
2023-01-27 10:00:00,LOC_2,Public,244,77.60388079982515,41.42813226570752,2.197351478482001,13.037969262562118,79.00569254156977,6.10904723222942,0.0,10,4,1,27,False,False,morning
2023-01-27 11:00:00,LOC_2,Public,244,80.52617886854904,41.42813226570752,2.197351478482001,12.553500319580076,71.66320203007311,7.381622318060124,0.0,11,4,1,27,False,False,morning
2023-01-27 12:00:00,LOC_2,Public,244,69.84505158157683,41.42813226570752,2.197351478482001,18.551529011428777,63.75006727226159,8.264584202173236,0.0,12,4,1,27,False,False,afternoon
2023-01-27 13:00:00,LOC_2,Public,244,61.05898861344122,41.42813226570752,2.197351478482001,18.264166560337372,74.55147981440639,8.003584602094728,0.0,13,4,1,27,False,False,afternoon
2023-01-27 14:00:00,LOC_2,Public,244,69.35121946796889,41.42813226570752,2.197351478482001,16.838139790354806,58.13530220530948,6.034290352359304,0.0,14,4,1,27,False,False,afternoon
2023-01-27 15:00:00,LOC_2,Public,244,66.82684122630098,41.42813226570752,2.197351478482001,18.128432736670625,62.273296298450816,6.103604517160762,0.0,15,4,1,27,False,False,afternoon
2023-01-27 16:00:00,LOC_2,Public,244,82.80521673139263,41.42813226570752,2.197351478482001,21.25935684592818,57.63461041301559,7.0948050967995995,0.0,16,4,1,27,False,False,afternoon
2023-01-27 17:00:00,LOC_2,Public,244,51.89803425286554,41.42813226570752,2.197351478482001,26.310932110709395,60.562928326732774,6.773342512983404,0.0,17,4,1,27,False,False,afternoon
2023-01-27 18:00:00,LOC_2,Public,244,67.26735536099649,41.42813226570752,2.197351478482001,23.254726097241115,60.259738383697616,6.58590932537737,0.0,18,4,1,27,False,False,evening
2023-01-27 19:00:00,LOC_2,Public,244,4.534764297948842,41.42813226570752,2.197351478482001,21.273549346956116,51.60035023894418,6.733054721075539,0.0,19,4,1,27,False,False,evening
2023-01-27 20:00:00,LOC_2,Public,244,0.0,41.42813226570752,2.197351478482001,23.96514204482348,47.319654302278344,8.301773864489729,0.0,20,4,1,27,False,False,evening
2023-01-27 21:00:00,LOC_2,Public,244,1.7070638606395223,41.42813226570752,2.197351478482001,23.747229923437388,53.714506588830126,8.68029374719304,0.0,21,4,1,27,False,False,evening
2023-01-27 22:00:00,LOC_2,Public,244,16.379672961926676,41.42813226570752,2.197351478482001,18.405819126959393,49.0122383255544,7.109201162366768,0.0,22,4,1,27,False,False,evening
2023-01-27 23:00:00,LOC_2,Public,244,17.986206248282137,41.42813226570752,2.197351478482001,22.902824729889804,64.04410731178226,8.613509117796031,0.0,23,4,1,27,False,False,evening
2023-01-28 00:00:00,LOC_2,Public,244,14.945698669876736,41.42813226570752,2.197351478482001,21.52042435698675,56.71808982060547,6.860945787224467,0.0,0,5,1,28,True,False,night
2023-01-28 01:00:00,LOC_2,Public,244,23.191435594044567,41.42813226570752,2.197351478482001,22.17521192699486,56.607793848703416,7.327051753402458,0.0,1,5,1,28,True,False,night
2023-01-28 02:00:00,LOC_2,Public,244,4.2542522089032975,41.42813226570752,2.197351478482001,23.193024406939347,61.93317709522723,6.5771094368577305,0.0,2,5,1,28,True,False,night
2023-01-28 03:00:00,LOC_2,Public,244,0.0,41.42813226570752,2.197351478482001,20.46055298326995,56.84952270400265,7.82173175646494,0.0,3,5,1,28,True,False,night
2023-01-28 04:00:00,LOC_2,Public,244,30.19287669129364,41.42813226570752,2.197351478482001,16.47014438536531,61.1260862744968,8.83852769881942,0.0,4,5,1,28,True,False,night
2023-01-28 05:00:00,LOC_2,Public,244,5.7099299287178304,41.42813226570752,2.197351478482001,13.76573734070196,74.04449122335153,7.713343900953744,0.0,5,5,1,28,True,False,night
2023-01-28 06:00:00,LOC_2,Public,244,5.959282387196471,41.42813226570752,2.197351478482001,20.337314626900564,66.33433856434132,6.9775866602052545,0.0,6,5,1,28,True,False,morning
2023-01-28 07:00:00,LOC_2,Public,244,1.8638143670349687,41.42813226570752,2.197351478482001,14.815926425381598,65.37046597188507,7.8488760757311775,0.0,7,5,1,28,True,False,morning
2023-01-28 08:00:00,LOC_2,Public,244,0.0,41.42813226570752,2.197351478482001,14.561371593077869,73.61623774413248,6.275464637246558,0.0,8,5,1,28,True,False,morning
2023-01-28 09:00:00,LOC_2,Public,244,18.980335336789903,41.42813226570752,2.197351478482001,14.66202569173012,76.50796904141474,8.57395824027529,0.0,9,5,1,28,True,False,morning
2023-01-28 10:00:00,LOC_2,Public,244,55.20783803521125,41.42813226570752,2.197351478482001,15.61233715255353,73.16243129128969,7.418510782327512,0.0,10,5,1,28,True,False,morning
2023-01-28 11:00:00,LOC_2,Public,244,50.538362257736345,41.42813226570752,2.197351478482001,15.728427233817769,72.94594231369777,7.258585618838604,0.0,11,5,1,28,True,False,morning
2023-01-28 12:00:00,LOC_2,Public,244,50.215646237777,41.42813226570752,2.197351478482001,15.911742921324114,62.09789068698352,7.669407752377475,0.0,12,5,1,28,True,False,afternoon
2023-01-28 13:00:00,LOC_2,Public,244,54.443048643361266,41.42813226570752,2.197351478482001,17.177636453120403,56.348237995088404,7.787441500590965,0.0,13,5,1,28,True,False,afternoon
2023-01-28 14:00:00,LOC_2,Public,244,35.00295287044037,41.42813226570752,2.197351478482001,19.506323297970397,68.36300858297264,6.129693386360018,0.0,14,5,1,28,True,False,afternoon
2023-01-28 15:00:00,LOC_2,Public,244,55.273899133794245,41.42813226570752,2.197351478482001,19.785453446913074,56.641994827428114,7.9634932164038075,0.0,15,5,1,28,True,False,afternoon
2023-01-28 16:00:00,LOC_2,Public,244,60.41597938383427,41.42813226570752,2.197351478482001,20.658891768275097,54.576668250465914,6.642711707672474,0.0,16,5,1,28,True,False,afternoon
2023-01-28 17:00:00,LOC_2,Public,244,67.79874013341055,41.42813226570752,2.197351478482001,23.339350906323226,60.387989807366424,8.060049206521109,0.0,17,5,1,28,True,False,afternoon
2023-01-28 18:00:00,LOC_2,Public,244,47.95147337709297,41.42813226570752,2.197351478482001,23.417499978601526,54.92624122011683,8.387069862056798,0.0,18,5,1,28,True,False,evening
2023-01-28 19:00:00,LOC_2,Public,244,45.10373021461888,41.42813226570752,2.197351478482001,27.44131098750564,53.412788839727504,8.332614698436545,0.0,19,5,1,28,True,False,evening
2023-01-28 20:00:00,LOC_2,Public,244,40.7241659437237,41.42813226570752,2.197351478482001,19.30812237806599,61.604887734801395,7.57951530119407,0.0,20,5,1,28,True,False,evening
2023-01-28 21:00:00,LOC_2,Public,244,0.0,41.42813226570752,2.197351478482001,26.629068574407462,47.89029910697421,7.483794824755694,0.0,21,5,1,28,True,False,evening
2023-01-28 22:00:00,LOC_2,Public,244,6.605958068896517,41.42813226570752,2.197351478482001,26.445084512334034,56.733372385728636,6.353185305701552,0.0,22,5,1,28,True,False,evening
2023-01-28 23:00:00,LOC_2,Public,244,14.875119965144396,41.42813226570752,2.197351478482001,19.01789954059394,53.955705613664946,8.251867671104907,0.0,23,5,1,28,True,False,evening
2023-01-29 00:00:00,LOC_2,Public,244,16.18335360401867,41.42813226570752,2.197351478482001,21.45012752086781,57.07195597625927,6.741328683145845,0.0,0,6,1,29,True,False,night
2023-01-29 01:00:00,LOC_2,Public,244,18.62614790467135,41.42813226570752,2.197351478482001,20.1930704273204,65.77043781343869,7.418457655213716,0.0,1,6,1,29,True,False,night
2023-01-29 02:00:00,LOC_2,Public,244,32.51671545923776,41.42813226570752,2.197351478482001,16.83318538108549,63.24276124040586,6.782464032886777,0.0,2,6,1,29,True,False,night
2023-01-29 03:00:00,LOC_2,Public,244,12.878988913843898,41.42813226570752,2.197351478482001,16.804829615231633,65.9705544144214,6.332396732184277,0.0,3,6,1,29,True,False,night
2023-01-29 04:00:00,LOC_2,Public,244,31.632512833884135,41.42813226570752,2.197351478482001,14.939753575815763,71.04072615305417,7.820854144024694,0.0,4,6,1,29,True,False,night
2023-01-29 05:00:00,LOC_2,Public,244,14.24623607928018,41.42813226570752,2.197351478482001,19.636256900634628,65.91180432471081,6.096446088412735,0.0,5,6,1,29,True,False,night
2023-01-29 06:00:00,LOC_2,Public,244,0.7016300165407416,41.42813226570752,2.197351478482001,17.21482193895275,65.11702135798932,8.180654136694605,0.0,6,6,1,29,True,False,morning
2023-01-29 07:00:00,LOC_2,Public,244,0.0,41.42813226570752,2.197351478482001,17.39341307760727,65.07534825465693,6.888746789596208,0.0,7,6,1,29,True,False,morning
2023-01-29 08:00:00,LOC_2,Public,244,0.0,41.42813226570752,2.197351478482001,16.129613586997802,60.79567813529732,5.937657970795722,0.0,8,6,1,29,True,False,morning
2023-01-29 09:00:00,LOC_2,Public,244,0.0,41.42813226570752,2.197351478482001,12.604871813980985,80.55508493687073,7.471908315283846,0.0,9,6,1,29,True,False,morning
2023-01-29 10:00:00,LOC_2,Public,244,41.25107668201433,41.42813226570752,2.197351478482001,14.319769551171792,63.746338003928905,6.080343146113515,0.0,10,6,1,29,True,False,morning
2023-01-29 11:00:00,LOC_2,Public,244,57.82823892992056,41.42813226570752,2.197351478482001,17.148482516554786,66.55426509387323,6.769562133469036,0.0,11,6,1,29,True,False,morning
2023-01-29 12:00:00,LOC_2,Public,244,60.901383522687105,41.42813226570752,2.197351478482001,14.767339458954748,64.19274334707812,8.063248477714875,0.0,12,6,1,29,True,False,afternoon
2023-01-29 13:00:00,LOC_2,Public,244,60.90231858489605,41.42813226570752,2.197351478482001,19.849822064351155,64.68938308103274,6.131652950769394,0.0,13,6,1,29,True,False,afternoon
2023-01-29 14:00:00,LOC_2,Public,244,30.75113507231389,41.42813226570752,2.197351478482001,19.243592558802316,64.63019935245931,8.462864148091723,0.0,14,6,1,29,True,False,afternoon
2023-01-29 15:00:00,LOC_2,Public,244,72.87297543230828,41.42813226570752,2.197351478482001,20.275017460697963,62.253049290204416,5.957572538032659,0.0,15,6,1,29,True,False,afternoon
2023-01-29 16:00:00,LOC_2,Public,244,36.73223431315652,41.42813226570752,2.197351478482001,23.658801848172228,52.61084898362482,6.6878479899587555,0.0,16,6,1,29,True,False,afternoon
2023-01-29 17:00:00,LOC_2,Public,244,72.01709710387547,41.42813226570752,2.197351478482001,24.16725806521509,52.60692854658192,8.171351675718268,0.0,17,6,1,29,True,False,afternoon
2023-01-29 18:00:00,LOC_2,Public,244,50.90575552836897,41.42813226570752,2.197351478482001,23.357705407954537,53.2536242732561,6.8987125933220215,0.0,18,6,1,29,True,False,evening
2023-01-29 19:00:00,LOC_2,Public,244,46.73229551662008,41.42813226570752,2.197351478482001,26.90411019977189,49.585643182995476,6.256841456517651,0.0,19,6,1,29,True,False,evening
2023-01-29 20:00:00,LOC_2,Public,244,63.54131043939544,41.42813226570752,2.197351478482001,22.6000031006465,58.51246836840737,7.033127707570544,0.0,20,6,1,29,True,False,evening
2023-01-29 21:00:00,LOC_2,Public,244,2.8364893855420332,41.42813226570752,2.197351478482001,25.829935945503745,53.258745294960825,6.764866979187552,0.0,21,6,1,29,True,False,evening
2023-01-29 22:00:00,LOC_2,Public,244,37.068395418181886,41.42813226570752,2.197351478482001,25.291068526183647,55.46465690975533,8.483083504746602,0.0,22,6,1,29,True,False,evening
2023-01-29 23:00:00,LOC_2,Public,244,25.06042276050367,41.42813226570752,2.197351478482001,22.697480953372636,56.681258679335826,6.896251737969005,0.0,23,6,1,29,True,False,evening
2023-01-30 00:00:00,LOC_2,Public,244,19.929062506082797,41.42813226570752,2.197351478482001,22.93960444564212,61.292692485110855,8.324265095559598,0.0,0,0,1,30,False,False,night
2023-01-30 01:00:00,LOC_2,Public,244,0.0,41.42813226570752,2.197351478482001,18.58550248609638,58.729648515784554,8.634343317103081,0.0,1,0,1,30,False,False,night
2023-01-30 02:00:00,LOC_2,Public,244,19.857202093768148,41.42813226570752,2.197351478482001,21.64798199783214,53.915984341384096,7.261437850613255,0.0,2,0,1,30,False,False,night
2023-01-30 03:00:00,LOC_2,Public,244,4.9998305465834,41.42813226570752,2.197351478482001,18.14231953771338,64.97419213756449,8.691073238785568,0.0,3,0,1,30,False,False,night
2023-01-30 04:00:00,LOC_2,Public,244,21.67213300364607,41.42813226570752,2.197351478482001,16.26706159916068,62.11820025064333,7.0944556899293305,0.0,4,0,1,30,False,False,night
2023-01-30 05:00:00,LOC_2,Public,244,41.75604803966616,41.42813226570752,2.197351478482001,18.381278314184524,64.79039686622973,8.855994003159022,0.0,5,0,1,30,False,False,night
2023-01-30 06:00:00,LOC_2,Public,244,4.818022838422752,41.42813226570752,2.197351478482001,14.086263017604471,71.94191929639548,6.232884057099155,0.0,6,0,1,30,False,False,morning
2023-01-30 07:00:00,LOC_2,Public,244,0.0,41.42813226570752,2.197351478482001,12.18480686029971,76.18795645111453,8.027329516404162,0.0,7,0,1,30,False,False,morning
2023-01-30 08:00:00,LOC_2,Public,244,62.63292249192407,41.42813226570752,2.197351478482001,11.724378918744225,70.43108335209624,7.448969574529192,0.0,8,0,1,30,False,False,morning
2023-01-30 09:00:00,LOC_2,Public,244,88.10861034004851,41.42813226570752,2.197351478482001,16.226304229587583,71.51559640920222,7.1317291080352705,0.0,9,0,1,30,False,False,morning
2023-01-30 10:00:00,LOC_2,Public,244,86.6975145673281,41.42813226570752,2.197351478482001,12.959201434977402,77.47095444323625,7.868173068024235,0.0,10,0,1,30,False,False,morning
2023-01-30 11:00:00,LOC_2,Public,244,63.31626486093075,41.42813226570752,2.197351478482001,19.830512822251997,68.56191698087629,8.082862947746195,0.0,11,0,1,30,False,False,morning
2023-01-30 12:00:00,LOC_2,Public,244,87.83117409741254,41.42813226570752,2.197351478482001,13.198868255319457,78.28296142872817,5.985635223168307,0.0,12,0,1,30,False,False,afternoon
2023-01-30 13:00:00,LOC_2,Public,244,65.22916372480375,41.42813226570752,2.197351478482001,21.967810787347318,65.67775212662323,6.474657921497565,0.0,13,0,1,30,False,False,afternoon
2023-01-30 14:00:00,LOC_2,Public,244,56.80111563992707,41.42813226570752,2.197351478482001,20.29729191097637,51.44567225107865,8.114189547217183,0.0,14,0,1,30,False,False,afternoon
2023-01-30 15:00:00,LOC_2,Public,244,77.47934487073704,41.42813226570752,2.197351478482001,20.982187170510155,61.41548131702078,7.975459874482286,0.0,15,0,1,30,False,False,afternoon
2023-01-30 16:00:00,LOC_2,Public,244,75.7665050560521,41.42813226570752,2.197351478482001,21.297938675942426,57.13023822529324,8.875697885298097,0.0,16,0,1,30,False,False,afternoon
2023-01-30 17:00:00,LOC_2,Public,244,81.42745151050431,41.42813226570752,2.197351478482001,24.227839150454137,59.58962992691374,8.2619199739158,0.0,17,0,1,30,False,False,afternoon
2023-01-30 18:00:00,LOC_2,Public,244,80.83130412548701,41.42813226570752,2.197351478482001,24.155144278363085,54.90507938992423,8.832375456052132,0.0,18,0,1,30,False,False,evening
2023-01-30 19:00:00,LOC_2,Public,244,0.0,41.42813226570752,2.197351478482001,26.942770687241456,49.83538623366431,8.088929062957035,0.0,19,0,1,30,False,False,evening
2023-01-30 20:00:00,LOC_2,Public,244,0.0,41.42813226570752,2.197351478482001,25.141241692342824,44.05293602851568,6.876713904922078,0.0,20,0,1,30,False,False,evening
2023-01-30 21:00:00,LOC_2,Public,244,19.5129346003198,41.42813226570752,2.197351478482001,25.049265125212052,49.45756050899328,6.29990126092116,0.0,21,0,1,30,False,False,evening
2023-01-30 22:00:00,LOC_2,Public,244,4.965082063891341,41.42813226570752,2.197351478482001,23.528178610516836,47.23659165906441,8.330526793239276,0.0,22,0,1,30,False,False,evening
2023-01-30 23:00:00,LOC_2,Public,244,35.28489118882826,41.42813226570752,2.197351478482001,23.353159685835475,50.16328088442117,7.9187510698967225,0.0,23,0,1,30,False,False,evening
2023-01-31 00:00:00,LOC_2,Public,244,22.440613177953026,41.42813226570752,2.197351478482001,23.053359039383892,58.0673810189035,6.132109137499842,0.0,0,1,1,31,False,False,night
2023-01-31 01:00:00,LOC_2,Public,244,0.0,41.42813226570752,2.197351478482001,17.81774987577696,65.87334919957661,7.068949684818456,0.0,1,1,1,31,False,False,night
2023-01-31 02:00:00,LOC_2,Public,244,18.88155386461854,41.42813226570752,2.197351478482001,17.253853981858814,62.07290799697442,8.860444411666906,0.0,2,1,1,31,False,False,night
2023-01-31 03:00:00,LOC_2,Public,244,29.230984653935387,41.42813226570752,2.197351478482001,20.14888863240366,56.69586380110761,7.492494571104771,0.0,3,1,1,31,False,False,night
2023-01-31 04:00:00,LOC_2,Public,244,24.17882736951497,41.42813226570752,2.197351478482001,17.804414840029768,67.29764541355294,7.290724200813891,0.0,4,1,1,31,False,False,night
2023-01-31 05:00:00,LOC_2,Public,244,12.29412756801894,41.42813226570752,2.197351478482001,16.065409125937077,73.1164058359434,7.3668807563929155,0.0,5,1,1,31,False,False,night
2023-01-31 06:00:00,LOC_2,Public,244,26.81563452309405,41.42813226570752,2.197351478482001,15.681873736280396,65.66107373810387,6.621674749829852,0.0,6,1,1,31,False,False,morning
2023-01-31 07:00:00,LOC_2,Public,244,5.485254771635979,41.42813226570752,2.197351478482001,15.846887793340212,69.02646540140167,7.1023922154068275,0.0,7,1,1,31,False,False,morning
2023-01-31 08:00:00,LOC_2,Public,244,62.3358119174241,41.42813226570752,2.197351478482001,13.908052215727393,70.09829782095376,7.106954083230754,0.0,8,1,1,31,False,False,morning
2023-01-31 09:00:00,LOC_2,Public,244,81.99403320145797,41.42813226570752,2.197351478482001,13.607548490474624,65.7471925520303,6.155822475107335,0.0,9,1,1,31,False,False,morning
2023-01-31 10:00:00,LOC_2,Public,244,75.82826062790728,41.42813226570752,2.197351478482001,16.06156349127317,71.90165620706368,8.302702885553755,0.0,10,1,1,31,False,False,morning
2023-01-31 11:00:00,LOC_2,Public,244,66.38033093329591,41.42813226570752,2.197351478482001,14.513930893813246,66.45390635887448,7.250755366706846,0.0,11,1,1,31,False,False,morning
2023-01-31 12:00:00,LOC_2,Public,244,67.72424212816809,41.42813226570752,2.197351478482001,18.328923645886697,67.07282595061963,8.469023287340821,0.0,12,1,1,31,False,False,afternoon
2023-01-31 13:00:00,LOC_2,Public,244,63.03503850832507,41.42813226570752,2.197351478482001,15.319360901263185,58.113482891511765,8.55476867040998,0.0,13,1,1,31,False,False,afternoon
2023-01-31 14:00:00,LOC_2,Public,244,71.34323939671344,41.42813226570752,2.197351478482001,22.08313722881615,57.763056590053225,6.640947354928946,0.0,14,1,1,31,False,False,afternoon
2023-01-31 15:00:00,LOC_2,Public,244,47.357718591851935,41.42813226570752,2.197351478482001,22.27031617834562,60.96166436209979,7.978265644111772,0.0,15,1,1,31,False,False,afternoon
2023-01-31 16:00:00,LOC_2,Public,244,61.59682903234599,41.42813226570752,2.197351478482001,23.04928290221577,53.06138737236513,7.424290099206548,0.0,16,1,1,31,False,False,afternoon
2023-01-31 17:00:00,LOC_2,Public,244,54.34361433359858,41.42813226570752,2.197351478482001,25.54433416154354,61.476914868862,8.64915387130841,0.0,17,1,1,31,False,False,afternoon
2023-01-31 18:00:00,LOC_2,Public,244,52.492865340391695,41.42813226570752,2.197351478482001,27.710686455062547,49.2423439396522,6.657144146972403,0.0,18,1,1,31,False,False,evening
2023-01-31 19:00:00,LOC_2,Public,244,0.0,41.42813226570752,2.197351478482001,26.914169470370236,51.352564948091484,8.04459964270786,0.0,19,1,1,31,False,False,evening
2023-01-31 20:00:00,LOC_2,Public,244,0.0,41.42813226570752,2.197351478482001,21.380238806892446,54.538979620253976,7.8356538206693145,0.0,20,1,1,31,False,False,evening
2023-01-31 21:00:00,LOC_2,Public,244,0.6311820416237257,41.42813226570752,2.197351478482001,22.33864692400745,43.11256962037714,6.8995387779222,0.0,21,1,1,31,False,False,evening
2023-01-31 22:00:00,LOC_2,Public,244,4.3954395729999955,41.42813226570752,2.197351478482001,23.154843438671143,42.386994751971116,6.424673425981578,0.0,22,1,1,31,False,False,evening
2023-01-31 23:00:00,LOC_2,Public,244,12.295138388624144,41.42813226570752,2.197351478482001,23.66824882005021,45.13958498789244,7.97102584417099,0.0,23,1,1,31,False,False,evening
2023-02-01 00:00:00,LOC_2,Public,244,17.64251008939776,41.42813226570752,2.197351478482001,23.62202747945929,61.13950164009382,8.233134262101201,0.0,0,2,2,1,False,False,night
2023-01-01 00:00:00,LOC_3,Mixed,141,44.439742010972985,41.37300755830217,2.130776302751388,18.493428306022466,61.37128093423267,7.3825919938312525,0.0,0,6,1,1,True,False,night
2023-01-01 01:00:00,LOC_3,Mixed,141,85.35684221683933,41.37300755830217,2.130776302751388,16.02473920852233,68.33129820065598,5.280406436539817,0.0,1,6,1,1,True,False,night
2023-01-01 02:00:00,LOC_3,Mixed,141,55.50874251711492,41.37300755830217,2.130776302751388,16.309722243215575,66.194395004205,6.76747583424801,0.0,2,6,1,1,True,False,night
2023-01-01 03:00:00,LOC_3,Mixed,141,53.71064223820776,41.37300755830217,2.130776302751388,16.773482228599715,69.48756595347292,6.447222217917625,0.0,3,6,1,1,True,False,night
2023-01-01 04:00:00,LOC_3,Mixed,141,47.09210626317738,41.37300755830217,2.130776302751388,12.06038355506166,67.90931390674223,6.932714638617349,0.0,4,6,1,1,True,False,night
2023-01-01 05:00:00,LOC_3,Mixed,141,41.83209947123881,41.37300755830217,2.130776302751388,11.032055033129287,72.38317587539018,5.201733354040982,0.0,5,6,1,1,True,False,night
2023-01-01 06:00:00,LOC_3,Mixed,141,24.57028993769692,41.37300755830217,2.130776302751388,13.871333995055032,71.81576024383783,6.7485584388768824,0.0,6,6,1,1,True,False,morning
2023-01-01 07:00:00,LOC_3,Mixed,141,25.035029167419196,41.37300755830217,2.130776302751388,11.755448217684993,74.67947621635498,6.694495342043474,0.0,7,6,1,1,True,False,morning
2023-01-01 08:00:00,LOC_3,Mixed,141,38.926527566564,41.37300755830217,2.130776302751388,9.118431600986746,85.1534482373259,6.693456357819843,1.4367569459094216,8,6,1,1,True,False,morning
2023-01-01 09:00:00,LOC_3,Mixed,141,14.986871501822542,41.37300755830217,2.130776302751388,11.320043781095471,74.78315816799321,6.823373564863141,0.03971637332766473,9,6,1,1,True,False,morning
2023-01-01 10:00:00,LOC_3,Mixed,141,42.52120777798438,41.37300755830217,2.130776302751388,9.81476284012416,91.67871387268877,7.043748860613342,0.0,10,6,1,1,True,False,morning
2023-01-01 11:00:00,LOC_3,Mixed,141,17.308290318715983,41.37300755830217,2.130776302751388,10.611904214000662,79.3798620621221,7.430746524457092,0.0,11,6,1,1,True,False,morning
2023-01-01 12:00:00,LOC_3,Mixed,141,22.73540120305149,41.37300755830217,2.130776302751388,13.069994512018951,75.7520406807006,5.82667615416202,0.0,12,6,1,1,True,False,afternoon
2023-01-01 13:00:00,LOC_3,Mixed,141,36.04697651219835,41.37300755830217,2.130776302751388,9.972586551592109,68.10991701727852,7.493796683824248,0.9798005772521858,13,6,1,1,True,False,afternoon
2023-01-01 14:00:00,LOC_3,Mixed,141,54.54875211214605,41.37300755830217,2.130776302751388,11.650578850958265,73.30072036507629,6.514849949987227,0.0,14,6,1,1,True,False,afternoon
2023-01-01 15:00:00,LOC_3,Mixed,141,50.6696845673487,41.37300755830217,2.130776302751388,15.277106880919774,64.31844699000769,5.252692180180816,0.0,15,6,1,1,True,False,afternoon
2023-01-01 16:00:00,LOC_3,Mixed,141,51.20623068286139,41.37300755830217,2.130776302751388,15.589096615776,65.3805313603371,5.198604559020907,0.869765940983819,16,6,1,1,True,False,afternoon
2023-01-01 17:00:00,LOC_3,Mixed,141,71.31257281623743,41.37300755830217,2.130776302751388,19.285959511085043,75.48549299955498,6.027101144080533,4.6755022107870525,17,6,1,1,True,False,afternoon
2023-01-01 18:00:00,LOC_3,Mixed,141,72.29921028233159,41.37300755830217,2.130776302751388,17.64318182862986,60.601240542032194,7.380511523484421,0.0,18,6,1,1,True,False,evening
2023-01-01 19:00:00,LOC_3,Mixed,141,80.6595962265885,41.37300755830217,2.130776302751388,17.14129664389489,65.81455853829743,7.150297787246773,0.0,19,6,1,1,True,False,evening
2023-01-01 20:00:00,LOC_3,Mixed,141,82.65606121829316,41.37300755830217,2.130776302751388,23.074744337225304,56.19722427560617,7.394534253893658,0.0,20,6,1,1,True,False,evening
2023-01-01 21:00:00,LOC_3,Mixed,141,76.91750238698197,41.37300755830217,2.130776302751388,19.52869514031891,59.864562064931235,6.581930891294156,0.0,21,6,1,1,True,False,evening
2023-01-01 22:00:00,LOC_3,Mixed,141,75.02570894130672,41.37300755830217,2.130776302751388,19.62297377112189,69.87816845468546,6.352155062431242,0.0,22,6,1,1,True,False,evening
2023-01-01 23:00:00,LOC_3,Mixed,141,73.070441755709,41.37300755830217,2.130776302751388,15.850999528130089,59.46417290994716,5.475349979043704,0.0,23,6,1,1,True,False,evening
2023-01-02 00:00:00,LOC_3,Mixed,141,69.76619875913163,41.37300755830217,2.130776302751388,16.583368112507983,73.71797566686794,6.019004973139603,0.0,0,0,1,2,False,False,night
2023-01-02 01:00:00,LOC_3,Mixed,141,62.847820792112394,41.37300755830217,2.130776302751388,16.695245444868956,70.59195914637893,6.3379191065089495,0.0,1,0,1,2,False,False,night
2023-01-02 02:00:00,LOC_3,Mixed,141,49.01818151930167,41.37300755830217,2.130776302751388,12.884489271225045,66.81471326838937,5.303096574252781,0.0,2,0,1,2,False,False,night
2023-01-02 03:00:00,LOC_3,Mixed,141,45.39732241693691,41.37300755830217,2.130776302751388,14.650948527446776,75.36293371376674,5.700565401387241,0.0,3,0,1,2,False,False,night
2023-01-02 04:00:00,LOC_3,Mixed,141,54.420235726232335,41.37300755830217,2.130776302751388,11.499541527004839,79.46113443444875,6.8348396635597055,0.0,4,0,1,2,False,False,night
2023-01-02 05:00:00,LOC_3,Mixed,141,44.773704918303046,41.37300755830217,2.130776302751388,11.089068588584297,79.76413763474429,7.248587341538287,0.0,5,0,1,2,False,False,night
2023-01-02 06:00:00,LOC_3,Mixed,141,23.042758536019868,41.37300755830217,2.130776302751388,9.681620730981235,70.37880848966766,8.038074729051292,0.0,6,0,1,2,False,False,morning
2023-01-02 07:00:00,LOC_3,Mixed,141,29.46105571396821,41.37300755830217,2.130776302751388,14.097259081501704,75.57890869590801,7.8438063628165065,0.0,7,0,1,2,False,False,morning
2023-01-02 08:00:00,LOC_3,Mixed,141,51.08636063043912,41.37300755830217,2.130776302751388,10.202508149639435,78.30340162401187,6.9735961184286355,0.0,8,0,1,2,False,False,morning
2023-01-02 09:00:00,LOC_3,Mixed,141,46.51526621108182,41.37300755830217,2.130776302751388,8.29162224687442,78.81374464492734,6.311078807128528,1.255617603584788,9,0,1,2,False,False,morning
2023-01-02 10:00:00,LOC_3,Mixed,141,47.050240706164914,41.37300755830217,2.130776302751388,12.55880655687312,81.2759270224199,6.957300844442485,0.8993309136890182,10,0,1,2,False,False,morning
2023-01-02 11:00:00,LOC_3,Mixed,141,45.735713339420805,41.37300755830217,2.130776302751388,9.273792935623701,77.45754453353479,7.407157682540393,0.0,11,0,1,2,False,False,morning
2023-01-02 12:00:00,LOC_3,Mixed,141,72.65393372202566,41.37300755830217,2.130776302751388,13.17591159228084,67.80690940190684,5.406645453224428,0.0,12,0,1,2,False,False,afternoon
2023-01-02 13:00:00,LOC_3,Mixed,141,63.96055171486439,41.37300755830217,2.130776302751388,10.051919056946504,73.95847064561771,6.282785575132596,1.1232727809391316,13,0,1,2,False,False,afternoon
2023-01-02 14:00:00,LOC_3,Mixed,141,74.57011548978866,41.37300755830217,2.130776302751388,12.61615242385487,72.50787968311565,7.573911761237198,0.0,14,0,1,2,False,False,afternoon
2023-01-02 15:00:00,LOC_3,Mixed,141,84.73552161267756,41.37300755830217,2.130776302751388,16.967512070132724,69.65137304286623,6.207437730375507,0.4670043211463479,15,0,1,2,False,False,afternoon
2023-01-02 16:00:00,LOC_3,Mixed,141,90.77094925340032,41.37300755830217,2.130776302751388,19.263797240211307,69.83017546733214,6.772989629725657,0.0,16,0,1,2,False,False,afternoon
2023-01-02 17:00:00,LOC_3,Mixed,141,60.28397976752069,41.37300755830217,2.130776302751388,19.172304108291716,66.51047568092096,6.822114810582402,0.0,17,0,1,2,False,False,afternoon
2023-01-02 18:00:00,LOC_3,Mixed,141,90.3881570721534,41.37300755830217,2.130776302751388,19.400033502614793,63.03324026135964,5.613669369094735,0.0,18,0,1,2,False,False,evening
2023-01-02 19:00:00,LOC_3,Mixed,141,85.87128608499106,41.37300755830217,2.130776302751388,19.535794042269007,59.37316857581159,6.148380785357314,0.0,19,0,1,2,False,False,evening
2023-01-02 20:00:00,LOC_3,Mixed,141,82.49073477708907,41.37300755830217,2.130776302751388,17.358497416155377,51.06411253863958,6.066642145603842,0.0,20,0,1,2,False,False,evening
2023-01-02 21:00:00,LOC_3,Mixed,141,72.93196474545184,41.37300755830217,2.130776302751388,18.712651044100756,61.843412173882584,5.14313219148516,1.045940970982072,21,0,1,2,False,False,evening
2023-01-02 22:00:00,LOC_3,Mixed,141,61.961192470390614,41.37300755830217,2.130776302751388,18.738728572980534,61.71842620601534,5.138551110869649,0.0,22,0,1,2,False,False,evening
2023-01-02 23:00:00,LOC_3,Mixed,141,18.669360730643124,41.37300755830217,2.130776302751388,20.98682605117201,63.61273098850851,7.562500669587609,0.0,23,0,1,2,False,False,evening
2023-01-03 00:00:00,LOC_3,Mixed,141,59.508607764888566,41.37300755830217,2.130776302751388,18.53145269536438,57.92782488844354,5.888055653163929,0.0,0,1,1,3,False,False,night
2023-01-03 01:00:00,LOC_3,Mixed,141,47.98375439039318,41.37300755830217,2.130776302751388,13.119399277355228,61.303758121797294,6.624513171230065,0.0,1,1,1,3,False,False,night
2023-01-03 02:00:00,LOC_3,Mixed,141,56.07593404214939,41.37300755830217,2.130776302751388,16.006720366925162,74.54865941039337,5.967887206393434,0.19766589364657372,2,1,1,3,False,False,night
2023-01-03 03:00:00,LOC_3,Mixed,141,32.65544859071098,41.37300755830217,2.130776302751388,13.30146052289698,71.6589740632575,7.895181797194465,0.0,3,1,1,3,False,False,night
2023-01-03 04:00:00,LOC_3,Mixed,141,47.606680899913954,41.37300755830217,2.130776302751388,11.519044001588519,77.66172748246224,5.852467877037409,0.0,4,1,1,3,False,False,night
2023-01-03 05:00:00,LOC_3,Mixed,141,31.34616883811664,41.37300755830217,2.130776302751388,13.067874175071742,76.45254868587229,6.364981538881354,0.0,5,1,1,3,False,False,night
2023-01-03 06:00:00,LOC_3,Mixed,141,42.49650520967669,41.37300755830217,2.130776302751388,13.119094834991452,78.03458911747961,7.695635313238155,0.0,6,1,1,3,False,False,morning
2023-01-03 07:00:00,LOC_3,Mixed,141,42.00524229627053,41.37300755830217,2.130776302751388,12.427321022097203,83.56189746215037,7.604678683437455,0.0,7,1,1,3,False,False,morning
2023-01-03 08:00:00,LOC_3,Mixed,141,43.87875404492381,41.37300755830217,2.130776302751388,8.72312177235549,76.6166627213116,5.638615617298986,0.0,8,1,1,3,False,False,morning
2023-01-03 09:00:00,LOC_3,Mixed,141,35.47408744467222,41.37300755830217,2.130776302751388,9.960669632558746,79.32241511618258,7.489674632528434,1.510056877070906,9,1,1,3,False,False,morning
2023-01-03 10:00:00,LOC_3,Mixed,141,48.85366500296403,41.37300755830217,2.130776302751388,11.74828984622535,75.51709758963833,6.457738660681762,0.0,10,1,1,3,False,False,morning
2023-01-03 11:00:00,LOC_3,Mixed,141,45.95805506977976,41.37300755830217,2.130776302751388,13.83861262332758,74.0524741246727,6.5335178712591855,0.0,11,1,1,3,False,False,morning
2023-01-03 12:00:00,LOC_3,Mixed,141,73.21941205107034,41.37300755830217,2.130776302751388,11.971873854354726,72.5936947225662,5.486484383256892,0.0,12,1,1,3,False,False,afternoon
2023-01-03 13:00:00,LOC_3,Mixed,141,54.92595801169061,41.37300755830217,2.130776302751388,13.771974984902647,72.824082981708,5.3292821740199505,0.0,13,1,1,3,False,False,afternoon
2023-01-03 14:00:00,LOC_3,Mixed,141,81.63717906957105,41.37300755830217,2.130776302751388,13.231883824409751,66.71714934683901,7.2727286754056575,0.0,14,1,1,3,False,False,afternoon
2023-01-03 15:00:00,LOC_3,Mixed,141,86.78208660971288,41.37300755830217,2.130776302751388,14.353401129746915,72.78715187205108,6.57972728754503,0.7677308202762632,15,1,1,3,False,False,afternoon
2023-01-03 16:00:00,LOC_3,Mixed,141,87.64409353159694,41.37300755830217,2.130776302751388,19.583935944766512,59.60919488894625,6.402328967841162,0.0,16,1,1,3,False,False,afternoon
2023-01-03 17:00:00,LOC_3,Mixed,141,88.46742591867887,41.37300755830217,2.130776302751388,21.714063174557413,61.06247554436168,7.281734528253796,0.0,17,1,1,3,False,False,afternoon
2023-01-03 18:00:00,LOC_3,Mixed,141,69.8353750688902,41.37300755830217,2.130776302751388,19.65932065898584,58.194662904336106,7.391181473618192,0.0,18,1,1,3,False,False,evening
2023-01-03 19:00:00,LOC_3,Mixed,141,90.68075631666508,41.37300755830217,2.130776302751388,22.317073238745444,66.61487453584587,5.572800165311272,0.0,19,1,1,3,False,False,evening
2023-01-03 20:00:00,LOC_3,Mixed,141,78.06042263179191,41.37300755830217,2.130776302751388,21.210814542767693,60.00768889721302,6.928183946967409,0.0,20,1,1,3,False,False,evening
2023-01-03 21:00:00,LOC_3,Mixed,141,70.04280053875888,41.37300755830217,2.130776302751388,19.034096045242844,64.510551588437,5.505003531434607,0.0,21,1,1,3,False,False,evening
2023-01-03 22:00:00,LOC_3,Mixed,141,53.682659941056784,41.37300755830217,2.130776302751388,20.55478832877549,52.90820389929781,7.354499277854432,0.0,22,1,1,3,False,False,evening
2023-01-03 23:00:00,LOC_3,Mixed,141,81.94909465059762,41.37300755830217,2.130776302751388,22.12064055533784,63.2461164845345,7.072672172096051,0.0,23,1,1,3,False,False,evening
2023-01-04 00:00:00,LOC_3,Mixed,141,66.88649056103367,41.37300755830217,2.130776302751388,17.944544594012633,68.41576063365211,7.973083197696881,0.0,0,2,1,4,False,False,night
2023-01-04 01:00:00,LOC_3,Mixed,141,47.032589817531075,41.37300755830217,2.130776302751388,19.946742099570052,66.77651037049303,5.311545961555151,0.0,1,2,1,4,False,False,night
2023-01-04 02:00:00,LOC_3,Mixed,141,44.70641447295459,41.37300755830217,2.130776302751388,10.291031975199356,74.26635750856907,5.277268600129531,0.03225852154060481,2,2,1,4,False,False,night
2023-01-04 03:00:00,LOC_3,Mixed,141,48.69129119243313,41.37300755830217,2.130776302751388,15.88739431463372,68.9263791377316,5.954098130358776,0.0,3,2,1,4,False,False,night
2023-01-04 04:00:00,LOC_3,Mixed,141,27.01717616484697,41.37300755830217,2.130776302751388,13.218940739272137,80.9570439953363,5.8940863717668766,0.0,4,2,1,4,False,False,night
2023-01-04 05:00:00,LOC_3,Mixed,141,26.734421170485955,41.37300755830217,2.130776302751388,11.418459787029525,87.46154164217373,5.851338075994798,0.0,5,2,1,4,False,False,night
2023-01-04 06:00:00,LOC_3,Mixed,141,35.36651529423988,41.37300755830217,2.130776302751388,11.412564435154843,75.72772143363403,7.830597721764317,2.12840496823145,6,2,1,4,False,False,morning
2023-01-04 07:00:00,LOC_3,Mixed,141,47.48863669917219,41.37300755830217,2.130776302751388,6.761564159800463,76.29908341499164,5.861904823638036,0.0,7,2,1,4,False,False,morning
2023-01-04 08:00:00,LOC_3,Mixed,141,25.67965564289465,41.37300755830217,2.130776302751388,10.13414827285949,86.11993828851948,5.930547588092796,0.0,8,2,1,4,False,False,morning
2023-01-04 09:00:00,LOC_3,Mixed,141,61.36521438770398,41.37300755830217,2.130776302751388,11.465248693160943,86.39581362837868,7.39432532357045,0.0,9,2,1,4,False,False,morning
2023-01-04 10:00:00,LOC_3,Mixed,141,39.99533623534802,41.37300755830217,2.130776302751388,14.213474086469402,74.87032787026091,6.466782130533332,0.0,10,2,1,4,False,False,morning
2023-01-04 11:00:00,LOC_3,Mixed,141,50.61313100072976,41.37300755830217,2.130776302751388,11.022898705348092,73.78018763072994,7.4491262804311695,0.0,11,2,1,4,False,False,morning
2023-01-04 12:00:00,LOC_3,Mixed,141,57.12285184866827,41.37300755830217,2.130776302751388,11.485145567871555,72.3868114083816,5.316525027424742,0.0,12,2,1,4,False,False,afternoon
2023-01-04 13:00:00,LOC_3,Mixed,141,50.149117699049874,41.37300755830217,2.130776302751388,13.311682877032908,64.64735351642466,6.58457201896307,0.0,13,2,1,4,False,False,afternoon
2023-01-04 14:00:00,LOC_3,Mixed,141,70.54268442162986,41.37300755830217,2.130776302751388,17.447255527719005,64.1738376829493,5.224131059012819,0.0,14,2,1,4,False,False,afternoon
2023-01-04 15:00:00,LOC_3,Mixed,141,91.35323062546962,41.37300755830217,2.130776302751388,17.57520752260765,61.143885559663104,5.312681625921199,0.0,15,2,1,4,False,False,afternoon
2023-01-04 16:00:00,LOC_3,Mixed,141,74.31764375543646,41.37300755830217,2.130776302751388,17.071248134880058,59.8994750896511,7.8454660685160595,0.0,16,2,1,4,False,False,afternoon
2023-01-04 17:00:00,LOC_3,Mixed,141,99.44584562812962,41.37300755830217,2.130776302751388,20.199995454706936,61.47965438610564,5.545321449862283,0.0,17,2,1,4,False,False,afternoon
2023-01-04 18:00:00,LOC_3,Mixed,141,81.14712120937283,41.37300755830217,2.130776302751388,20.169366612111435,61.2206506358519,6.726278945724284,0.0,18,2,1,4,False,False,evening
2023-01-04 19:00:00,LOC_3,Mixed,141,70.99249537633946,41.37300755830217,2.130776302751388,22.41916108707987,66.7887602520422,6.36373520271587,0.0,19,2,1,4,False,False,evening
2023-01-04 20:00:00,LOC_3,Mixed,141,65.9378263891079,41.37300755830217,2.130776302751388,19.25529293133731,53.68943155812202,6.173909802594931,0.0,20,2,1,4,False,False,evening
2023-01-04 21:00:00,LOC_3,Mixed,141,63.0370004061253,41.37300755830217,2.130776302751388,19.840860762630697,63.92924188073045,7.8328112219379955,0.0,21,2,1,4,False,False,evening
2023-01-04 22:00:00,LOC_3,Mixed,141,90.36729878702226,41.37300755830217,2.130776302751388,19.219623099411372,58.92237696752108,5.200212667677167,0.0,22,2,1,4,False,False,evening
2023-01-04 23:00:00,LOC_3,Mixed,141,77.32597981510865,41.37300755830217,2.130776302751388,16.289372512196607,61.31987663481615,7.127542759032389,0.0,23,2,1,4,False,False,evening
2023-01-05 00:00:00,LOC_3,Mixed,141,60.777372132722896,41.37300755830217,2.130776302751388,18.78026482215235,66.99804892478662,8.02778815624529,0.0,0,3,1,5,False,False,night
2023-01-05 01:00:00,LOC_3,Mixed,141,71.92277441261807,41.37300755830217,2.130776302751388,17.511385449429795,60.407840082048466,6.819540486297008,0.0,1,3,1,5,False,False,night
2023-01-05 02:00:00,LOC_3,Mixed,141,43.94525739439064,41.37300755830217,2.130776302751388,15.712561646734498,70.5073792640211,7.95093433278919,0.0,2,3,1,5,False,False,night
2023-01-05 03:00:00,LOC_3,Mixed,141,41.10565100165138,41.37300755830217,2.130776302751388,13.946219933755803,72.0014726400531,5.298671523061812,0.0,3,3,1,5,False,False,night
2023-01-05 04:00:00,LOC_3,Mixed,141,34.43481213527967,41.37300755830217,2.130776302751388,10.38590226948316,76.02896881287276,6.399708707939282,0.0,4,3,1,5,False,False,night
2023-01-05 05:00:00,LOC_3,Mixed,141,35.55037683582704,41.37300755830217,2.130776302751388,11.346973161001365,77.06931560647492,5.925232915379118,2.780060267792967,5,3,1,5,False,False,night
2023-01-05 06:00:00,LOC_3,Mixed,141,42.42222486141903,41.37300755830217,2.130776302751388,10.715395247005043,89.4748521394373,7.338653154738345,0.08894431968732089,6,3,1,5,False,False,morning
2023-01-05 07:00:00,LOC_3,Mixed,141,36.23786853378983,41.37300755830217,2.130776302751388,9.303920839563038,74.99434932273087,8.091512173382064,0.0,7,3,1,5,False,False,morning
2023-01-05 08:00:00,LOC_3,Mixed,141,56.50615505611919,41.37300755830217,2.130776302751388,10.422685916865289,75.8545005445963,5.9186416553722045,0.0,8,3,1,5,False,False,morning
2023-01-05 09:00:00,LOC_3,Mixed,141,45.58791995429428,41.37300755830217,2.130776302751388,11.730882369721735,75.03873605569086,7.113005761929824,0.0,9,3,1,5,False,False,morning
2023-01-05 10:00:00,LOC_3,Mixed,141,40.44936080375998,41.37300755830217,2.130776302751388,15.20180663129292,74.363744746455,5.746205267838031,0.0,10,3,1,5,False,False,morning
2023-01-05 11:00:00,LOC_3,Mixed,141,47.93722042932957,41.37300755830217,2.130776302751388,12.580335237016952,72.35070514076088,6.849333467172032,0.6331951821699681,11,3,1,5,False,False,morning
2023-01-05 12:00:00,LOC_3,Mixed,141,45.87029857979407,41.37300755830217,2.130776302751388,13.788965573780159,79.3973530708685,6.546570418531935,0.31274304839958234,12,3,1,5,False,False,afternoon
2023-01-05 13:00:00,LOC_3,Mixed,141,51.13939197371449,41.37300755830217,2.130776302751388,14.33802861221593,78.12868035245275,8.072219122746786,0.0,13,3,1,5,False,False,afternoon
2023-01-05 14:00:00,LOC_3,Mixed,141,56.71789603749674,41.37300755830217,2.130776302751388,11.950623713787802,65.56993624248085,6.983215046966577,0.0,14,3,1,5,False,False,afternoon
2023-01-05 15:00:00,LOC_3,Mixed,141,68.83631206340785,41.37300755830217,2.130776302751388,17.03638368864522,61.65939925539155,6.207582359066666,0.0,15,3,1,5,False,False,afternoon
2023-01-05 16:00:00,LOC_3,Mixed,141,75.19396209730057,41.37300755830217,2.130776302751388,18.422926294399986,65.75214603289615,5.502780529567387,0.0,16,3,1,5,False,False,afternoon
2023-01-05 17:00:00,LOC_3,Mixed,141,90.58850941702376,41.37300755830217,2.130776302751388,24.271633253071634,58.54858672239302,5.615663510638468,0.0,17,3,1,5,False,False,afternoon
2023-01-05 18:00:00,LOC_3,Mixed,141,85.21757941425605,41.37300755830217,2.130776302751388,19.76216904266417,62.87087714432472,5.83930358051455,0.0,18,3,1,5,False,False,evening
2023-01-05 19:00:00,LOC_3,Mixed,141,75.29463919198437,41.37300755830217,2.130776302751388,21.256636180360413,59.707532112870126,5.917682456870463,0.0,19,3,1,5,False,False,evening
2023-01-05 20:00:00,LOC_3,Mixed,141,69.24627042122228,41.37300755830217,2.130776302751388,20.76163681191113,50.75915872237061,7.718060243787738,0.0,20,3,1,5,False,False,evening
2023-01-05 21:00:00,LOC_3,Mixed,141,74.06809424167035,41.37300755830217,2.130776302751388,18.330480967054463,66.40185192206326,6.851309947017213,0.0,21,3,1,5,False,False,evening
2023-01-05 22:00:00,LOC_3,Mixed,141,68.59505517714261,41.37300755830217,2.130776302751388,22.461127687102653,68.62842424933238,6.739243741953183,0.0,22,3,1,5,False,False,evening
2023-01-05 23:00:00,LOC_3,Mixed,141,72.7837386387943,41.37300755830217,2.130776302751388,20.891901703857695,58.15998527060977,5.514806962117934,0.0,23,3,1,5,False,False,evening
2023-01-06 00:00:00,LOC_3,Mixed,141,50.80243335962995,41.37300755830217,2.130776302751388,19.94171188146056,61.34219622557115,7.752348677523198,0.0,0,4,1,6,False,True,night
2023-01-06 01:00:00,LOC_3,Mixed,141,69.50621098749419,41.37300755830217,2.130776302751388,15.342114115866252,67.10754890271306,7.341801669614076,0.0,1,4,1,6,False,True,night
2023-01-06 02:00:00,LOC_3,Mixed,141,52.289846373327855,41.37300755830217,2.130776302751388,18.679527788453356,69.9244056167728,5.377792919016237,0.0,2,4,1,6,False,True,night
2023-01-06 03:00:00,LOC_3,Mixed,141,50.92815133956547,41.37300755830217,2.130776302751388,11.783286732515396,74.11874364716424,7.299722108411818,0.0,3,4,1,6,False,True,night
2023-01-06 04:00:00,LOC_3,Mixed,141,52.15963771193416,41.37300755830217,2.130776302751388,14.561942734962098,83.27456559910863,6.808260361500251,0.0,4,4,1,6,False,True,night
2023-01-06 05:00:00,LOC_3,Mixed,141,40.81371881612238,41.37300755830217,2.130776302751388,16.74074989983983,74.39558656609002,5.424250548070857,0.0,5,4,1,6,False,True,night
2023-01-06 06:00:00,LOC_3,Mixed,141,34.74566208460864,41.37300755830217,2.130776302751388,9.59131643112684,72.8637356145313,6.555405144648052,0.0,6,4,1,6,False,True,morning
2023-01-06 07:00:00,LOC_3,Mixed,141,51.28143040464441,41.37300755830217,2.130776302751388,9.947434591509008,70.94334375849827,6.6360206978221195,1.6556056297563988,7,4,1,6,False,True,morning
2023-01-06 08:00:00,LOC_3,Mixed,141,27.757847822397984,41.37300755830217,2.130776302751388,11.116104526201513,74.51174620823795,5.680683979695073,0.0,8,4,1,6,False,True,morning
2023-01-06 09:00:00,LOC_3,Mixed,141,42.7812736132955,41.37300755830217,2.130776302751388,10.087363498557092,77.64573552205205,8.021883228647813,0.0,9,4,1,6,False,True,morning
2023-01-06 10:00:00,LOC_3,Mixed,141,55.19475697430316,41.37300755830217,2.130776302751388,8.499631724056893,85.77087214521062,7.736143235464256,1.9999571820367423,10,4,1,6,False,True,morning
2023-01-06 11:00:00,LOC_3,Mixed,141,46.51111812693659,41.37300755830217,2.130776302751388,12.539818836661006,72.60655773072125,7.194712370583663,0.0,11,4,1,6,False,True,morning
2023-01-06 12:00:00,LOC_3,Mixed,141,58.252905341551795,41.37300755830217,2.130776302751388,11.320760070719784,74.2282047618505,6.57596018263622,0.0,12,4,1,6,False,True,afternoon
2023-01-06 13:00:00,LOC_3,Mixed,141,62.75576394287371,41.37300755830217,2.130776302751388,15.605597352766411,70.60106053664416,6.425798168155256,0.0,13,4,1,6,False,True,afternoon
2023-01-06 14:00:00,LOC_3,Mixed,141,70.92932799542139,41.37300755830217,2.130776302751388,14.120798977350708,74.0226714756038,7.144849890616525,0.0,14,4,1,6,False,True,afternoon
2023-01-06 15:00:00,LOC_3,Mixed,141,86.21276381372594,41.37300755830217,2.130776302751388,20.360750716475557,78.11289831648715,6.829652944406291,0.0,15,4,1,6,False,True,afternoon
2023-01-06 16:00:00,LOC_3,Mixed,141,84.93615013181038,41.37300755830217,2.130776302751388,16.907418833992004,60.39780529806944,5.381604401378553,0.0,16,4,1,6,False,True,afternoon
2023-01-06 17:00:00,LOC_3,Mixed,141,81.61632939328705,41.37300755830217,2.130776302751388,18.872474528876925,58.51960766483233,6.733720677382103,0.0,17,4,1,6,False,True,afternoon
2023-01-06 18:00:00,LOC_3,Mixed,141,72.80742020164035,41.37300755830217,2.130776302751388,21.945362840990246,64.58414757284355,7.616851129164261,0.0,18,4,1,6,False,True,evening
2023-01-06 19:00:00,LOC_3,Mixed,141,58.60987328296474,41.37300755830217,2.130776302751388,18.363239109489363,61.759521963417015,6.576787354973261,0.0,19,4,1,6,False,True,evening
2023-01-06 20:00:00,LOC_3,Mixed,141,76.57234456187373,41.37300755830217,2.130776302751388,21.45739519164163,67.22858598381342,5.35636479714948,0.0,20,4,1,6,False,True,evening
2023-01-06 21:00:00,LOC_3,Mixed,141,71.92913994356425,41.37300755830217,2.130776302751388,23.453526158231682,61.241159627296156,7.560756901796397,0.0,21,4,1,6,False,True,evening
2023-01-06 22:00:00,LOC_3,Mixed,141,57.444793815470184,41.37300755830217,2.130776302751388,17.131907744404728,57.50979111901034,5.807440785328922,0.0,22,4,1,6,False,True,evening
2023-01-06 23:00:00,LOC_3,Mixed,141,81.96799878482189,41.37300755830217,2.130776302751388,19.928683970910207,63.834441645770355,5.9806389742466886,0.0,23,4,1,6,False,True,evening
2023-01-07 00:00:00,LOC_3,Mixed,141,73.65284713441028,41.37300755830217,2.130776302751388,19.050782562971193,68.48148395396585,5.700322455191758,0.0,0,5,1,7,True,False,night
2023-01-07 01:00:00,LOC_3,Mixed,141,54.7221046734257,41.37300755830217,2.130776302751388,18.8958920396862,69.43791831372366,6.198275408738287,0.0,1,5,1,7,True,False,night
2023-01-07 02:00:00,LOC_3,Mixed,141,60.33810604984959,41.37300755830217,2.130776302751388,13.57138321092037,70.44580089018342,7.479311443601212,0.0,2,5,1,7,True,False,night
2023-01-07 03:00:00,LOC_3,Mixed,141,42.00104119129075,41.37300755830217,2.130776302751388,12.117409205295939,75.81672858501679,6.7686411099072314,0.0,3,5,1,7,True,False,night
2023-01-07 04:00:00,LOC_3,Mixed,141,18.724646978268556,41.37300755830217,2.130776302751388,14.603433271084796,78.72737767252636,5.8265538504223375,0.05866643774561698,4,5,1,7,True,False,night
2023-01-07 05:00:00,LOC_3,Mixed,141,26.17822197404866,41.37300755830217,2.130776302751388,13.125117518162513,81.84849861179536,7.846826649981898,0.5423288036950722,5,5,1,7,True,False,night
2023-01-07 06:00:00,LOC_3,Mixed,141,21.778476235720007,41.37300755830217,2.130776302751388,12.24467214841119,79.75617654250934,7.853508258182914,0.0,6,5,1,7,True,False,morning
2023-01-07 07:00:00,LOC_3,Mixed,141,12.422259387384928,41.37300755830217,2.130776302751388,11.944211590769052,76.66177925486554,7.8279241357821086,0.0,7,5,1,7,True,False,morning
2023-01-07 08:00:00,LOC_3,Mixed,141,7.222388738583096,41.37300755830217,2.130776302751388,9.728025140539806,78.55741926477305,5.9340035508839755,0.0,8,5,1,7,True,False,morning
2023-01-07 09:00:00,LOC_3,Mixed,141,15.561604862369496,41.37300755830217,2.130776302751388,11.730082567279085,83.50139448662765,6.572758893423448,0.0,9,5,1,7,True,False,morning
2023-01-07 10:00:00,LOC_3,Mixed,141,12.784255824375068,41.37300755830217,2.130776302751388,12.358351389344556,72.37090875956943,8.175435660756502,0.0,10,5,1,7,True,False,morning
2023-01-07 11:00:00,LOC_3,Mixed,141,29.432891425944035,41.37300755830217,2.130776302751388,11.145225309844545,76.69551025256995,7.537929839295975,0.0,11,5,1,7,True,False,morning
2023-01-07 12:00:00,LOC_3,Mixed,141,33.98332083664852,41.37300755830217,2.130776302751388,17.348139093506457,70.8001257959293,5.304820277920068,0.0,12,5,1,7,True,False,afternoon
2023-01-07 13:00:00,LOC_3,Mixed,141,23.363312821798623,41.37300755830217,2.130776302751388,15.777288132474059,70.48447953337312,5.4203572770140935,0.0,13,5,1,7,True,False,afternoon
2023-01-07 14:00:00,LOC_3,Mixed,141,54.51429972953834,41.37300755830217,2.130776302751388,13.748237388596362,74.13057054703317,6.617963007037329,1.8332571822396362,14,5,1,7,True,False,afternoon
2023-01-07 15:00:00,LOC_3,Mixed,141,76.0364209526438,41.37300755830217,2.130776302751388,18.745173110846437,66.09136355294196,7.9552547511979155,0.0,15,5,1,7,True,False,afternoon
2023-01-07 16:00:00,LOC_3,Mixed,141,62.026635502179,41.37300755830217,2.130776302751388,16.6957330272358,62.94199000539986,6.845124667396231,2.2029145338737806,16,5,1,7,True,False,afternoon
2023-01-07 17:00:00,LOC_3,Mixed,141,71.02284829361548,41.37300755830217,2.130776302751388,21.261924591626222,53.82520852681777,6.723881819744587,0.0,17,5,1,7,True,False,afternoon
2023-01-07 18:00:00,LOC_3,Mixed,141,81.64446402085237,41.37300755830217,2.130776302751388,22.806664172892006,62.75232180038171,5.548290299060893,0.0,18,5,1,7,True,False,evening
2023-01-07 19:00:00,LOC_3,Mixed,141,75.5079606749136,41.37300755830217,2.130776302751388,19.354734412006355,61.235222808285826,7.203634297625769,0.0,19,5,1,7,True,False,evening
2023-01-07 20:00:00,LOC_3,Mixed,141,84.84789348487695,41.37300755830217,2.130776302751388,23.100345496960546,68.4690871395835,7.701028129495056,0.0,20,5,1,7,True,False,evening
2023-01-07 21:00:00,LOC_3,Mixed,141,68.29701966346998,41.37300755830217,2.130776302751388,21.835906941231077,56.440418650518836,6.377403213705235,0.0,21,5,1,7,True,False,evening
2023-01-07 22:00:00,LOC_3,Mixed,141,80.21150057140186,41.37300755830217,2.130776302751388,22.16208540483377,60.059821468630105,7.564403165960502,0.0,22,5,1,7,True,False,evening
2023-01-07 23:00:00,LOC_3,Mixed,141,78.7206311506081,41.37300755830217,2.130776302751388,23.52407943607807,61.785931477013435,8.132421874669921,0.0,23,5,1,7,True,False,evening
2023-01-08 00:00:00,LOC_3,Mixed,141,67.19014620371793,41.37300755830217,2.130776302751388,18.211304216987788,70.48310550083032,5.851715467181773,0.4484829164564948,0,6,1,8,True,False,night
2023-01-08 01:00:00,LOC_3,Mixed,141,57.31757374811173,41.37300755830217,2.130776302751388,15.99582361152509,64.51693045758509,6.8118290365297165,0.0,1,6,1,8,True,False,night
2023-01-08 02:00:00,LOC_3,Mixed,141,50.455017981121244,41.37300755830217,2.130776302751388,14.437291499125113,68.96246691209937,6.104677945928958,0.0,2,6,1,8,True,False,night
2023-01-08 03:00:00,LOC_3,Mixed,141,37.33566927835322,41.37300755830217,2.130776302751388,13.297723580833352,73.18079424705425,7.623251132356885,0.0,3,6,1,8,True,False,night
2023-01-08 04:00:00,LOC_3,Mixed,141,43.542801598916746,41.37300755830217,2.130776302751388,13.576354345938833,73.47193008624771,6.97889165059688,0.0,4,6,1,8,True,False,night
2023-01-08 05:00:00,LOC_3,Mixed,141,26.82062696419047,41.37300755830217,2.130776302751388,13.384445563885212,72.3635486987435,7.151282356687844,0.0,5,6,1,8,True,False,night
2023-01-08 06:00:00,LOC_3,Mixed,141,29.42536685189031,41.37300755830217,2.130776302751388,12.468047218605737,77.14111872460013,7.642701006621261,0.0,6,6,1,8,True,False,morning
2023-01-08 07:00:00,LOC_3,Mixed,141,17.676464230668675,41.37300755830217,2.130776302751388,13.076646483781964,82.52359877787903,6.438293241418417,0.0,7,6,1,8,True,False,morning
2023-01-08 08:00:00,LOC_3,Mixed,141,23.526872136666572,41.37300755830217,2.130776302751388,11.285028735141433,72.34937360017346,7.997075195498254,0.0,8,6,1,8,True,False,morning
2023-01-08 09:00:00,LOC_3,Mixed,141,13.23577723879035,41.37300755830217,2.130776302751388,14.343579160767458,77.79182635782873,6.8523146293180535,0.0,9,6,1,8,True,False,morning
2023-01-08 10:00:00,LOC_3,Mixed,141,20.48419188317014,41.37300755830217,2.130776302751388,11.413813987634313,72.61314061708367,5.728515403112527,0.0,10,6,1,8,True,False,morning
2023-01-08 11:00:00,LOC_3,Mixed,141,37.87750163058564,41.37300755830217,2.130776302751388,18.185172980374734,80.48556385023322,7.343771065132054,0.0,11,6,1,8,True,False,morning
2023-01-08 12:00:00,LOC_3,Mixed,141,11.060922247418024,41.37300755830217,2.130776302751388,15.03881647005582,64.8091019270295,7.637280406219925,0.0,12,6,1,8,True,False,afternoon
2023-01-08 13:00:00,LOC_3,Mixed,141,60.29377400319327,41.37300755830217,2.130776302751388,13.286183995220505,67.20439254753593,6.209203897915715,0.0,13,6,1,8,True,False,afternoon
2023-01-08 14:00:00,LOC_3,Mixed,141,45.29257916740702,41.37300755830217,2.130776302751388,14.159921230466475,69.2826469221452,7.831879016313999,0.0,14,6,1,8,True,False,afternoon
2023-01-08 15:00:00,LOC_3,Mixed,141,58.68158301189044,41.37300755830217,2.130776302751388,18.56785750593508,72.62179479527427,7.980193254284521,0.0,15,6,1,8,True,False,afternoon
2023-01-08 16:00:00,LOC_3,Mixed,141,81.06774129077017,41.37300755830217,2.130776302751388,18.36900242929776,62.039392694736144,6.0938990621233184,0.0,16,6,1,8,True,False,afternoon
2023-01-08 17:00:00,LOC_3,Mixed,141,74.03159017564003,41.37300755830217,2.130776302751388,21.286572767087577,57.506858808727216,8.215171992739796,0.0,17,6,1,8,True,False,afternoon
2023-01-08 18:00:00,LOC_3,Mixed,141,73.26725698846376,41.37300755830217,2.130776302751388,21.60674933341124,68.08523717867465,5.688163997214667,0.0,18,6,1,8,True,False,evening
2023-01-08 19:00:00,LOC_3,Mixed,141,87.38814809940104,41.37300755830217,2.130776302751388,21.02122687953757,50.42616108821616,5.873498119888665,0.0,19,6,1,8,True,False,evening
2023-01-08 20:00:00,LOC_3,Mixed,141,71.87043176234975,41.37300755830217,2.130776302751388,19.650775957368847,46.317243429888286,5.821547196415209,0.0,20,6,1,8,True,False,evening
2023-01-08 21:00:00,LOC_3,Mixed,141,78.64518241319885,41.37300755830217,2.130776302751388,18.15140520405793,59.83787294340735,7.9522632344204744,0.0,21,6,1,8,True,False,evening
2023-01-08 22:00:00,LOC_3,Mixed,141,75.53098366037126,41.37300755830217,2.130776302751388,19.795674069973778,56.112320930021305,7.234593048012011,0.0,22,6,1,8,True,False,evening
2023-01-08 23:00:00,LOC_3,Mixed,141,65.30879956713844,41.37300755830217,2.130776302751388,21.614014184033287,55.091402723573744,5.72944938755754,0.0,23,6,1,8,True,False,evening
2023-01-09 00:00:00,LOC_3,Mixed,141,65.5993481183148,41.37300755830217,2.130776302751388,19.30097520939306,65.79620679423148,6.595527799331577,0.0,0,0,1,9,False,False,night
2023-01-09 01:00:00,LOC_3,Mixed,141,57.40880472771768,41.37300755830217,2.130776302751388,15.182509714656117,65.8710290246958,7.121872484522904,0.0,1,0,1,9,False,False,night
2023-01-09 02:00:00,LOC_3,Mixed,141,52.67623119771887,41.37300755830217,2.130776302751388,16.733357513805615,64.40561552210985,5.527791387388799,0.0,2,0,1,9,False,False,night
2023-01-09 03:00:00,LOC_3,Mixed,141,36.19061291217981,41.37300755830217,2.130776302751388,15.870638098030465,63.39847132949995,7.926068818039095,0.0,3,0,1,9,False,False,night
2023-01-09 04:00:00,LOC_3,Mixed,141,24.26265768146282,41.37300755830217,2.130776302751388,12.133485876457506,76.55988514368119,7.69105075609656,0.0,4,0,1,9,False,False,night
2023-01-09 05:00:00,LOC_3,Mixed,141,41.126607047270994,41.37300755830217,2.130776302751388,13.180218518730907,77.5054692761136,6.797280763284433,0.0,5,0,1,9,False,False,night
2023-01-09 06:00:00,LOC_3,Mixed,141,52.42703371953097,41.37300755830217,2.130776302751388,12.201693370140237,75.33356881460661,8.184460436211598,0.0,6,0,1,9,False,False,morning
2023-01-09 07:00:00,LOC_3,Mixed,141,29.165569209374297,41.37300755830217,2.130776302751388,9.306933236293665,86.04743731632853,6.537783530505349,0.0,7,0,1,9,False,False,morning
2023-01-09 08:00:00,LOC_3,Mixed,141,38.71214621529419,41.37300755830217,2.130776302751388,12.145176963505943,71.79037168275049,8.238251405671368,0.0,8,0,1,9,False,False,morning
2023-01-09 09:00:00,LOC_3,Mixed,141,61.77342250787068,41.37300755830217,2.130776302751388,12.728640708036643,69.15823083477596,7.291100153759984,0.0,9,0,1,9,False,False,morning
2023-01-09 10:00:00,LOC_3,Mixed,141,37.253392780196606,41.37300755830217,2.130776302751388,14.279774058985112,72.31311650532466,7.192773538073174,0.0,10,0,1,9,False,False,morning
2023-01-09 11:00:00,LOC_3,Mixed,141,57.90876138593134,41.37300755830217,2.130776302751388,15.022965851728612,73.9413464229049,5.788043816605664,0.0,11,0,1,9,False,False,morning
2023-01-09 12:00:00,LOC_3,Mixed,141,54.09917420297502,41.37300755830217,2.130776302751388,11.202653233284565,73.30071330821598,7.937381668753681,0.0,12,0,1,9,False,False,afternoon
2023-01-09 13:00:00,LOC_3,Mixed,141,62.91673609342333,41.37300755830217,2.130776302751388,13.295342229384739,68.45183509228839,6.575486570707363,0.0,13,0,1,9,False,False,afternoon
2023-01-09 14:00:00,LOC_3,Mixed,141,78.06431439457522,41.37300755830217,2.130776302751388,17.502252880945,68.81591228951612,5.781136686652974,0.0,14,0,1,9,False,False,afternoon
2023-01-09 15:00:00,LOC_3,Mixed,141,71.62489359374172,41.37300755830217,2.130776302751388,18.80094352828605,58.1955596261245,5.333677840117083,0.0,15,0,1,9,False,False,afternoon
2023-01-09 16:00:00,LOC_3,Mixed,141,81.49775807879823,41.37300755830217,2.130776302751388,20.01646506695413,69.24608363168224,6.976540989783555,0.0,16,0,1,9,False,False,afternoon
2023-01-09 17:00:00,LOC_3,Mixed,141,86.88482431828166,41.37300755830217,2.130776302751388,27.734459110299653,59.53125185005674,6.880891310979523,0.0,17,0,1,9,False,False,afternoon
2023-01-09 18:00:00,LOC_3,Mixed,141,73.61805837534521,41.37300755830217,2.130776302751388,21.972462023755053,63.925117153203196,7.458171663796781,0.0,18,0,1,9,False,False,evening
2023-01-09 19:00:00,LOC_3,Mixed,141,56.03531403123836,41.37300755830217,2.130776302751388,23.60840538366731,59.039078525276295,7.97230315342556,0.0,19,0,1,9,False,False,evening
2023-01-09 20:00:00,LOC_3,Mixed,141,71.55355099394036,41.37300755830217,2.130776302751388,23.42273871163858,59.25429572646457,5.541166790859523,0.0,20,0,1,9,False,False,evening
2023-01-09 21:00:00,LOC_3,Mixed,141,74.60274672786682,41.37300755830217,2.130776302751388,22.654236252230042,60.14592890192412,7.498854394655708,0.0,21,0,1,9,False,False,evening
2023-01-09 22:00:00,LOC_3,Mixed,141,68.2369711329909,41.37300755830217,2.130776302751388,20.22850179841784,60.5204622246895,5.868018486048015,0.0,22,0,1,9,False,False,evening
2023-01-09 23:00:00,LOC_3,Mixed,141,69.5699365422014,41.37300755830217,2.130776302751388,21.58947347973432,63.07054372184214,7.881731386034502,0.0,23,0,1,9,False,False,evening
2023-01-10 00:00:00,LOC_3,Mixed,141,66.78690859579189,41.37300755830217,2.130776302751388,17.49743777756767,68.55958623737652,7.76580818291353,0.0,0,1,1,10,False,False,night
2023-01-10 01:00:00,LOC_3,Mixed,141,59.15920489595173,41.37300755830217,2.130776302751388,17.370632498646195,65.29406642425491,6.932416162279356,0.0,1,1,1,10,False,False,night
2023-01-10 02:00:00,LOC_3,Mixed,141,52.633365819189805,41.37300755830217,2.130776302751388,15.586532873423637,70.43049884977889,7.442180389686303,0.0,2,1,1,10,False,False,night
2023-01-10 03:00:00,LOC_3,Mixed,141,41.90046169705859,41.37300755830217,2.130776302751388,15.43399770366235,69.01082267878445,6.255919269631707,0.0,3,1,1,10,False,False,night
2023-01-10 04:00:00,LOC_3,Mixed,141,43.69665322679222,41.37300755830217,2.130776302751388,18.700745660277242,79.05772902338691,6.727789402184488,0.0,4,1,1,10,False,False,night
2023-01-10 05:00:00,LOC_3,Mixed,141,45.24790922883711,41.37300755830217,2.130776302751388,9.308447303904988,70.53208311152667,7.780613012135659,0.0,5,1,1,10,False,False,night
2023-01-10 06:00:00,LOC_3,Mixed,141,36.028313650892876,41.37300755830217,2.130776302751388,13.627987212858176,84.49376850033576,6.69491436172591,0.0,6,1,1,10,False,False,morning
2023-01-10 07:00:00,LOC_3,Mixed,141,34.51327591910973,41.37300755830217,2.130776302751388,8.537614417492414,76.27311792703486,6.391929854239737,0.0,7,1,1,10,False,False,morning
2023-01-10 08:00:00,LOC_3,Mixed,141,28.374522325636388,41.37300755830217,2.130776302751388,10.655892180656375,69.64661266493927,6.802588524197949,0.0,8,1,1,10,False,False,morning
2023-01-10 09:00:00,LOC_3,Mixed,141,48.20865514585515,41.37300755830217,2.130776302751388,13.955107772632598,77.08610891715821,7.806114899340297,0.23261442908307975,9,1,1,10,False,False,morning
2023-01-10 10:00:00,LOC_3,Mixed,141,48.807092553556544,41.37300755830217,2.130776302751388,12.412347700667409,72.02716638767262,6.3284070783923525,0.0,10,1,1,10,False,False,morning
2023-01-10 11:00:00,LOC_3,Mixed,141,53.15884571984275,41.37300755830217,2.130776302751388,10.929969360568453,78.03229991208948,5.845483343879192,0.0,11,1,1,10,False,False,morning
2023-01-10 12:00:00,LOC_3,Mixed,141,61.97784168529636,41.37300755830217,2.130776302751388,12.697462710865231,68.48073984471772,7.461656086869376,0.0,12,1,1,10,False,False,afternoon
2023-01-10 13:00:00,LOC_3,Mixed,141,92.1433298943205,41.37300755830217,2.130776302751388,16.70024687119053,67.08698008728375,7.804963957891002,0.0,13,1,1,10,False,False,afternoon
2023-01-10 14:00:00,LOC_3,Mixed,141,57.34934116459044,41.37300755830217,2.130776302751388,15.181488963630814,57.267851891142165,5.6303568809836175,0.0,14,1,1,10,False,False,afternoon
2023-01-10 15:00:00,LOC_3,Mixed,141,67.23225118608374,41.37300755830217,2.130776302751388,18.376309415115507,61.85168393185149,6.049481740355625,0.0,15,1,1,10,False,False,afternoon
2023-01-10 16:00:00,LOC_3,Mixed,141,82.653363534641,41.37300755830217,2.130776302751388,19.247514625123316,49.56786147622383,5.75719015834612,0.0,16,1,1,10,False,False,afternoon
2023-01-10 17:00:00,LOC_3,Mixed,141,81.13079396865453,41.37300755830217,2.130776302751388,18.895777238777146,51.68253001459382,6.376513040357709,0.0,17,1,1,10,False,False,afternoon
2023-01-10 18:00:00,LOC_3,Mixed,141,69.61170005897095,41.37300755830217,2.130776302751388,25.288531452594032,61.80078673283472,6.685156187720477,0.0,18,1,1,10,False,False,evening
2023-01-10 19:00:00,LOC_3,Mixed,141,80.94948567646824,41.37300755830217,2.130776302751388,22.775054798654125,60.91456728521796,7.581996535404471,0.0,19,1,1,10,False,False,evening
2023-01-10 20:00:00,LOC_3,Mixed,141,83.3623471332044,41.37300755830217,2.130776302751388,17.6343729537576,58.757971554779196,7.290374380059586,0.0,20,1,1,10,False,False,evening
2023-01-10 21:00:00,LOC_3,Mixed,141,90.8854165550051,41.37300755830217,2.130776302751388,21.894265525868065,52.122405491695524,7.201131255412067,0.0,21,1,1,10,False,False,evening
2023-01-10 22:00:00,LOC_3,Mixed,141,46.79567902673358,41.37300755830217,2.130776302751388,19.705350621754285,57.70359611670798,6.396884146302737,0.0,22,1,1,10,False,False,evening
2023-01-10 23:00:00,LOC_3,Mixed,141,52.562348141655,41.37300755830217,2.130776302751388,21.946265001416403,59.49919064089924,7.865515544432524,0.0,23,1,1,10,False,False,evening
2023-01-11 00:00:00,LOC_3,Mixed,141,59.06357436384392,41.37300755830217,2.130776302751388,17.62788996494937,55.78231367040774,6.756447790557449,0.0,0,2,1,11,False,False,night
2023-01-11 01:00:00,LOC_3,Mixed,141,40.50961263490767,41.37300755830217,2.130776302751388,17.784619919082647,71.48880590480286,8.281314329346232,0.0,1,2,1,11,False,False,night
2023-01-11 02:00:00,LOC_3,Mixed,141,48.54985159477425,41.37300755830217,2.130776302751388,17.737037384284086,70.93268580023201,7.247838980151846,0.41613920833230833,2,2,1,11,False,False,night
2023-01-11 03:00:00,LOC_3,Mixed,141,39.09308407252309,41.37300755830217,2.130776302751388,17.17154235046562,68.01511520660091,5.7256196622211055,0.0,3,2,1,11,False,False,night
2023-01-11 04:00:00,LOC_3,Mixed,141,47.57605427030454,41.37300755830217,2.130776302751388,11.840597842702392,71.65204788134477,7.37677081758909,0.0,4,2,1,11,False,False,night
2023-01-11 05:00:00,LOC_3,Mixed,141,56.17641886076578,41.37300755830217,2.130776302751388,12.543716852602547,74.61647539116888,6.324962692338533,0.0,5,2,1,11,False,False,night
2023-01-11 06:00:00,LOC_3,Mixed,141,29.72010886725099,41.37300755830217,2.130776302751388,11.475297262970173,64.94094988729437,7.410044570901149,0.0,6,2,1,11,False,False,morning
2023-01-11 07:00:00,LOC_3,Mixed,141,54.97746781496928,41.37300755830217,2.130776302751388,10.626088078579537,74.89861999994311,5.561398579521677,0.0,7,2,1,11,False,False,morning
2023-01-11 08:00:00,LOC_3,Mixed,141,36.19295906100134,41.37300755830217,2.130776302751388,15.300344020020948,73.0512076810935,5.878531419419629,0.0,8,2,1,11,False,False,morning
2023-01-11 09:00:00,LOC_3,Mixed,141,41.611801544480386,41.37300755830217,2.130776302751388,12.756828783918198,71.09816922653285,7.922510675405685,0.0,9,2,1,11,False,False,morning
2023-01-11 10:00:00,LOC_3,Mixed,141,43.49870358708957,41.37300755830217,2.130776302751388,9.931657605897087,73.68764750643587,6.038249177768419,0.0,10,2,1,11,False,False,morning
2023-01-11 11:00:00,LOC_3,Mixed,141,70.39041295864567,41.37300755830217,2.130776302751388,15.090799644147719,82.47828113417128,7.869245306923001,0.0,11,2,1,11,False,False,morning
2023-01-11 12:00:00,LOC_3,Mixed,141,43.366776156677474,41.37300755830217,2.130776302751388,18.541978251280888,74.6088825918238,6.197361436814355,0.0,12,2,1,11,False,False,afternoon
2023-01-11 13:00:00,LOC_3,Mixed,141,65.28373655328227,41.37300755830217,2.130776302751388,17.575556429303084,66.12285323468444,7.289589956918801,0.0,13,2,1,11,False,False,afternoon
2023-01-11 14:00:00,LOC_3,Mixed,141,65.73081307547082,41.37300755830217,2.130776302751388,13.77303554980653,69.23936294335168,7.444806816872404,0.0,14,2,1,11,False,False,afternoon
2023-01-11 15:00:00,LOC_3,Mixed,141,70.12996559239954,41.37300755830217,2.130776302751388,17.14445597741004,70.77092893664492,6.901730038961146,0.0,15,2,1,11,False,False,afternoon
2023-01-11 16:00:00,LOC_3,Mixed,141,68.94881391392892,41.37300755830217,2.130776302751388,21.859703676204084,65.97140565890217,6.281108305656362,0.0,16,2,1,11,False,False,afternoon
2023-01-11 17:00:00,LOC_3,Mixed,141,87.44088910432039,41.37300755830217,2.130776302751388,18.953127893384217,59.56121820035732,6.004519712851096,0.0,17,2,1,11,False,False,afternoon
2023-01-11 18:00:00,LOC_3,Mixed,141,79.95399723500847,41.37300755830217,2.130776302751388,22.05774939179145,54.42509504047415,5.4675647670026395,0.0,18,2,1,11,False,False,evening
2023-01-11 19:00:00,LOC_3,Mixed,141,80.42283882644394,41.37300755830217,2.130776302751388,23.225930406170892,60.13779196944352,6.281245837295547,0.0,19,2,1,11,False,False,evening
2023-01-11 20:00:00,LOC_3,Mixed,141,80.22485804096398,41.37300755830217,2.130776302751388,20.00022092577634,58.259263189243725,7.330304745380351,0.0,20,2,1,11,False,False,evening
2023-01-11 21:00:00,LOC_3,Mixed,141,65.39463007864057,41.37300755830217,2.130776302751388,21.571708035469157,61.09444860495315,8.18714037857493,0.0,21,2,1,11,False,False,evening
2023-01-11 22:00:00,LOC_3,Mixed,141,76.9884122791113,41.37300755830217,2.130776302751388,14.71576874466987,60.77925215879382,7.987248727966319,0.0,22,2,1,11,False,False,evening
2023-01-11 23:00:00,LOC_3,Mixed,141,58.98605635335898,41.37300755830217,2.130776302751388,18.361980857786584,64.42625129568634,7.673238776510393,0.0,23,2,1,11,False,False,evening
2023-01-12 00:00:00,LOC_3,Mixed,141,34.385840596938806,41.37300755830217,2.130776302751388,18.877130795646124,58.55928974533227,7.741795449446384,0.0,0,3,1,12,False,False,night
2023-01-12 01:00:00,LOC_3,Mixed,141,54.12156052675369,41.37300755830217,2.130776302751388,15.687839855574468,70.22015788916329,7.372816909226299,0.0,1,3,1,12,False,False,night
2023-01-12 02:00:00,LOC_3,Mixed,141,55.23466897214042,41.37300755830217,2.130776302751388,20.161176525439267,67.19529018831,6.160131356213208,0.0,2,3,1,12,False,False,night
2023-01-12 03:00:00,LOC_3,Mixed,141,44.64780010262631,41.37300755830217,2.130776302751388,12.749017884128564,79.15770308302666,8.102264265229977,0.0,3,3,1,12,False,False,night
2023-01-12 04:00:00,LOC_3,Mixed,141,30.797561832506993,41.37300755830217,2.130776302751388,13.53034786093411,67.73318724089602,7.3942843025831175,0.0,4,3,1,12,False,False,night
2023-01-12 05:00:00,LOC_3,Mixed,141,50.014982924088194,41.37300755830217,2.130776302751388,13.643424068890072,81.91593318719046,7.064817256991446,0.0,5,3,1,12,False,False,night
2023-01-12 06:00:00,LOC_3,Mixed,141,48.34474062476148,41.37300755830217,2.130776302751388,15.476935378918338,75.80077631574103,5.717871571582103,1.1313208174510563,6,3,1,12,False,False,morning
2023-01-12 07:00:00,LOC_3,Mixed,141,38.079264638727935,41.37300755830217,2.130776302751388,9.230200395275588,72.53906058665882,6.727477397235238,0.0,7,3,1,12,False,False,morning
2023-01-12 08:00:00,LOC_3,Mixed,141,28.585523667039723,41.37300755830217,2.130776302751388,14.264918349054298,73.70338914023962,6.768792982554655,0.0,8,3,1,12,False,False,morning
2023-01-12 09:00:00,LOC_3,Mixed,141,36.587665088916246,41.37300755830217,2.130776302751388,12.136463853675586,74.16626799575559,7.9828162011843595,0.0,9,3,1,12,False,False,morning
2023-01-12 10:00:00,LOC_3,Mixed,141,55.908411134858504,41.37300755830217,2.130776302751388,10.659517559454084,76.87576000890961,7.030477036657801,0.0,10,3,1,12,False,False,morning
2023-01-12 11:00:00,LOC_3,Mixed,141,67.71380037024576,41.37300755830217,2.130776302751388,14.348368935890223,75.76585346545014,6.533140825570513,0.0,11,3,1,12,False,False,morning
2023-01-12 12:00:00,LOC_3,Mixed,141,58.38298380924824,41.37300755830217,2.130776302751388,14.864848289082703,68.19804218443558,8.32374676511913,0.0,12,3,1,12,False,False,afternoon
2023-01-12 13:00:00,LOC_3,Mixed,141,66.83108218316963,41.37300755830217,2.130776302751388,14.479231910941813,68.51889570817629,5.726913958133349,0.0,13,3,1,12,False,False,afternoon
2023-01-12 14:00:00,LOC_3,Mixed,141,77.67124591204374,41.37300755830217,2.130776302751388,17.120396038167517,76.74976805668436,6.66380365857333,0.0,14,3,1,12,False,False,afternoon
2023-01-12 15:00:00,LOC_3,Mixed,141,68.32198861170326,41.37300755830217,2.130776302751388,17.511289858354097,72.07388174634832,5.523638390827219,0.0,15,3,1,12,False,False,afternoon
2023-01-12 16:00:00,LOC_3,Mixed,141,80.54183491603453,41.37300755830217,2.130776302751388,19.721885452790485,63.19191682379418,7.618682514758389,0.0,16,3,1,12,False,False,afternoon
2023-01-12 17:00:00,LOC_3,Mixed,141,87.39514980351619,41.37300755830217,2.130776302751388,21.861673926715124,59.11519223549494,8.15460539094551,0.0,17,3,1,12,False,False,afternoon
2023-01-12 18:00:00,LOC_3,Mixed,141,63.278025733141355,41.37300755830217,2.130776302751388,24.511066202519252,57.92209149313421,6.241893098912739,0.0,18,3,1,12,False,False,evening
2023-01-12 19:00:00,LOC_3,Mixed,141,82.15379393157082,41.37300755830217,2.130776302751388,19.369929531162757,59.37646880601916,7.978211309871586,0.0,19,3,1,12,False,False,evening
2023-01-12 20:00:00,LOC_3,Mixed,141,83.99699268898787,41.37300755830217,2.130776302751388,26.289022955632603,50.840124761367825,6.281245932649707,0.0,20,3,1,12,False,False,evening
2023-01-12 21:00:00,LOC_3,Mixed,141,90.42012940507212,41.37300755830217,2.130776302751388,17.95543350693957,54.99389910091412,8.138306479839592,0.0,21,3,1,12,False,False,evening
2023-01-12 22:00:00,LOC_3,Mixed,141,73.55911079101422,41.37300755830217,2.130776302751388,21.063559527266186,48.92282019593735,7.669286250473384,0.0,22,3,1,12,False,False,evening
2023-01-12 23:00:00,LOC_3,Mixed,141,77.05121488572146,41.37300755830217,2.130776302751388,21.756192693236827,60.836999052491045,7.823525205391303,0.0,23,3,1,12,False,False,evening
2023-01-13 00:00:00,LOC_3,Mixed,141,52.77741913040903,41.37300755830217,2.130776302751388,20.113028734156256,64.13388970114131,5.464228666538602,0.0,0,4,1,13,False,False,night
2023-01-13 01:00:00,LOC_3,Mixed,141,54.01102776474469,41.37300755830217,2.130776302751388,17.106760753728516,60.879748101763724,8.300043984793497,0.0,1,4,1,13,False,False,night
2023-01-13 02:00:00,LOC_3,Mixed,141,29.508264823443547,41.37300755830217,2.130776302751388,16.648838577521822,73.7397676599774,7.593029591858244,0.0,2,4,1,13,False,False,night
2023-01-13 03:00:00,LOC_3,Mixed,141,56.929004105293615,41.37300755830217,2.130776302751388,14.792003431382998,62.31516108358697,6.328673391401054,0.0,3,4,1,13,False,False,night
2023-01-13 04:00:00,LOC_3,Mixed,141,38.12855972975623,41.37300755830217,2.130776302751388,13.400387394289169,63.51989178259571,7.90400737621206,0.0,4,4,1,13,False,False,night
2023-01-13 05:00:00,LOC_3,Mixed,141,64.90814311504982,41.37300755830217,2.130776302751388,15.24980250862901,74.02106246362594,6.261790039348729,0.0,5,4,1,13,False,False,night
2023-01-13 06:00:00,LOC_3,Mixed,141,38.945313045580704,41.37300755830217,2.130776302751388,13.477050412638386,79.70945263164418,8.036890810624481,0.0,6,4,1,13,False,False,morning
2023-01-13 07:00:00,LOC_3,Mixed,141,35.77234413618153,41.37300755830217,2.130776302751388,10.884711299934763,83.8785774763772,5.757773095616093,0.0,7,4,1,13,False,False,morning
2023-01-13 08:00:00,LOC_3,Mixed,141,33.01201082676997,41.37300755830217,2.130776302751388,13.90637145459099,73.49123527820632,7.532492273127285,0.0,8,4,1,13,False,False,morning
2023-01-13 09:00:00,LOC_3,Mixed,141,42.13957099186133,41.37300755830217,2.130776302751388,12.899152611800156,80.82429702706261,7.044931970233187,0.0,9,4,1,13,False,False,morning
2023-01-13 10:00:00,LOC_3,Mixed,141,67.3127604966244,41.37300755830217,2.130776302751388,14.416789830353633,74.22532646714504,5.713841932905904,0.0,10,4,1,13,False,False,morning
2023-01-13 11:00:00,LOC_3,Mixed,141,66.22799160719931,41.37300755830217,2.130776302751388,14.851925208349538,71.95152845129128,6.151321770863528,0.0,11,4,1,13,False,False,morning
2023-01-13 12:00:00,LOC_3,Mixed,141,51.91633212683306,41.37300755830217,2.130776302751388,12.977219132553813,75.14788137863744,5.464253939711536,0.0,12,4,1,13,False,False,afternoon
2023-01-13 13:00:00,LOC_3,Mixed,141,65.98514093821943,41.37300755830217,2.130776302751388,14.727758473974898,71.56537328332944,6.8347470523698055,0.0,13,4,1,13,False,False,afternoon
2023-01-13 14:00:00,LOC_3,Mixed,141,72.41710274424884,41.37300755830217,2.130776302751388,18.64380851352739,57.81959660851702,6.3336400429361746,0.0,14,4,1,13,False,False,afternoon
2023-01-13 15:00:00,LOC_3,Mixed,141,78.5779530111084,41.37300755830217,2.130776302751388,19.6710614773717,70.48205985561994,7.22631759709171,0.0,15,4,1,13,False,False,afternoon
2023-01-13 16:00:00,LOC_3,Mixed,141,50.18284451209007,41.37300755830217,2.130776302751388,19.62142584148357,67.57399871191353,6.324359229008225,0.0,16,4,1,13,False,False,afternoon
2023-01-13 17:00:00,LOC_3,Mixed,141,52.75174788124447,41.37300755830217,2.130776302751388,20.940419897487335,55.46065623071281,6.333803579508361,0.0,17,4,1,13,False,False,afternoon
2023-01-13 18:00:00,LOC_3,Mixed,141,75.26071839672962,41.37300755830217,2.130776302751388,24.06268911446436,58.964299021412025,7.665026056987874,0.0,18,4,1,13,False,False,evening
2023-01-13 19:00:00,LOC_3,Mixed,141,73.9914816057171,41.37300755830217,2.130776302751388,20.830718616668634,58.44242814273311,5.581274960514051,0.0,19,4,1,13,False,False,evening
2023-01-13 20:00:00,LOC_3,Mixed,141,82.80705930273612,41.37300755830217,2.130776302751388,23.285425860464805,56.92090663287007,8.146931205200909,0.0,20,4,1,13,False,False,evening
2023-01-13 21:00:00,LOC_3,Mixed,141,49.22923612014441,41.37300755830217,2.130776302751388,21.623472632631593,53.19275835577414,7.996437384384353,0.0,21,4,1,13,False,False,evening
2023-01-13 22:00:00,LOC_3,Mixed,141,67.31469471045082,41.37300755830217,2.130776302751388,21.099989995550594,53.57117835629967,7.444459126295788,0.0,22,4,1,13,False,False,evening
2023-01-13 23:00:00,LOC_3,Mixed,141,54.57092218678869,41.37300755830217,2.130776302751388,22.94530843551879,58.376720181953964,7.222108875444487,0.0,23,4,1,13,False,False,evening
2023-01-14 00:00:00,LOC_3,Mixed,141,64.25819810780027,41.37300755830217,2.130776302751388,21.370047828017714,66.42521483621351,8.120750520427288,0.0,0,5,1,14,True,False,night
2023-01-14 01:00:00,LOC_3,Mixed,141,49.1031396300947,41.37300755830217,2.130776302751388,20.14732279028839,65.67739373639795,6.001232197141045,0.0,1,5,1,14,True,False,night
2023-01-14 02:00:00,LOC_3,Mixed,141,44.94520635656413,41.37300755830217,2.130776302751388,19.844157924521184,63.68052771914442,5.683547548614991,0.0,2,5,1,14,True,False,night
2023-01-14 03:00:00,LOC_3,Mixed,141,43.6554708665097,41.37300755830217,2.130776302751388,15.98810363651151,71.96630164674976,6.166568745480333,0.0,3,5,1,14,True,False,night
2023-01-14 04:00:00,LOC_3,Mixed,141,40.09085451830215,41.37300755830217,2.130776302751388,16.111086837406127,56.26292510721723,7.833171015063811,0.0,4,5,1,14,True,False,night
2023-01-14 05:00:00,LOC_3,Mixed,141,32.25048055925406,41.37300755830217,2.130776302751388,13.098102035669756,78.30655740414718,5.5548446911373315,3.4444091497533775,5,5,1,14,True,False,night
2023-01-14 06:00:00,LOC_3,Mixed,141,10.282415265546044,41.37300755830217,2.130776302751388,13.57936254113757,65.43937143378812,7.200651876267045,0.0,6,5,1,14,True,False,morning
2023-01-14 07:00:00,LOC_3,Mixed,141,17.519114394060946,41.37300755830217,2.130776302751388,12.17822785192118,73.31076737167123,8.439941166994307,0.0,7,5,1,14,True,False,morning
2023-01-14 08:00:00,LOC_3,Mixed,141,20.11534037019183,41.37300755830217,2.130776302751388,12.46912009223773,69.85139420236469,8.022113913963077,0.0,8,5,1,14,True,False,morning
2023-01-14 09:00:00,LOC_3,Mixed,141,19.10013910901756,41.37300755830217,2.130776302751388,13.642796981369038,68.62162676040506,7.020759479518879,0.0,9,5,1,14,True,False,morning
2023-01-14 10:00:00,LOC_3,Mixed,141,4.788473529368603,41.37300755830217,2.130776302751388,11.322526402184593,79.88619839958952,5.648741685374674,0.0,10,5,1,14,True,False,morning
2023-01-14 11:00:00,LOC_3,Mixed,141,15.876651078922318,41.37300755830217,2.130776302751388,17.945316980997678,70.14040913418702,7.953335810269029,0.0,11,5,1,14,True,False,morning
2023-01-14 12:00:00,LOC_3,Mixed,141,37.25112550389022,41.37300755830217,2.130776302751388,12.791021939306718,72.12640600404133,7.2575468649928565,0.0,12,5,1,14,True,False,afternoon
2023-01-14 13:00:00,LOC_3,Mixed,141,40.29825186679728,41.37300755830217,2.130776302751388,13.587563433134424,67.7335157881843,5.806806168023199,0.0,13,5,1,14,True,False,afternoon
2023-01-14 14:00:00,LOC_3,Mixed,141,65.32577825132677,41.37300755830217,2.130776302751388,19.63323562471823,67.75117638067941,5.7449746300136875,0.0,14,5,1,14,True,False,afternoon
2023-01-14 15:00:00,LOC_3,Mixed,141,66.87150740119509,41.37300755830217,2.130776302751388,20.201411292641506,63.14793764587,8.193678594150384,0.0,15,5,1,14,True,False,afternoon
2023-01-14 16:00:00,LOC_3,Mixed,141,60.7671976784401,41.37300755830217,2.130776302751388,21.079205919192333,53.9231063088811,7.4737940458318395,0.0,16,5,1,14,True,False,afternoon
2023-01-14 17:00:00,LOC_3,Mixed,141,65.67844345593257,41.37300755830217,2.130776302751388,22.130165616245694,63.234384901801434,7.955448536307145,0.0,17,5,1,14,True,False,afternoon
2023-01-14 18:00:00,LOC_3,Mixed,141,62.17931045679238,41.37300755830217,2.130776302751388,21.650547368932457,54.18113525494086,8.105919479987621,0.0,18,5,1,14,True,False,evening
2023-01-14 19:00:00,LOC_3,Mixed,141,85.09607681451874,41.37300755830217,2.130776302751388,20.387006281733374,47.85406045729117,7.185694234796906,0.0,19,5,1,14,True,False,evening
2023-01-14 20:00:00,LOC_3,Mixed,141,72.45641462578804,41.37300755830217,2.130776302751388,22.51046579725183,53.141710833441685,7.024110391438,0.0,20,5,1,14,True,False,evening
2023-01-14 21:00:00,LOC_3,Mixed,141,78.39230733922989,41.37300755830217,2.130776302751388,20.84113196335307,63.11288818041697,6.764447481949361,0.0,21,5,1,14,True,False,evening
2023-01-14 22:00:00,LOC_3,Mixed,141,75.0045705600209,41.37300755830217,2.130776302751388,23.65316109763455,60.845265448969364,6.425398685748728,0.0,22,5,1,14,True,False,evening
2023-01-14 23:00:00,LOC_3,Mixed,141,69.51766649173382,41.37300755830217,2.130776302751388,20.6211808910426,56.42614801986694,6.7797402321989635,0.0,23,5,1,14,True,False,evening
2023-01-15 00:00:00,LOC_3,Mixed,141,67.9034505592961,41.37300755830217,2.130776302751388,18.235733266474476,58.48025615828886,7.798984499202369,0.0,0,6,1,15,True,False,night
2023-01-15 01:00:00,LOC_3,Mixed,141,62.174767440871435,41.37300755830217,2.130776302751388,18.04501588633587,61.016249604629365,7.284508761871246,0.0,1,6,1,15,True,False,night
2023-01-15 02:00:00,LOC_3,Mixed,141,49.75408909692452,41.37300755830217,2.130776302751388,18.2265187052916,75.5824283243235,8.157701029212609,0.37669993602088275,2,6,1,15,True,False,night
2023-01-15 03:00:00,LOC_3,Mixed,141,45.43307273775971,41.37300755830217,2.130776302751388,14.986073683189817,69.68263168356224,6.811663645999637,0.0,3,6,1,15,True,False,night
2023-01-15 04:00:00,LOC_3,Mixed,141,37.35161354217942,41.37300755830217,2.130776302751388,13.270138202124672,72.32105024944028,7.304184534807769,0.3169504858103928,4,6,1,15,True,False,night
2023-01-15 05:00:00,LOC_3,Mixed,141,40.917340082413055,41.37300755830217,2.130776302751388,14.373379247051785,77.3794076220233,7.378230405276106,0.0,5,6,1,15,True,False,night
2023-01-15 06:00:00,LOC_3,Mixed,141,22.802224402831527,41.37300755830217,2.130776302751388,13.588303344254609,74.99720539105823,7.260790931110847,0.0,6,6,1,15,True,False,morning
2023-01-15 07:00:00,LOC_3,Mixed,141,21.507597716533553,41.37300755830217,2.130776302751388,11.591938980366043,73.49313860867989,7.594992211767278,0.0,7,6,1,15,True,False,morning
2023-01-15 08:00:00,LOC_3,Mixed,141,13.626080193991092,41.37300755830217,2.130776302751388,11.500333839967693,74.13342985216643,6.200782495365286,0.0,8,6,1,15,True,False,morning
2023-01-15 09:00:00,LOC_3,Mixed,141,10.46904833408016,41.37300755830217,2.130776302751388,13.083835926602793,74.40252159915465,7.026964369303944,0.0,9,6,1,15,True,False,morning
2023-01-15 10:00:00,LOC_3,Mixed,141,44.52813699297366,41.37300755830217,2.130776302751388,10.230022953444445,73.5615055445726,5.8039381394972995,0.0,10,6,1,15,True,False,morning
2023-01-15 11:00:00,LOC_3,Mixed,141,29.32398537208502,41.37300755830217,2.130776302751388,11.112809409026479,75.78267380262571,6.646188155676903,0.0,11,6,1,15,True,False,morning
2023-01-15 12:00:00,LOC_3,Mixed,141,43.099866279366424,41.37300755830217,2.130776302751388,13.533333362304484,70.31928581941779,6.9570455668256646,0.0,12,6,1,15,True,False,afternoon
2023-01-15 13:00:00,LOC_3,Mixed,141,34.809021650076374,41.37300755830217,2.130776302751388,15.756181946140092,71.29704788695032,7.452107073651694,0.3396006046120076,13,6,1,15,True,False,afternoon
2023-01-15 14:00:00,LOC_3,Mixed,141,66.4639900039359,41.37300755830217,2.130776302751388,18.10593500213411,64.62817735758088,8.348417131946231,0.0,14,6,1,15,True,False,afternoon
2023-01-15 15:00:00,LOC_3,Mixed,141,51.82760372829842,41.37300755830217,2.130776302751388,21.735874648231526,62.8228515229156,7.3001665974090315,0.0,15,6,1,15,True,False,afternoon
2023-01-15 16:00:00,LOC_3,Mixed,141,54.864265560501345,41.37300755830217,2.130776302751388,21.713332071551577,50.01297092704439,7.7303843135591865,0.0,16,6,1,15,True,False,afternoon
2023-01-15 17:00:00,LOC_3,Mixed,141,89.52939512660039,41.37300755830217,2.130776302751388,20.720614222353777,62.50065580895115,7.019789653755187,0.0,17,6,1,15,True,False,afternoon
2023-01-15 18:00:00,LOC_3,Mixed,141,62.6320267353502,41.37300755830217,2.130776302751388,21.80399524196501,58.0483870639492,7.404692221898633,0.0,18,6,1,15,True,False,evening
2023-01-15 19:00:00,LOC_3,Mixed,141,82.00405597887884,41.37300755830217,2.130776302751388,20.343413011246135,60.29310706825475,5.716565170216603,0.0,19,6,1,15,True,False,evening
2023-01-15 20:00:00,LOC_3,Mixed,141,98.84011869855756,41.37300755830217,2.130776302751388,22.48875701147641,40.46715654210918,6.268331399217778,0.0,20,6,1,15,True,False,evening
2023-01-15 21:00:00,LOC_3,Mixed,141,77.67643269112796,41.37300755830217,2.130776302751388,21.785034512036876,65.71716994414933,6.5921038113017785,0.0,21,6,1,15,True,False,evening
2023-01-15 22:00:00,LOC_3,Mixed,141,68.58491283991681,41.37300755830217,2.130776302751388,22.515224870016635,55.562476360543215,6.925412211103193,0.0,22,6,1,15,True,False,evening
2023-01-15 23:00:00,LOC_3,Mixed,141,84.71306355273028,41.37300755830217,2.130776302751388,19.42766951467927,63.376651280119745,5.646265735677387,0.0,23,6,1,15,True,False,evening
2023-01-16 00:00:00,LOC_3,Mixed,141,56.48364963703904,41.37300755830217,2.130776302751388,21.092225979644216,54.693404462048605,5.930778882892327,0.0,0,0,1,16,False,False,night
2023-01-16 01:00:00,LOC_3,Mixed,141,71.31170484995496,41.37300755830217,2.130776302751388,21.92004014430008,65.35474488872299,6.342536341930383,0.0,1,0,1,16,False,False,night
2023-01-16 02:00:00,LOC_3,Mixed,141,44.60258393659199,41.37300755830217,2.130776302751388,17.349879620231494,59.5981223498413,8.428078056132193,0.0,2,0,1,16,False,False,night
2023-01-16 03:00:00,LOC_3,Mixed,141,55.82031279592465,41.37300755830217,2.130776302751388,17.08365963936913,64.32068280617848,6.508907305445923,0.0,3,0,1,16,False,False,night
2023-01-16 04:00:00,LOC_3,Mixed,141,46.307190424608834,41.37300755830217,2.130776302751388,16.461549583254513,79.40763356966936,6.962375494302705,1.0701137519038946,4,0,1,16,False,False,night
2023-01-16 05:00:00,LOC_3,Mixed,141,33.64089127718071,41.37300755830217,2.130776302751388,13.250215601320798,70.94127490599833,6.1059312284202205,0.0,5,0,1,16,False,False,night
2023-01-16 06:00:00,LOC_3,Mixed,141,52.34284188142245,41.37300755830217,2.130776302751388,13.713175915396638,74.557182462347,7.351363807366904,0.0,6,0,1,16,False,False,morning
2023-01-16 07:00:00,LOC_3,Mixed,141,39.53637027554196,41.37300755830217,2.130776302751388,12.797599825404976,78.805508605761,6.362458477605268,0.0,7,0,1,16,False,False,morning
2023-01-16 08:00:00,LOC_3,Mixed,141,37.74830501227914,41.37300755830217,2.130776302751388,12.804321198325818,77.26047143740672,6.142771535560911,0.0,8,0,1,16,False,False,morning
2023-01-16 09:00:00,LOC_3,Mixed,141,46.04740548435618,41.37300755830217,2.130776302751388,11.240243805803443,75.17956777868913,7.072896386329881,1.7518720986755771,9,0,1,16,False,False,morning
2023-01-16 10:00:00,LOC_3,Mixed,141,43.00486773208396,41.37300755830217,2.130776302751388,13.341707992515252,75.23942972433639,5.541080330065174,0.0,10,0,1,16,False,False,morning
2023-01-16 11:00:00,LOC_3,Mixed,141,51.59509289279395,41.37300755830217,2.130776302751388,15.090198148104665,83.82867479496385,5.548939192256977,0.11032226937987565,11,0,1,16,False,False,morning
2023-01-16 12:00:00,LOC_3,Mixed,141,63.332813068149974,41.37300755830217,2.130776302751388,18.038942142870155,69.43859616027193,6.184537412761588,0.0,12,0,1,16,False,False,afternoon
2023-01-16 13:00:00,LOC_3,Mixed,141,56.09336972386848,41.37300755830217,2.130776302751388,18.268019453218294,68.30653963147908,5.63887869281456,0.0,13,0,1,16,False,False,afternoon
2023-01-16 14:00:00,LOC_3,Mixed,141,68.30364515052261,41.37300755830217,2.130776302751388,21.956854680851766,69.95229244838076,5.854175215557804,0.0,14,0,1,16,False,False,afternoon
2023-01-16 15:00:00,LOC_3,Mixed,141,68.71178541087887,41.37300755830217,2.130776302751388,17.416805241262697,67.62462893071233,6.548062976321493,0.0,15,0,1,16,False,False,afternoon
2023-01-16 16:00:00,LOC_3,Mixed,141,68.31149324478035,41.37300755830217,2.130776302751388,21.908960423536783,65.60651322761106,7.940620868758524,0.0,16,0,1,16,False,False,afternoon
2023-01-16 17:00:00,LOC_3,Mixed,141,67.89689638946595,41.37300755830217,2.130776302751388,21.573449705388807,60.780119722321714,7.250392287703776,0.0,17,0,1,16,False,False,afternoon
2023-01-16 18:00:00,LOC_3,Mixed,141,100.0,41.37300755830217,2.130776302751388,26.38787593697928,50.26843529525971,7.073631788193598,0.0,18,0,1,16,False,False,evening
2023-01-16 19:00:00,LOC_3,Mixed,141,92.50803628343832,41.37300755830217,2.130776302751388,20.898085498202022,63.13779352368083,6.417477057117762,0.0,19,0,1,16,False,False,evening
2023-01-16 20:00:00,LOC_3,Mixed,141,83.45981881540854,41.37300755830217,2.130776302751388,21.012517757598687,48.88435015098608,8.333653446690496,0.0,20,0,1,16,False,False,evening
2023-01-16 21:00:00,LOC_3,Mixed,141,81.29269912349413,41.37300755830217,2.130776302751388,21.329712402104647,56.45618194020979,6.730818836021045,0.0,21,0,1,16,False,False,evening
2023-01-16 22:00:00,LOC_3,Mixed,141,81.00711925212335,41.37300755830217,2.130776302751388,17.788109862977464,52.156818126709055,5.802433158922291,0.0,22,0,1,16,False,False,evening
2023-01-16 23:00:00,LOC_3,Mixed,141,45.976503406674304,41.37300755830217,2.130776302751388,20.19670249436134,57.182883191589326,7.393735274711428,0.0,23,0,1,16,False,False,evening
2023-01-17 00:00:00,LOC_3,Mixed,141,61.98706514807948,41.37300755830217,2.130776302751388,18.70131625223366,61.204648900835295,5.885431495498015,0.0,0,1,1,17,False,False,night
2023-01-17 01:00:00,LOC_3,Mixed,141,54.69213845762992,41.37300755830217,2.130776302751388,19.32136591824142,63.565629386673365,6.580966052360356,0.0,1,1,1,17,False,False,night
2023-01-17 02:00:00,LOC_3,Mixed,141,47.552049522973675,41.37300755830217,2.130776302751388,18.416895213099902,66.64283724808526,7.0689124684625435,0.0,2,1,1,17,False,False,night
2023-01-17 03:00:00,LOC_3,Mixed,141,34.437352251987335,41.37300755830217,2.130776302751388,20.198528450017932,75.1761828021209,8.170723973475281,0.0,3,1,1,17,False,False,night
2023-01-17 04:00:00,LOC_3,Mixed,141,39.848309751450806,41.37300755830217,2.130776302751388,17.148026999258924,71.77331286179626,7.0300756055977205,1.7078240804053528,4,1,1,17,False,False,night
2023-01-17 05:00:00,LOC_3,Mixed,141,34.11336470221934,41.37300755830217,2.130776302751388,13.064734018103808,70.34213416468953,7.657591345167263,4.108476337871201,5,1,1,17,False,False,night
2023-01-17 06:00:00,LOC_3,Mixed,141,49.89769233579992,41.37300755830217,2.130776302751388,11.634013369355776,77.9587504173368,8.530644463192148,0.0,6,1,1,17,False,False,morning
2023-01-17 07:00:00,LOC_3,Mixed,141,32.19221527638948,41.37300755830217,2.130776302751388,13.92207201774756,80.07088509515411,5.948039920929922,0.0,7,1,1,17,False,False,morning
2023-01-17 08:00:00,LOC_3,Mixed,141,50.78644816713999,41.37300755830217,2.130776302751388,10.134288043389457,68.31245200945355,6.379145468044707,0.0,8,1,1,17,False,False,morning
2023-01-17 09:00:00,LOC_3,Mixed,141,46.233360653814664,41.37300755830217,2.130776302751388,16.61493308144514,77.08296924977643,6.740057163029294,0.0,9,1,1,17,False,False,morning
2023-01-17 10:00:00,LOC_3,Mixed,141,54.93840574733906,41.37300755830217,2.130776302751388,15.817286696408614,76.5890508016224,6.823191230394141,0.0,10,1,1,17,False,False,morning
2023-01-17 11:00:00,LOC_3,Mixed,141,55.05508166225477,41.37300755830217,2.130776302751388,13.321535621863973,69.99240863105327,6.792147392197862,0.0,11,1,1,17,False,False,morning
2023-01-17 12:00:00,LOC_3,Mixed,141,66.67730974279024,41.37300755830217,2.130776302751388,11.876037693810407,76.27392056257378,8.283294358068098,0.0,12,1,1,17,False,False,afternoon
2023-01-17 13:00:00,LOC_3,Mixed,141,63.4482873452337,41.37300755830217,2.130776302751388,19.22284075312205,66.21953005525492,7.703936179461334,0.612358279543819,13,1,1,17,False,False,afternoon
2023-01-17 14:00:00,LOC_3,Mixed,141,70.70232204077122,41.37300755830217,2.130776302751388,17.586994572894096,64.99573374055906,7.386930494951978,0.0,14,1,1,17,False,False,afternoon
2023-01-17 15:00:00,LOC_3,Mixed,141,89.33183055805453,41.37300755830217,2.130776302751388,21.59268369719716,60.900538732080186,6.492709323135872,0.0,15,1,1,17,False,False,afternoon
2023-01-17 16:00:00,LOC_3,Mixed,141,45.496870055726504,41.37300755830217,2.130776302751388,17.14098066218969,59.41822327835049,8.037338348619569,0.0,16,1,1,17,False,False,afternoon
2023-01-17 17:00:00,LOC_3,Mixed,141,84.64593040886315,41.37300755830217,2.130776302751388,20.173498516007353,51.774127441694205,8.4325244656514,0.0,17,1,1,17,False,False,afternoon
2023-01-17 18:00:00,LOC_3,Mixed,141,79.49752996292601,41.37300755830217,2.130776302751388,22.184206291168596,48.45230780356407,8.032313222212686,0.0,18,1,1,17,False,False,evening
2023-01-17 19:00:00,LOC_3,Mixed,141,82.40357873839208,41.37300755830217,2.130776302751388,22.77405794569882,62.61233179978618,5.574788840919219,0.0,19,1,1,17,False,False,evening
2023-01-17 20:00:00,LOC_3,Mixed,141,81.42447090181894,41.37300755830217,2.130776302751388,21.95721097122826,50.050509430034865,7.480672493387571,0.0,20,1,1,17,False,False,evening
2023-01-17 21:00:00,LOC_3,Mixed,141,70.39039113213657,41.37300755830217,2.130776302751388,23.939543727802082,49.65535052650429,5.726249090658651,0.0,21,1,1,17,False,False,evening
2023-01-17 22:00:00,LOC_3,Mixed,141,73.6145290546956,41.37300755830217,2.130776302751388,20.065972235770197,44.830623242910654,6.347038876123804,0.0,22,1,1,17,False,False,evening
2023-01-17 23:00:00,LOC_3,Mixed,141,61.80291382851215,41.37300755830217,2.130776302751388,21.128730878396215,53.978211564674886,5.754165289544528,0.0,23,1,1,17,False,False,evening
2023-01-18 00:00:00,LOC_3,Mixed,141,59.71392052733322,41.37300755830217,2.130776302751388,20.62541559222989,52.614902375350326,7.388351224609381,0.0,0,2,1,18,False,False,night
2023-01-18 01:00:00,LOC_3,Mixed,141,44.15396461886304,41.37300755830217,2.130776302751388,20.21466412460986,69.83850288769712,7.638107986673772,0.0,1,2,1,18,False,False,night
2023-01-18 02:00:00,LOC_3,Mixed,141,62.59454029433358,41.37300755830217,2.130776302751388,19.321786401672103,69.25197215572453,5.923174243296581,0.0,2,2,1,18,False,False,night
2023-01-18 03:00:00,LOC_3,Mixed,141,29.574956224637543,41.37300755830217,2.130776302751388,14.362041159629467,63.336597587500975,6.7326007628985005,0.0,3,2,1,18,False,False,night
2023-01-18 04:00:00,LOC_3,Mixed,141,32.97143371923587,41.37300755830217,2.130776302751388,12.344054655947755,80.43761303188354,6.951166126350426,0.0,4,2,1,18,False,False,night
2023-01-18 05:00:00,LOC_3,Mixed,141,52.19659857398068,41.37300755830217,2.130776302751388,16.93896366563173,76.14160739128855,6.690987850836239,0.0,5,2,1,18,False,False,night
2023-01-18 06:00:00,LOC_3,Mixed,141,36.94409171022333,41.37300755830217,2.130776302751388,14.260504361370474,71.1840904076343,5.948275672722276,0.0,6,2,1,18,False,False,morning
2023-01-18 07:00:00,LOC_3,Mixed,141,38.28297033780026,41.37300755830217,2.130776302751388,11.606259075029762,61.29650712934641,6.843415626480067,0.0,7,2,1,18,False,False,morning
2023-01-18 08:00:00,LOC_3,Mixed,141,53.49733986597365,41.37300755830217,2.130776302751388,16.042021645048536,85.57527747494672,7.8414776822259515,0.0,8,2,1,18,False,False,morning
2023-01-18 09:00:00,LOC_3,Mixed,141,37.320973848137555,41.37300755830217,2.130776302751388,13.348292733192359,66.81825073696874,5.802337512810163,0.0,9,2,1,18,False,False,morning
2023-01-18 10:00:00,LOC_3,Mixed,141,31.47688073493391,41.37300755830217,2.130776302751388,15.981893331412575,64.5264083386457,5.831225238687133,1.7351349921511565,10,2,1,18,False,False,morning
2023-01-18 11:00:00,LOC_3,Mixed,141,67.11473825764067,41.37300755830217,2.130776302751388,14.55978090583057,76.2633642740275,6.656369445296571,0.0,11,2,1,18,False,False,morning
2023-01-18 12:00:00,LOC_3,Mixed,141,55.514425082167286,41.37300755830217,2.130776302751388,19.58862404249888,81.26450564622655,8.418602773403755,0.0,12,2,1,18,False,False,afternoon
2023-01-18 13:00:00,LOC_3,Mixed,141,57.296140902750146,41.37300755830217,2.130776302751388,20.190563469432128,73.56160052346117,7.600513342180406,0.0,13,2,1,18,False,False,afternoon
2023-01-18 14:00:00,LOC_3,Mixed,141,87.07292801684734,41.37300755830217,2.130776302751388,17.48289600043176,66.85789700548199,7.632174729495676,0.0,14,2,1,18,False,False,afternoon
2023-01-18 15:00:00,LOC_3,Mixed,141,86.93861199891953,41.37300755830217,2.130776302751388,21.22490717862832,64.41024115488722,6.683293982754996,0.0,15,2,1,18,False,False,afternoon
2023-01-18 16:00:00,LOC_3,Mixed,141,80.81738513941733,41.37300755830217,2.130776302751388,21.78526616715805,63.27804925792603,7.379885227223166,0.0,16,2,1,18,False,False,afternoon
2023-01-18 17:00:00,LOC_3,Mixed,141,77.58210739256891,41.37300755830217,2.130776302751388,24.2741539652085,60.720861248646216,5.630664940925444,0.0,17,2,1,18,False,False,afternoon
2023-01-18 18:00:00,LOC_3,Mixed,141,93.9801111092319,41.37300755830217,2.130776302751388,20.40847817411866,56.729306929289145,7.509927754499961,0.0,18,2,1,18,False,False,evening
2023-01-18 19:00:00,LOC_3,Mixed,141,70.62239914136188,41.37300755830217,2.130776302751388,24.2167697123473,54.83167193505853,8.342868374909727,0.0,19,2,1,18,False,False,evening
2023-01-18 20:00:00,LOC_3,Mixed,141,96.53803575926942,41.37300755830217,2.130776302751388,25.138724668036772,53.64328297182719,7.442095543901978,0.0,20,2,1,18,False,False,evening
2023-01-18 21:00:00,LOC_3,Mixed,141,75.66459087089166,41.37300755830217,2.130776302751388,19.340862331735444,50.51349444650327,8.226838215026302,0.0,21,2,1,18,False,False,evening
2023-01-18 22:00:00,LOC_3,Mixed,141,72.28668650519941,41.37300755830217,2.130776302751388,19.99915708737483,53.86527639025337,7.7790285851551175,0.0,22,2,1,18,False,False,evening
2023-01-18 23:00:00,LOC_3,Mixed,141,65.95101794102092,41.37300755830217,2.130776302751388,17.499450003177405,48.379387211627865,5.970151339764044,0.0,23,2,1,18,False,False,evening
2023-01-19 00:00:00,LOC_3,Mixed,141,66.06345441265383,41.37300755830217,2.130776302751388,20.010398577673776,58.40987737290047,8.317202371170104,0.0,0,3,1,19,False,False,night
2023-01-19 01:00:00,LOC_3,Mixed,141,47.79748134355369,41.37300755830217,2.130776302751388,20.785222208768097,56.35676906989307,5.810540027400038,0.0,1,3,1,19,False,False,night
2023-01-19 02:00:00,LOC_3,Mixed,141,46.74457791060904,41.37300755830217,2.130776302751388,21.067585228745084,58.35631116481509,7.2144766425538975,0.0,2,3,1,19,False,False,night
2023-01-19 03:00:00,LOC_3,Mixed,141,46.0952900427773,41.37300755830217,2.130776302751388,16.923792537045145,67.3482648033562,6.040351011724013,0.0,3,3,1,19,False,False,night
2023-01-19 04:00:00,LOC_3,Mixed,141,44.84061875929517,41.37300755830217,2.130776302751388,18.833754790789406,75.80696403242933,5.650424572122077,0.0,4,3,1,19,False,False,night
2023-01-19 05:00:00,LOC_3,Mixed,141,32.95740193521087,41.37300755830217,2.130776302751388,11.787610792464939,75.49595561222212,6.88277230334841,0.0,5,3,1,19,False,False,night
2023-01-19 06:00:00,LOC_3,Mixed,141,39.48235131860356,41.37300755830217,2.130776302751388,10.35327804611697,64.62741113222955,6.5031561117123635,0.9488031683082929,6,3,1,19,False,False,morning
2023-01-19 07:00:00,LOC_3,Mixed,141,37.950485516580365,41.37300755830217,2.130776302751388,13.156266153664477,68.51713621423289,7.07739961797342,0.0,7,3,1,19,False,False,morning
2023-01-19 08:00:00,LOC_3,Mixed,141,34.950164028131056,41.37300755830217,2.130776302751388,13.871940726657813,78.49623628238268,7.352361625959492,0.0,8,3,1,19,False,False,morning
2023-01-19 09:00:00,LOC_3,Mixed,141,57.37860610156083,41.37300755830217,2.130776302751388,13.215608750236214,68.52556653945966,5.75334269250079,0.0,9,3,1,19,False,False,morning
2023-01-19 10:00:00,LOC_3,Mixed,141,38.02538366114513,41.37300755830217,2.130776302751388,9.652432107665367,71.30220163452464,5.992498550704699,0.0,10,3,1,19,False,False,morning
2023-01-19 11:00:00,LOC_3,Mixed,141,61.563864637315376,41.37300755830217,2.130776302751388,14.410483686707076,73.57281296365746,7.3007787236843535,0.0,11,3,1,19,False,False,morning
2023-01-19 12:00:00,LOC_3,Mixed,141,66.00084718814728,41.37300755830217,2.130776302751388,13.02213140834856,63.896136906965296,6.655716141389627,0.0,12,3,1,19,False,False,afternoon
2023-01-19 13:00:00,LOC_3,Mixed,141,61.75481410463862,41.37300755830217,2.130776302751388,18.18313140838853,66.8393049092729,7.815096769896555,0.0,13,3,1,19,False,False,afternoon
2023-01-19 14:00:00,LOC_3,Mixed,141,76.98329337487142,41.37300755830217,2.130776302751388,18.877887541003407,57.04049042778956,7.585813155537762,0.0,14,3,1,19,False,False,afternoon
2023-01-19 15:00:00,LOC_3,Mixed,141,82.12148645156924,41.37300755830217,2.130776302751388,17.565834596418906,58.1019734420967,8.167112877681923,0.0,15,3,1,19,False,False,afternoon
2023-01-19 16:00:00,LOC_3,Mixed,141,76.65908185963997,41.37300755830217,2.130776302751388,19.63057138231918,60.28229923672755,7.709139523406189,0.0,16,3,1,19,False,False,afternoon
2023-01-19 17:00:00,LOC_3,Mixed,141,74.20587927374115,41.37300755830217,2.130776302751388,19.582216727757658,48.63374378927053,6.922815205291009,0.0,17,3,1,19,False,False,afternoon
2023-01-19 18:00:00,LOC_3,Mixed,141,84.39433105293698,41.37300755830217,2.130776302751388,22.376681710266908,57.19829388017549,7.653282444361509,0.0,18,3,1,19,False,False,evening
2023-01-19 19:00:00,LOC_3,Mixed,141,73.00574055126415,41.37300755830217,2.130776302751388,24.918628046805217,53.885124193761115,6.461886377637735,0.0,19,3,1,19,False,False,evening
2023-01-19 20:00:00,LOC_3,Mixed,141,77.28442138412348,41.37300755830217,2.130776302751388,21.21406193483171,56.39142171708014,6.556043301835198,0.0,20,3,1,19,False,False,evening
2023-01-19 21:00:00,LOC_3,Mixed,141,75.16547587750652,41.37300755830217,2.130776302751388,24.030034304310085,55.07568812377451,8.00541790812819,0.0,21,3,1,19,False,False,evening
2023-01-19 22:00:00,LOC_3,Mixed,141,79.90493012601996,41.37300755830217,2.130776302751388,21.46872039601613,61.7622308843472,6.97908027197251,0.0,22,3,1,19,False,False,evening
2023-01-19 23:00:00,LOC_3,Mixed,141,64.88722429113506,41.37300755830217,2.130776302751388,20.15569168144362,57.14324782130292,8.03632170956217,0.0,23,3,1,19,False,False,evening
2023-01-20 00:00:00,LOC_3,Mixed,141,67.75715301974022,41.37300755830217,2.130776302751388,20.498635897014527,56.42757906052645,8.109806444389564,0.0,0,4,1,20,False,False,night
2023-01-20 01:00:00,LOC_3,Mixed,141,34.72868228530207,41.37300755830217,2.130776302751388,17.443098721682084,61.58432078211976,8.216584641185497,0.0,1,4,1,20,False,False,night
2023-01-20 02:00:00,LOC_3,Mixed,141,43.56447085561088,41.37300755830217,2.130776302751388,17.11897939810099,66.26393412759123,8.395161309282694,0.0,2,4,1,20,False,False,night
2023-01-20 03:00:00,LOC_3,Mixed,141,38.4367629017493,41.37300755830217,2.130776302751388,14.543215206101605,66.36635836906991,6.9395689048982705,0.0,3,4,1,20,False,False,night
2023-01-20 04:00:00,LOC_3,Mixed,141,56.34225583044087,41.37300755830217,2.130776302751388,19.669303027338405,68.72325293300815,6.604571007264542,0.0,4,4,1,20,False,False,night
2023-01-20 05:00:00,LOC_3,Mixed,141,59.79124397370842,41.37300755830217,2.130776302751388,14.781630837455827,67.06783409394147,7.395923767671364,0.0,5,4,1,20,False,False,night
2023-01-20 06:00:00,LOC_3,Mixed,141,38.17996848736712,41.37300755830217,2.130776302751388,12.523842812212436,68.83890775585004,6.764201439736843,0.0,6,4,1,20,False,False,morning
2023-01-20 07:00:00,LOC_3,Mixed,141,31.393180672273168,41.37300755830217,2.130776302751388,13.858533071063128,66.12582714181217,7.455262976608703,0.0,7,4,1,20,False,False,morning
2023-01-20 08:00:00,LOC_3,Mixed,141,44.64079292695751,41.37300755830217,2.130776302751388,13.042326138335282,82.2139192405008,7.770154035474862,0.0,8,4,1,20,False,False,morning
2023-01-20 09:00:00,LOC_3,Mixed,141,51.13938153995136,41.37300755830217,2.130776302751388,13.002192083150808,66.89242125860908,7.719967138208929,0.0,9,4,1,20,False,False,morning
2023-01-20 10:00:00,LOC_3,Mixed,141,59.54956577390428,41.37300755830217,2.130776302751388,15.17874328655454,68.63465423808509,6.779766042138341,0.0,10,4,1,20,False,False,morning
2023-01-20 11:00:00,LOC_3,Mixed,141,53.909839893478726,41.37300755830217,2.130776302751388,16.266793223574446,66.90440806519433,6.158042946978774,0.0,11,4,1,20,False,False,morning
2023-01-20 12:00:00,LOC_3,Mixed,141,45.147358360791635,41.37300755830217,2.130776302751388,14.733082527024248,72.8864522402316,6.950404979835683,0.0,12,4,1,20,False,False,afternoon
2023-01-20 13:00:00,LOC_3,Mixed,141,60.566993892926,41.37300755830217,2.130776302751388,15.85512453360161,64.51172957875792,6.08795368032644,0.0,13,4,1,20,False,False,afternoon
2023-01-20 14:00:00,LOC_3,Mixed,141,61.51536179071737,41.37300755830217,2.130776302751388,17.757522566100473,69.62345844256114,8.331816297632177,2.1731525955061657,14,4,1,20,False,False,afternoon
2023-01-20 15:00:00,LOC_3,Mixed,141,68.00582119649711,41.37300755830217,2.130776302751388,15.004646874804553,57.41556847022921,6.700511177966196,0.0,15,4,1,20,False,False,afternoon
2023-01-20 16:00:00,LOC_3,Mixed,141,91.01445776306886,41.37300755830217,2.130776302751388,17.79077816760267,59.75265022711946,6.127611300069926,0.0,16,4,1,20,False,False,afternoon
2023-01-20 17:00:00,LOC_3,Mixed,141,70.94214350866822,41.37300755830217,2.130776302751388,24.597207337454517,52.09634712857028,5.7419282590437986,0.0,17,4,1,20,False,False,afternoon
2023-01-20 18:00:00,LOC_3,Mixed,141,73.57406741671295,41.37300755830217,2.130776302751388,25.95475023510663,65.39611602265882,7.604404716695826,0.0,18,4,1,20,False,False,evening
2023-01-20 19:00:00,LOC_3,Mixed,141,83.24400115482044,41.37300755830217,2.130776302751388,22.673006018500537,47.71985170962585,7.57899674559782,0.0,19,4,1,20,False,False,evening
2023-01-20 20:00:00,LOC_3,Mixed,141,80.6365155191946,41.37300755830217,2.130776302751388,24.501322350224157,54.85268670290989,6.6914541845664,0.0,20,4,1,20,False,False,evening
2023-01-20 21:00:00,LOC_3,Mixed,141,97.60578201766604,41.37300755830217,2.130776302751388,23.807095600070834,56.79969382269297,5.886128898450637,0.0,21,4,1,20,False,False,evening
2023-01-20 22:00:00,LOC_3,Mixed,141,70.60118697391894,41.37300755830217,2.130776302751388,28.849610804801422,56.6852971114756,6.901231118479446,0.0,22,4,1,20,False,False,evening
2023-01-20 23:00:00,LOC_3,Mixed,141,52.269429578039706,41.37300755830217,2.130776302751388,24.14316017772981,55.26554099589014,6.607347774975765,0.0,23,4,1,20,False,False,evening
2023-01-21 00:00:00,LOC_3,Mixed,141,71.11579880834671,41.37300755830217,2.130776302751388,20.6193938129796,57.600438509450605,7.706407718393255,0.0,0,5,1,21,True,False,night
2023-01-21 01:00:00,LOC_3,Mixed,141,36.64145002028016,41.37300755830217,2.130776302751388,17.764994150846213,60.86690729580142,7.493733709664964,0.0,1,5,1,21,True,False,night
2023-01-21 02:00:00,LOC_3,Mixed,141,50.01333356171468,41.37300755830217,2.130776302751388,15.175836236719748,62.48753223738777,6.771526960039599,0.0,2,5,1,21,True,False,night
2023-01-21 03:00:00,LOC_3,Mixed,141,35.112415697785366,41.37300755830217,2.130776302751388,17.508308250792137,70.61663362585917,6.33277290367903,0.0,3,5,1,21,True,False,night
2023-01-21 04:00:00,LOC_3,Mixed,141,46.508281091586795,41.37300755830217,2.130776302751388,14.38952029450084,79.24817143781786,8.644552255480663,0.0,4,5,1,21,True,False,night
2023-01-21 05:00:00,LOC_3,Mixed,141,37.20039209236301,41.37300755830217,2.130776302751388,12.028924290133922,67.46567765630229,7.0437979866407465,0.0,5,5,1,21,True,False,night
2023-01-21 06:00:00,LOC_3,Mixed,141,19.12355349221036,41.37300755830217,2.130776302751388,12.792434904271307,64.97982375659188,7.747964245676423,0.0,6,5,1,21,True,False,morning
2023-01-21 07:00:00,LOC_3,Mixed,141,24.396716016484827,41.37300755830217,2.130776302751388,11.429722872176427,72.3729519994333,6.106148504905194,0.0,7,5,1,21,True,False,morning
2023-01-21 08:00:00,LOC_3,Mixed,141,36.229263556387195,41.37300755830217,2.130776302751388,16.803469839455524,86.0401735496508,7.142606412840272,2.465818778071359,8,5,1,21,True,False,morning
2023-01-21 09:00:00,LOC_3,Mixed,141,37.44443182362802,41.37300755830217,2.130776302751388,15.369573746044907,68.76903869585934,5.7697948323266655,0.0,9,5,1,21,True,False,morning
2023-01-21 10:00:00,LOC_3,Mixed,141,43.5604504798704,41.37300755830217,2.130776302751388,14.096586088672172,79.97052128460952,7.204897031776871,0.0,10,5,1,21,True,False,morning
2023-01-21 11:00:00,LOC_3,Mixed,141,24.82576357337947,41.37300755830217,2.130776302751388,17.873746017601576,78.56078859073915,8.581930550503959,0.0,11,5,1,21,True,False,morning
2023-01-21 12:00:00,LOC_3,Mixed,141,47.62138681892037,41.37300755830217,2.130776302751388,16.110859742002567,65.31981253804537,6.843844764298868,0.7217430582178053,12,5,1,21,True,False,afternoon
2023-01-21 13:00:00,LOC_3,Mixed,141,20.481148685856105,41.37300755830217,2.130776302751388,15.446189201454612,68.5074001877041,5.809558603649483,0.0,13,5,1,21,True,False,afternoon
2023-01-21 14:00:00,LOC_3,Mixed,141,39.60085946177805,41.37300755830217,2.130776302751388,21.51582890558064,71.20282161356003,5.786783522966296,0.0,14,5,1,21,True,False,afternoon
2023-01-21 15:00:00,LOC_3,Mixed,141,55.92353521142894,41.37300755830217,2.130776302751388,20.84822220038076,58.56355706903968,6.859221657340377,0.0,15,5,1,21,True,False,afternoon
2023-01-21 16:00:00,LOC_3,Mixed,141,72.04390401158378,41.37300755830217,2.130776302751388,18.90853892688304,57.016035728416284,6.176681056496773,0.0,16,5,1,21,True,False,afternoon
2023-01-21 17:00:00,LOC_3,Mixed,141,59.27334247217371,41.37300755830217,2.130776302751388,21.64461034145879,53.04102003500477,5.768007047323211,0.0,17,5,1,21,True,False,afternoon
2023-01-21 18:00:00,LOC_3,Mixed,141,72.07642012049294,41.37300755830217,2.130776302751388,21.075365064664965,49.27301320366671,7.967935752352988,0.0,18,5,1,21,True,False,evening
2023-01-21 19:00:00,LOC_3,Mixed,141,76.50955329827902,41.37300755830217,2.130776302751388,20.56722318405212,50.08796698270837,7.076207729552762,0.0,19,5,1,21,True,False,evening
2023-01-21 20:00:00,LOC_3,Mixed,141,86.0684628426792,41.37300755830217,2.130776302751388,25.362265769369415,46.86047731757645,6.56971645077919,0.0,20,5,1,21,True,False,evening
2023-01-21 21:00:00,LOC_3,Mixed,141,80.24222232042541,41.37300755830217,2.130776302751388,27.16508844075421,53.47790702166823,8.403574754723163,0.0,21,5,1,21,True,False,evening
2023-01-21 22:00:00,LOC_3,Mixed,141,60.412262214588566,41.37300755830217,2.130776302751388,20.056331444552022,50.443200660326184,6.0530847952552,0.0,22,5,1,21,True,False,evening
2023-01-21 23:00:00,LOC_3,Mixed,141,75.57824055158513,41.37300755830217,2.130776302751388,23.191523684864663,57.03775913598669,8.573766747976114,0.0,23,5,1,21,True,False,evening
2023-01-22 00:00:00,LOC_3,Mixed,141,68.65148521478625,41.37300755830217,2.130776302751388,19.735476083520062,50.14699932545443,6.649252396484802,0.0,0,6,1,22,True,False,night
2023-01-22 01:00:00,LOC_3,Mixed,141,62.43044141394892,41.37300755830217,2.130776302751388,18.86331377643813,61.979272073137246,8.373904880617028,0.0,1,6,1,22,True,False,night
2023-01-22 02:00:00,LOC_3,Mixed,141,57.75260094448234,41.37300755830217,2.130776302751388,17.365387743695607,67.06729362369794,7.518863747873054,0.0,2,6,1,22,True,False,night
2023-01-22 03:00:00,LOC_3,Mixed,141,29.75209154976522,41.37300755830217,2.130776302751388,15.534803274596655,55.50575215923015,8.19149808711824,0.0,3,6,1,22,True,False,night
2023-01-22 04:00:00,LOC_3,Mixed,141,48.43098217650094,41.37300755830217,2.130776302751388,16.16062591278204,69.7431175354531,8.66475602100987,0.0,4,6,1,22,True,False,night
2023-01-22 05:00:00,LOC_3,Mixed,141,33.19940639323534,41.37300755830217,2.130776302751388,13.37284930224079,76.06884589224073,6.579273001655357,0.0,5,6,1,22,True,False,night
2023-01-22 06:00:00,LOC_3,Mixed,141,30.843789759632703,41.37300755830217,2.130776302751388,14.787769020968735,65.45808416772584,8.598802933889031,0.0,6,6,1,22,True,False,morning
2023-01-22 07:00:00,LOC_3,Mixed,141,31.46694228299053,41.37300755830217,2.130776302751388,13.653574145109387,80.8547612061732,6.885181583797861,0.02610745173687319,7,6,1,22,True,False,morning
2023-01-22 08:00:00,LOC_3,Mixed,141,11.49540891087052,41.37300755830217,2.130776302751388,13.112478665182632,74.91434552899932,6.874610665993858,0.0,8,6,1,22,True,False,morning
2023-01-22 09:00:00,LOC_3,Mixed,141,10.847472851459836,41.37300755830217,2.130776302751388,11.95231171974563,68.94006263355031,6.7405749478183505,0.0,9,6,1,22,True,False,morning
2023-01-22 10:00:00,LOC_3,Mixed,141,11.058440209863257,41.37300755830217,2.130776302751388,13.120090061026785,71.17388916738457,7.344974770259883,0.0,10,6,1,22,True,False,morning
2023-01-22 11:00:00,LOC_3,Mixed,141,30.61424607687932,41.37300755830217,2.130776302751388,16.585697998626113,72.6418034686594,6.184525020116929,0.0,11,6,1,22,True,False,morning
2023-01-22 12:00:00,LOC_3,Mixed,141,39.9497483074325,41.37300755830217,2.130776302751388,17.118971682546437,68.14575234246671,7.384561917533568,0.0,12,6,1,22,True,False,afternoon
2023-01-22 13:00:00,LOC_3,Mixed,141,48.15287563827495,41.37300755830217,2.130776302751388,15.374617585706305,68.03432381162503,7.349879097393214,0.0,13,6,1,22,True,False,afternoon
2023-01-22 14:00:00,LOC_3,Mixed,141,37.24049965003153,41.37300755830217,2.130776302751388,18.829172040881126,58.13561717455782,8.011806923819144,0.0,14,6,1,22,True,False,afternoon
2023-01-22 15:00:00,LOC_3,Mixed,141,56.258178687476665,41.37300755830217,2.130776302751388,21.434059163735128,60.984234286197285,8.228387824108546,0.0,15,6,1,22,True,False,afternoon
2023-01-22 16:00:00,LOC_3,Mixed,141,60.49107900309729,41.37300755830217,2.130776302751388,17.805059519504333,50.64368735198095,7.050098067286687,0.0,16,6,1,22,True,False,afternoon
2023-01-22 17:00:00,LOC_3,Mixed,141,66.40421114942863,41.37300755830217,2.130776302751388,23.272802888082875,55.07170468661049,6.637109467532534,0.0,17,6,1,22,True,False,afternoon
2023-01-22 18:00:00,LOC_3,Mixed,141,71.01551768124179,41.37300755830217,2.130776302751388,21.66210473600319,49.505757284886286,6.509449738945821,0.0,18,6,1,22,True,False,evening
2023-01-22 19:00:00,LOC_3,Mixed,141,95.04305264761211,41.37300755830217,2.130776302751388,24.634726459691148,49.33529204204151,6.316651508326514,0.0,19,6,1,22,True,False,evening
2023-01-22 20:00:00,LOC_3,Mixed,141,91.05340830563112,41.37300755830217,2.130776302751388,22.144054549131727,58.839320151618665,5.907057319040427,0.0,20,6,1,22,True,False,evening
2023-01-22 21:00:00,LOC_3,Mixed,141,64.6992998651287,41.37300755830217,2.130776302751388,19.89710877512789,58.44280465005749,6.762792705506458,0.0,21,6,1,22,True,False,evening
2023-01-22 22:00:00,LOC_3,Mixed,141,65.4226742589093,41.37300755830217,2.130776302751388,19.758955079167887,57.01761069466746,6.547525663594754,0.0,22,6,1,22,True,False,evening
2023-01-22 23:00:00,LOC_3,Mixed,141,66.52928902884251,41.37300755830217,2.130776302751388,22.322283931042566,50.0862081011975,8.637368183956635,0.0,23,6,1,22,True,False,evening
2023-01-23 00:00:00,LOC_3,Mixed,141,48.97909570204349,41.37300755830217,2.130776302751388,21.716690432349694,56.02346689371253,7.412575564531478,0.0,0,0,1,23,False,False,night
2023-01-23 01:00:00,LOC_3,Mixed,141,54.28582934163722,41.37300755830217,2.130776302751388,18.18937079924577,66.06948040098675,6.78261288187992,0.0,1,0,1,23,False,False,night
2023-01-23 02:00:00,LOC_3,Mixed,141,42.54763209508782,41.37300755830217,2.130776302751388,19.987755231019523,63.28744394126998,7.4835168656740425,0.0,2,0,1,23,False,False,night
2023-01-23 03:00:00,LOC_3,Mixed,141,56.544104610488986,41.37300755830217,2.130776302751388,14.100094543997512,76.75037836283761,6.161036082846693,0.0,3,0,1,23,False,False,night
2023-01-23 04:00:00,LOC_3,Mixed,141,55.23293899109672,41.37300755830217,2.130776302751388,16.091727964971046,69.51881407244049,7.0769087600597445,0.0,4,0,1,23,False,False,night
2023-01-23 05:00:00,LOC_3,Mixed,141,34.24160410797824,41.37300755830217,2.130776302751388,12.772977009234953,70.57022676493042,7.624811627201712,0.0,5,0,1,23,False,False,night
2023-01-23 06:00:00,LOC_3,Mixed,141,41.489812358582725,41.37300755830217,2.130776302751388,13.103397913378174,69.6402774210225,7.214132924958292,0.0,6,0,1,23,False,False,morning
2023-01-23 07:00:00,LOC_3,Mixed,141,43.05015590199359,41.37300755830217,2.130776302751388,14.009017269666296,72.83926466984448,6.954106213658734,0.0,7,0,1,23,False,False,morning
2023-01-23 08:00:00,LOC_3,Mixed,141,31.906455114678845,41.37300755830217,2.130776302751388,12.029672312424909,71.73665273211165,8.731644975297657,0.0,8,0,1,23,False,False,morning
2023-01-23 09:00:00,LOC_3,Mixed,141,51.438311038023734,41.37300755830217,2.130776302751388,13.158406878120571,75.68550745028251,8.392373706051893,0.0,9,0,1,23,False,False,morning
2023-01-23 10:00:00,LOC_3,Mixed,141,49.243063245105965,41.37300755830217,2.130776302751388,16.44625181966358,75.91617918150352,7.622976518509699,0.0,10,0,1,23,False,False,morning
2023-01-23 11:00:00,LOC_3,Mixed,141,56.76223589576325,41.37300755830217,2.130776302751388,14.08111976098861,65.60024569739043,7.462219564740377,0.0,11,0,1,23,False,False,morning
2023-01-23 12:00:00,LOC_3,Mixed,141,56.311782268014035,41.37300755830217,2.130776302751388,17.94846387616993,60.7896759281318,7.617397369881681,0.0,12,0,1,23,False,False,afternoon
2023-01-23 13:00:00,LOC_3,Mixed,141,77.0872964163203,41.37300755830217,2.130776302751388,15.230211020127896,55.839723675597256,6.360680314458447,0.0,13,0,1,23,False,False,afternoon
2023-01-23 14:00:00,LOC_3,Mixed,141,74.46010524696021,41.37300755830217,2.130776302751388,19.849966667130303,64.95924001196325,6.943484892052903,0.0,14,0,1,23,False,False,afternoon
2023-01-23 15:00:00,LOC_3,Mixed,141,71.77976466567262,41.37300755830217,2.130776302751388,22.974227184484892,54.300987082792446,5.8777775422039955,0.0,15,0,1,23,False,False,afternoon
2023-01-23 16:00:00,LOC_3,Mixed,141,73.13807831700618,41.37300755830217,2.130776302751388,16.36034017035724,46.62828869401395,7.187363946582844,0.0,16,0,1,23,False,False,afternoon
2023-01-23 17:00:00,LOC_3,Mixed,141,66.48041075150599,41.37300755830217,2.130776302751388,20.752005061744356,57.251301877284206,7.391126085223504,0.0,17,0,1,23,False,False,afternoon
2023-01-23 18:00:00,LOC_3,Mixed,141,87.37024470200352,41.37300755830217,2.130776302751388,24.301163475949863,66.17095914398638,6.446627648842947,0.0,18,0,1,23,False,False,evening
2023-01-23 19:00:00,LOC_3,Mixed,141,60.01447186676601,41.37300755830217,2.130776302751388,23.24705913430209,52.66334562952438,8.656790696485087,0.0,19,0,1,23,False,False,evening
2023-01-23 20:00:00,LOC_3,Mixed,141,87.11104869040025,41.37300755830217,2.130776302751388,24.572439126913487,56.53215911191647,8.4943933088459,0.0,20,0,1,23,False,False,evening
2023-01-23 21:00:00,LOC_3,Mixed,141,56.898590040748765,41.37300755830217,2.130776302751388,22.45843077295557,53.0763444999634,7.9337841093560915,0.0,21,0,1,23,False,False,evening
2023-01-23 22:00:00,LOC_3,Mixed,141,69.26412953886543,41.37300755830217,2.130776302751388,23.346701269715624,53.15850834450464,7.368838821465614,0.0,22,0,1,23,False,False,evening
2023-01-23 23:00:00,LOC_3,Mixed,141,78.07772917676361,41.37300755830217,2.130776302751388,22.074194794629634,59.82428388411125,8.379910550839266,0.0,23,0,1,23,False,False,evening
2023-01-24 00:00:00,LOC_3,Mixed,141,56.37030187246539,41.37300755830217,2.130776302751388,23.692198185755686,55.8353591541846,6.163283843957602,0.0,0,1,1,24,False,False,night
2023-01-24 01:00:00,LOC_3,Mixed,141,48.39200000619845,41.37300755830217,2.130776302751388,20.666187693422646,61.022269556719074,8.144179539086178,0.0,1,1,1,24,False,False,night
2023-01-24 02:00:00,LOC_3,Mixed,141,53.45156449028106,41.37300755830217,2.130776302751388,19.54507083684206,63.86875800559675,6.148435544438876,0.8875872005714681,2,1,1,24,False,False,night
2023-01-24 03:00:00,LOC_3,Mixed,141,41.87353882536347,41.37300755830217,2.130776302751388,16.758629095427644,61.4947816764396,8.157927638285253,0.0,3,1,1,24,False,False,night
2023-01-24 04:00:00,LOC_3,Mixed,141,31.11152907192456,41.37300755830217,2.130776302751388,15.407876551241213,72.19403374891021,6.6039205046313105,0.0,4,1,1,24,False,False,night
2023-01-24 05:00:00,LOC_3,Mixed,141,35.00401663783618,41.37300755830217,2.130776302751388,14.489047466321763,68.41687353260095,8.409211292633316,0.0,5,1,1,24,False,False,night
2023-01-24 06:00:00,LOC_3,Mixed,141,44.02703195842035,41.37300755830217,2.130776302751388,15.35508176114228,67.0889192497644,8.61138718053777,0.0,6,1,1,24,False,False,morning
2023-01-24 07:00:00,LOC_3,Mixed,141,47.336904791347415,41.37300755830217,2.130776302751388,13.231311145143838,74.5359890042833,6.226969755861288,1.2359412760671196,7,1,1,24,False,False,morning
2023-01-24 08:00:00,LOC_3,Mixed,141,61.05230044682786,41.37300755830217,2.130776302751388,14.48906168705416,67.68863614452215,7.169929209848448,0.0,8,1,1,24,False,False,morning
2023-01-24 09:00:00,LOC_3,Mixed,141,52.48392219424647,41.37300755830217,2.130776302751388,18.237285162851474,71.96793865572444,8.726184673889243,0.0,9,1,1,24,False,False,morning
2023-01-24 10:00:00,LOC_3,Mixed,141,54.92002644839341,41.37300755830217,2.130776302751388,16.334833794008894,70.76923624248796,7.23476458913298,0.0,10,1,1,24,False,False,morning
2023-01-24 11:00:00,LOC_3,Mixed,141,60.4462601054325,41.37300755830217,2.130776302751388,14.741727126783434,74.64192944691965,8.376504186954007,0.0,11,1,1,24,False,False,morning
2023-01-24 12:00:00,LOC_3,Mixed,141,52.136114365761465,41.37300755830217,2.130776302751388,18.838330610892555,69.50168563127043,7.553375119706893,0.05189674360981235,12,1,1,24,False,False,afternoon
2023-01-24 13:00:00,LOC_3,Mixed,141,52.30107001227423,41.37300755830217,2.130776302751388,16.832249439657737,64.5780648348726,6.914488806001494,0.0,13,1,1,24,False,False,afternoon
2023-01-24 14:00:00,LOC_3,Mixed,141,80.29454259646683,41.37300755830217,2.130776302751388,14.872836957250826,66.19065944078837,6.647167872098917,0.0,14,1,1,24,False,False,afternoon
2023-01-24 15:00:00,LOC_3,Mixed,141,64.7207101345598,41.37300755830217,2.130776302751388,18.23359721603112,66.45149806935471,6.400804195728927,0.0,15,1,1,24,False,False,afternoon
2023-01-24 16:00:00,LOC_3,Mixed,141,62.155072525090496,41.37300755830217,2.130776302751388,17.720677320012555,59.86452920763078,8.077846806545944,0.0,16,1,1,24,False,False,afternoon
2023-01-24 17:00:00,LOC_3,Mixed,141,88.16058011544101,41.37300755830217,2.130776302751388,21.80135261120095,55.04300394064977,6.95339065513925,0.0,17,1,1,24,False,False,afternoon
2023-01-24 18:00:00,LOC_3,Mixed,141,98.2889386397557,41.37300755830217,2.130776302751388,23.34239192012685,46.829708514753705,7.328912015167365,0.0,18,1,1,24,False,False,evening
2023-01-24 19:00:00,LOC_3,Mixed,141,73.29062712520252,41.37300755830217,2.130776302751388,27.164512323097934,47.0511562875284,7.273378153423951,0.0,19,1,1,24,False,False,evening
2023-01-24 20:00:00,LOC_3,Mixed,141,62.42964420462107,41.37300755830217,2.130776302751388,24.642441690323206,50.4967025926369,7.52955447625837,0.0,20,1,1,24,False,False,evening
2023-01-24 21:00:00,LOC_3,Mixed,141,84.76112685587599,41.37300755830217,2.130776302751388,23.386591340347415,49.3028541932733,8.395764090177618,0.0,21,1,1,24,False,False,evening
2023-01-24 22:00:00,LOC_3,Mixed,141,70.3942211890275,41.37300755830217,2.130776302751388,24.990675716182714,52.40141437744129,8.742565537728996,0.0,22,1,1,24,False,False,evening
2023-01-24 23:00:00,LOC_3,Mixed,141,70.78312771828622,41.37300755830217,2.130776302751388,18.121573032450865,55.19556232355227,7.0244145746282305,0.0,23,1,1,24,False,False,evening
2023-01-25 00:00:00,LOC_3,Mixed,141,50.52409095770491,41.37300755830217,2.130776302751388,21.986109008276863,59.61870398766419,8.285532744730855,0.0,0,2,1,25,False,False,night
2023-01-25 01:00:00,LOC_3,Mixed,141,50.75174034103147,41.37300755830217,2.130776302751388,21.857273587377506,59.0164197104974,8.097872978782346,0.0,1,2,1,25,False,False,night
2023-01-25 02:00:00,LOC_3,Mixed,141,67.15482662586541,41.37300755830217,2.130776302751388,16.07084149568891,64.37648024463383,7.526189651816438,0.0,2,2,1,25,False,False,night
2023-01-25 03:00:00,LOC_3,Mixed,141,45.286084199347734,41.37300755830217,2.130776302751388,20.02799078905591,64.8414066687665,8.67505701646673,0.0,3,2,1,25,False,False,night
2023-01-25 04:00:00,LOC_3,Mixed,141,45.268837082000225,41.37300755830217,2.130776302751388,17.2181326084211,57.0403875813661,6.409651505271664,0.0,4,2,1,25,False,False,night
2023-01-25 05:00:00,LOC_3,Mixed,141,47.597900134202995,41.37300755830217,2.130776302751388,14.681589845971288,64.27899168336045,6.13733254686999,0.0,5,2,1,25,False,False,night
2023-01-25 06:00:00,LOC_3,Mixed,141,35.39665893009565,41.37300755830217,2.130776302751388,15.989693996890349,69.83130169203636,8.37273735758626,0.0,6,2,1,25,False,False,morning
2023-01-25 07:00:00,LOC_3,Mixed,141,41.514065308093386,41.37300755830217,2.130776302751388,18.77256948590508,65.48915874520188,7.129612030249572,0.0,7,2,1,25,False,False,morning
2023-01-25 08:00:00,LOC_3,Mixed,141,17.76072044320026,41.37300755830217,2.130776302751388,14.43109894087499,74.86491078846502,8.354379848772782,0.7548961814804646,8,2,1,25,False,False,morning
2023-01-25 09:00:00,LOC_3,Mixed,141,37.8865623977446,41.37300755830217,2.130776302751388,14.74072990843289,79.16517669005405,8.494054189041757,0.0,9,2,1,25,False,False,morning
2023-01-25 10:00:00,LOC_3,Mixed,141,49.6477590382525,41.37300755830217,2.130776302751388,13.831618389927165,76.59312888047128,6.003466222443183,0.8486224532681885,10,2,1,25,False,False,morning
2023-01-25 11:00:00,LOC_3,Mixed,141,56.96121324253055,41.37300755830217,2.130776302751388,13.851791804483174,67.82982455852344,8.467797178827281,0.0,11,2,1,25,False,False,morning
2023-01-25 12:00:00,LOC_3,Mixed,141,70.3184927459091,41.37300755830217,2.130776302751388,18.254231221244705,74.26651150793732,7.163669083739509,0.0,12,2,1,25,False,False,afternoon
2023-01-25 13:00:00,LOC_3,Mixed,141,54.02492244977879,41.37300755830217,2.130776302751388,16.093839743664454,65.13132249504619,7.351317991211654,0.0,13,2,1,25,False,False,afternoon
2023-01-25 14:00:00,LOC_3,Mixed,141,57.62640665341286,41.37300755830217,2.130776302751388,19.249776018933876,60.10128305541962,7.701106242178649,0.0,14,2,1,25,False,False,afternoon
2023-01-25 15:00:00,LOC_3,Mixed,141,79.11664900831857,41.37300755830217,2.130776302751388,19.451962687274445,56.118431520685945,8.601784291248675,0.0,15,2,1,25,False,False,afternoon
2023-01-25 16:00:00,LOC_3,Mixed,141,76.1365706295947,41.37300755830217,2.130776302751388,22.57767870151458,55.248213467515775,5.88129209329365,0.0,16,2,1,25,False,False,afternoon
2023-01-25 17:00:00,LOC_3,Mixed,141,58.80083911587087,41.37300755830217,2.130776302751388,23.32911174182801,52.73554084478563,7.255781130017726,0.0,17,2,1,25,False,False,afternoon
2023-01-25 18:00:00,LOC_3,Mixed,141,87.2247041987128,41.37300755830217,2.130776302751388,25.537992985267035,53.926254918374966,7.88972334285749,0.0,18,2,1,25,False,False,evening
2023-01-25 19:00:00,LOC_3,Mixed,141,92.03536839032074,41.37300755830217,2.130776302751388,22.948912737919954,52.86497883399043,7.9959841539315075,0.0,19,2,1,25,False,False,evening
2023-01-25 20:00:00,LOC_3,Mixed,141,72.70702826149011,41.37300755830217,2.130776302751388,23.606094730440244,51.7235408987131,7.906766214816721,0.0,20,2,1,25,False,False,evening
2023-01-25 21:00:00,LOC_3,Mixed,141,76.13188816120238,41.37300755830217,2.130776302751388,22.02447236487991,54.2206912558427,6.233779521224202,0.0,21,2,1,25,False,False,evening
2023-01-25 22:00:00,LOC_3,Mixed,141,69.8500666840331,41.37300755830217,2.130776302751388,22.600435091513262,58.97518815060074,6.7299656836637025,0.0,22,2,1,25,False,False,evening
2023-01-25 23:00:00,LOC_3,Mixed,141,55.48577000849427,41.37300755830217,2.130776302751388,23.455551272925458,59.345870103535105,6.909229852431644,0.0,23,2,1,25,False,False,evening
2023-01-26 00:00:00,LOC_3,Mixed,141,65.84866030331084,41.37300755830217,2.130776302751388,23.185913259413873,49.231638105504146,8.247698828263148,0.0,0,3,1,26,False,False,night
2023-01-26 01:00:00,LOC_3,Mixed,141,57.739838732860015,41.37300755830217,2.130776302751388,18.628218102206993,46.28529682436574,6.671970322253587,0.0,1,3,1,26,False,False,night
2023-01-26 02:00:00,LOC_3,Mixed,141,43.52460007784781,41.37300755830217,2.130776302751388,20.924180714540764,66.30166180753749,6.469108666467498,2.1723124564704275,2,3,1,26,False,False,night
2023-01-26 03:00:00,LOC_3,Mixed,141,60.76300803258307,41.37300755830217,2.130776302751388,20.60866256270799,57.370832817726715,8.710640471236427,0.0,3,3,1,26,False,False,night
2023-01-26 04:00:00,LOC_3,Mixed,141,48.43784148992154,41.37300755830217,2.130776302751388,17.524862916990017,65.48018676945135,5.86618847744893,0.0,4,3,1,26,False,False,night
2023-01-26 05:00:00,LOC_3,Mixed,141,48.723392699569885,41.37300755830217,2.130776302751388,19.42255970995893,62.81149870001761,8.834362965201041,0.0,5,3,1,26,False,False,night
2023-01-26 06:00:00,LOC_3,Mixed,141,23.484491799594803,41.37300755830217,2.130776302751388,13.333303290831555,61.2283344340225,7.872665638164365,0.0,6,3,1,26,False,False,morning
2023-01-26 07:00:00,LOC_3,Mixed,141,27.472407229147915,41.37300755830217,2.130776302751388,11.89857472068308,73.93154538641213,8.328910550097602,0.0,7,3,1,26,False,False,morning
2023-01-26 08:00:00,LOC_3,Mixed,141,50.8977659729793,41.37300755830217,2.130776302751388,10.666575141991721,75.34774452191267,6.728661316998635,0.0,8,3,1,26,False,False,morning
2023-01-26 09:00:00,LOC_3,Mixed,141,54.22041993124848,41.37300755830217,2.130776302751388,17.392975339295777,68.31567456373159,5.8890490025537305,0.0,9,3,1,26,False,False,morning
2023-01-26 10:00:00,LOC_3,Mixed,141,61.782880196715475,41.37300755830217,2.130776302751388,16.21561817308051,57.23101481853066,8.061011331543508,0.0,10,3,1,26,False,False,morning
2023-01-26 11:00:00,LOC_3,Mixed,141,58.99285053620839,41.37300755830217,2.130776302751388,15.596806483299153,65.85282610849745,8.351135737212587,0.0,11,3,1,26,False,False,morning
2023-01-26 12:00:00,LOC_3,Mixed,141,48.397556420681525,41.37300755830217,2.130776302751388,17.309940652335182,68.45901322762164,8.071429075799665,0.0,12,3,1,26,False,False,afternoon
2023-01-26 13:00:00,LOC_3,Mixed,141,68.82185431053256,41.37300755830217,2.130776302751388,15.711421561772713,56.68064284339043,6.27984983827893,0.0,13,3,1,26,False,False,afternoon
2023-01-26 14:00:00,LOC_3,Mixed,141,86.96993441551632,41.37300755830217,2.130776302751388,24.15448813350644,62.3908312503502,8.112880601625465,0.0,14,3,1,26,False,False,afternoon
2023-01-26 15:00:00,LOC_3,Mixed,141,86.67796888275666,41.37300755830217,2.130776302751388,20.822008862992266,58.7963177560514,8.160662601028765,0.0,15,3,1,26,False,False,afternoon
2023-01-26 16:00:00,LOC_3,Mixed,141,65.93713715828264,41.37300755830217,2.130776302751388,21.994745765523767,59.344545145377474,7.830812782272961,0.0,16,3,1,26,False,False,afternoon
2023-01-26 17:00:00,LOC_3,Mixed,141,60.84582604229545,41.37300755830217,2.130776302751388,24.269506033021013,54.961956271623514,8.154835574244936,0.0,17,3,1,26,False,False,afternoon
2023-01-26 18:00:00,LOC_3,Mixed,141,82.82774246146066,41.37300755830217,2.130776302751388,24.581064861520453,47.896562499498174,8.395548194858163,0.0,18,3,1,26,False,False,evening
2023-01-26 19:00:00,LOC_3,Mixed,141,88.36656470034372,41.37300755830217,2.130776302751388,24.57279485248547,57.73280390046804,7.699891877208748,0.0,19,3,1,26,False,False,evening
2023-01-26 20:00:00,LOC_3,Mixed,141,80.21103062489898,41.37300755830217,2.130776302751388,22.72092484513853,50.60360462280684,6.126188893114868,0.0,20,3,1,26,False,False,evening
2023-01-26 21:00:00,LOC_3,Mixed,141,85.97026703244178,41.37300755830217,2.130776302751388,25.08091347215235,51.58752378668962,7.324552954288636,0.0,21,3,1,26,False,False,evening
2023-01-26 22:00:00,LOC_3,Mixed,141,87.49172335595152,41.37300755830217,2.130776302751388,27.408995292241176,48.0437676060518,6.095911860088599,0.0,22,3,1,26,False,False,evening
2023-01-26 23:00:00,LOC_3,Mixed,141,52.20012168323217,41.37300755830217,2.130776302751388,25.547662712744128,52.0699435031741,7.08688683599758,0.0,23,3,1,26,False,False,evening
2023-01-27 00:00:00,LOC_3,Mixed,141,62.08902144624338,41.37300755830217,2.130776302751388,25.014129178783108,51.92047457885687,7.086870652477746,0.0,0,4,1,27,False,False,night
2023-01-27 01:00:00,LOC_3,Mixed,141,43.026736835916346,41.37300755830217,2.130776302751388,19.60588478270066,57.87863742925683,6.06487371443081,0.0,1,4,1,27,False,False,night
2023-01-27 02:00:00,LOC_3,Mixed,141,62.51667473497656,41.37300755830217,2.130776302751388,17.361474024296644,69.87717507108411,6.9145983348712,2.0106735676349174,2,4,1,27,False,False,night
2023-01-27 03:00:00,LOC_3,Mixed,141,33.95422153158007,41.37300755830217,2.130776302751388,17.80147512075772,57.03439636342919,6.202423133667868,0.0,3,4,1,27,False,False,night
2023-01-27 04:00:00,LOC_3,Mixed,141,44.992441915139175,41.37300755830217,2.130776302751388,16.96505229627158,58.224988067227905,8.295426124366506,0.0,4,4,1,27,False,False,night
2023-01-27 05:00:00,LOC_3,Mixed,141,55.277264573650555,41.37300755830217,2.130776302751388,18.01290764817415,75.70680241500355,8.71507578132641,0.0,5,4,1,27,False,False,night
2023-01-27 06:00:00,LOC_3,Mixed,141,37.66912404120642,41.37300755830217,2.130776302751388,11.651456041208805,68.88061101296378,6.090251889685944,0.0,6,4,1,27,False,False,morning
2023-01-27 07:00:00,LOC_3,Mixed,141,27.885001215610327,41.37300755830217,2.130776302751388,17.602435383036802,67.56796681846926,8.739938396987288,0.0,7,4,1,27,False,False,morning
2023-01-27 08:00:00,LOC_3,Mixed,141,51.083220902272686,41.37300755830217,2.130776302751388,14.063397384688779,76.44069707328687,7.443612434379587,0.0,8,4,1,27,False,False,morning
2023-01-27 09:00:00,LOC_3,Mixed,141,53.26218363447089,41.37300755830217,2.130776302751388,13.702468963760069,67.85946009400587,6.775869080881671,0.0,9,4,1,27,False,False,morning
2023-01-27 10:00:00,LOC_3,Mixed,141,49.896216542488546,41.37300755830217,2.130776302751388,13.037969262562118,79.00569254156977,6.10904723222942,0.0,10,4,1,27,False,False,morning
2023-01-27 11:00:00,LOC_3,Mixed,141,56.72737184592093,41.37300755830217,2.130776302751388,12.553500319580076,71.66320203007311,7.381622318060124,0.0,11,4,1,27,False,False,morning
2023-01-27 12:00:00,LOC_3,Mixed,141,52.8544935636167,41.37300755830217,2.130776302751388,18.551529011428777,63.75006727226159,8.264584202173236,0.0,12,4,1,27,False,False,afternoon
2023-01-27 13:00:00,LOC_3,Mixed,141,70.57900550534342,41.37300755830217,2.130776302751388,18.264166560337372,74.55147981440639,8.003584602094728,0.0,13,4,1,27,False,False,afternoon
2023-01-27 14:00:00,LOC_3,Mixed,141,90.3480179259835,41.37300755830217,2.130776302751388,16.838139790354806,58.13530220530948,6.034290352359304,0.0,14,4,1,27,False,False,afternoon
2023-01-27 15:00:00,LOC_3,Mixed,141,97.4769060218264,41.37300755830217,2.130776302751388,18.128432736670625,62.273296298450816,6.103604517160762,0.0,15,4,1,27,False,False,afternoon
2023-01-27 16:00:00,LOC_3,Mixed,141,62.65939691300048,41.37300755830217,2.130776302751388,21.25935684592818,57.63461041301559,7.0948050967995995,0.0,16,4,1,27,False,False,afternoon
2023-01-27 17:00:00,LOC_3,Mixed,141,92.04802034466816,41.37300755830217,2.130776302751388,26.310932110709395,60.562928326732774,6.773342512983404,0.0,17,4,1,27,False,False,afternoon
2023-01-27 18:00:00,LOC_3,Mixed,141,96.91748419107948,41.37300755830217,2.130776302751388,23.254726097241115,60.259738383697616,6.58590932537737,0.0,18,4,1,27,False,False,evening
2023-01-27 19:00:00,LOC_3,Mixed,141,100.0,41.37300755830217,2.130776302751388,21.273549346956116,51.60035023894418,6.733054721075539,0.0,19,4,1,27,False,False,evening
2023-01-27 20:00:00,LOC_3,Mixed,141,53.72769893913644,41.37300755830217,2.130776302751388,23.96514204482348,47.319654302278344,8.301773864489729,0.0,20,4,1,27,False,False,evening
2023-01-27 21:00:00,LOC_3,Mixed,141,83.26811819270888,41.37300755830217,2.130776302751388,23.747229923437388,53.714506588830126,8.68029374719304,0.0,21,4,1,27,False,False,evening
2023-01-27 22:00:00,LOC_3,Mixed,141,71.69219177095887,41.37300755830217,2.130776302751388,18.405819126959393,49.0122383255544,7.109201162366768,0.0,22,4,1,27,False,False,evening
2023-01-27 23:00:00,LOC_3,Mixed,141,69.67015290903082,41.37300755830217,2.130776302751388,22.902824729889804,64.04410731178226,8.613509117796031,0.0,23,4,1,27,False,False,evening
2023-01-28 00:00:00,LOC_3,Mixed,141,69.60677782219942,41.37300755830217,2.130776302751388,21.52042435698675,56.71808982060547,6.860945787224467,0.0,0,5,1,28,True,False,night
2023-01-28 01:00:00,LOC_3,Mixed,141,51.68224863555788,41.37300755830217,2.130776302751388,22.17521192699486,56.607793848703416,7.327051753402458,0.0,1,5,1,28,True,False,night
2023-01-28 02:00:00,LOC_3,Mixed,141,70.35869087789351,41.37300755830217,2.130776302751388,23.193024406939347,61.93317709522723,6.5771094368577305,0.0,2,5,1,28,True,False,night
2023-01-28 03:00:00,LOC_3,Mixed,141,33.70003450094468,41.37300755830217,2.130776302751388,20.46055298326995,56.84952270400265,7.82173175646494,0.0,3,5,1,28,True,False,night
2023-01-28 04:00:00,LOC_3,Mixed,141,54.75720631845819,41.37300755830217,2.130776302751388,16.47014438536531,61.1260862744968,8.83852769881942,0.0,4,5,1,28,True,False,night
2023-01-28 05:00:00,LOC_3,Mixed,141,20.850174868984727,41.37300755830217,2.130776302751388,13.76573734070196,74.04449122335153,7.713343900953744,0.0,5,5,1,28,True,False,night
2023-01-28 06:00:00,LOC_3,Mixed,141,20.536792130112417,41.37300755830217,2.130776302751388,20.337314626900564,66.33433856434132,6.9775866602052545,0.0,6,5,1,28,True,False,morning
2023-01-28 07:00:00,LOC_3,Mixed,141,23.9142765194804,41.37300755830217,2.130776302751388,14.815926425381598,65.37046597188507,7.8488760757311775,0.0,7,5,1,28,True,False,morning
2023-01-28 08:00:00,LOC_3,Mixed,141,15.973657791340406,41.37300755830217,2.130776302751388,14.561371593077869,73.61623774413248,6.275464637246558,0.0,8,5,1,28,True,False,morning
2023-01-28 09:00:00,LOC_3,Mixed,141,26.7759341472477,41.37300755830217,2.130776302751388,14.66202569173012,76.50796904141474,8.57395824027529,0.0,9,5,1,28,True,False,morning
2023-01-28 10:00:00,LOC_3,Mixed,141,16.562777910778326,41.37300755830217,2.130776302751388,15.61233715255353,73.16243129128969,7.418510782327512,0.0,10,5,1,28,True,False,morning
2023-01-28 11:00:00,LOC_3,Mixed,141,26.98390437955625,41.37300755830217,2.130776302751388,15.728427233817769,72.94594231369777,7.258585618838604,0.0,11,5,1,28,True,False,morning
2023-01-28 12:00:00,LOC_3,Mixed,141,35.57107754194322,41.37300755830217,2.130776302751388,15.911742921324114,62.09789068698352,7.669407752377475,0.0,12,5,1,28,True,False,afternoon
2023-01-28 13:00:00,LOC_3,Mixed,141,40.02532225814805,41.37300755830217,2.130776302751388,17.177636453120403,56.348237995088404,7.787441500590965,0.0,13,5,1,28,True,False,afternoon
2023-01-28 14:00:00,LOC_3,Mixed,141,53.19244111650332,41.37300755830217,2.130776302751388,19.506323297970397,68.36300858297264,6.129693386360018,0.0,14,5,1,28,True,False,afternoon
2023-01-28 15:00:00,LOC_3,Mixed,141,45.32397461353946,41.37300755830217,2.130776302751388,19.785453446913074,56.641994827428114,7.9634932164038075,0.0,15,5,1,28,True,False,afternoon
2023-01-28 16:00:00,LOC_3,Mixed,141,58.93369871175519,41.37300755830217,2.130776302751388,20.658891768275097,54.576668250465914,6.642711707672474,0.0,16,5,1,28,True,False,afternoon
2023-01-28 17:00:00,LOC_3,Mixed,141,76.86593453590399,41.37300755830217,2.130776302751388,23.339350906323226,60.387989807366424,8.060049206521109,0.0,17,5,1,28,True,False,afternoon
2023-01-28 18:00:00,LOC_3,Mixed,141,71.81788351324398,41.37300755830217,2.130776302751388,23.417499978601526,54.92624122011683,8.387069862056798,0.0,18,5,1,28,True,False,evening
2023-01-28 19:00:00,LOC_3,Mixed,141,81.98085973988202,41.37300755830217,2.130776302751388,27.44131098750564,53.412788839727504,8.332614698436545,0.0,19,5,1,28,True,False,evening
2023-01-28 20:00:00,LOC_3,Mixed,141,74.6624014045862,41.37300755830217,2.130776302751388,19.30812237806599,61.604887734801395,7.57951530119407,0.0,20,5,1,28,True,False,evening
2023-01-28 21:00:00,LOC_3,Mixed,141,92.55232742472283,41.37300755830217,2.130776302751388,26.629068574407462,47.89029910697421,7.483794824755694,0.0,21,5,1,28,True,False,evening
2023-01-28 22:00:00,LOC_3,Mixed,141,82.82655721803438,41.37300755830217,2.130776302751388,26.445084512334034,56.733372385728636,6.353185305701552,0.0,22,5,1,28,True,False,evening
2023-01-28 23:00:00,LOC_3,Mixed,141,61.620154688833175,41.37300755830217,2.130776302751388,19.01789954059394,53.955705613664946,8.251867671104907,0.0,23,5,1,28,True,False,evening
2023-01-29 00:00:00,LOC_3,Mixed,141,48.213349171244225,41.37300755830217,2.130776302751388,21.45012752086781,57.07195597625927,6.741328683145845,0.0,0,6,1,29,True,False,night
2023-01-29 01:00:00,LOC_3,Mixed,141,68.94205627913534,41.37300755830217,2.130776302751388,20.1930704273204,65.77043781343869,7.418457655213716,0.0,1,6,1,29,True,False,night
2023-01-29 02:00:00,LOC_3,Mixed,141,44.21002552551992,41.37300755830217,2.130776302751388,16.83318538108549,63.24276124040586,6.782464032886777,0.0,2,6,1,29,True,False,night
2023-01-29 03:00:00,LOC_3,Mixed,141,40.369119664755374,41.37300755830217,2.130776302751388,16.804829615231633,65.9705544144214,6.332396732184277,0.0,3,6,1,29,True,False,night
2023-01-29 04:00:00,LOC_3,Mixed,141,33.817752870090686,41.37300755830217,2.130776302751388,14.939753575815763,71.04072615305417,7.820854144024694,0.0,4,6,1,29,True,False,night
2023-01-29 05:00:00,LOC_3,Mixed,141,16.0801100295415,41.37300755830217,2.130776302751388,19.636256900634628,65.91180432471081,6.096446088412735,0.0,5,6,1,29,True,False,night
2023-01-29 06:00:00,LOC_3,Mixed,141,22.87047026487298,41.37300755830217,2.130776302751388,17.21482193895275,65.11702135798932,8.180654136694605,0.0,6,6,1,29,True,False,morning
2023-01-29 07:00:00,LOC_3,Mixed,141,28.01918496634823,41.37300755830217,2.130776302751388,17.39341307760727,65.07534825465693,6.888746789596208,0.0,7,6,1,29,True,False,morning
2023-01-29 08:00:00,LOC_3,Mixed,141,8.75341893446056,41.37300755830217,2.130776302751388,16.129613586997802,60.79567813529732,5.937657970795722,0.0,8,6,1,29,True,False,morning
2023-01-29 09:00:00,LOC_3,Mixed,141,13.473116109179037,41.37300755830217,2.130776302751388,12.604871813980985,80.55508493687073,7.471908315283846,0.0,9,6,1,29,True,False,morning
2023-01-29 10:00:00,LOC_3,Mixed,141,23.9672992941449,41.37300755830217,2.130776302751388,14.319769551171792,63.746338003928905,6.080343146113515,0.0,10,6,1,29,True,False,morning
2023-01-29 11:00:00,LOC_3,Mixed,141,19.659170654673623,41.37300755830217,2.130776302751388,17.148482516554786,66.55426509387323,6.769562133469036,0.0,11,6,1,29,True,False,morning
2023-01-29 12:00:00,LOC_3,Mixed,141,18.220934346763823,41.37300755830217,2.130776302751388,14.767339458954748,64.19274334707812,8.063248477714875,0.0,12,6,1,29,True,False,afternoon
2023-01-29 13:00:00,LOC_3,Mixed,141,47.82972447814952,41.37300755830217,2.130776302751388,19.849822064351155,64.68938308103274,6.131652950769394,0.0,13,6,1,29,True,False,afternoon
2023-01-29 14:00:00,LOC_3,Mixed,141,32.622937787921366,41.37300755830217,2.130776302751388,19.243592558802316,64.63019935245931,8.462864148091723,0.0,14,6,1,29,True,False,afternoon
2023-01-29 15:00:00,LOC_3,Mixed,141,49.194176923809515,41.37300755830217,2.130776302751388,20.275017460697963,62.253049290204416,5.957572538032659,0.0,15,6,1,29,True,False,afternoon
2023-01-29 16:00:00,LOC_3,Mixed,141,52.53315700819464,41.37300755830217,2.130776302751388,23.658801848172228,52.61084898362482,6.6878479899587555,0.0,16,6,1,29,True,False,afternoon
2023-01-29 17:00:00,LOC_3,Mixed,141,88.03235332522816,41.37300755830217,2.130776302751388,24.16725806521509,52.60692854658192,8.171351675718268,0.0,17,6,1,29,True,False,afternoon
2023-01-29 18:00:00,LOC_3,Mixed,141,71.88596669520638,41.37300755830217,2.130776302751388,23.357705407954537,53.2536242732561,6.8987125933220215,0.0,18,6,1,29,True,False,evening
2023-01-29 19:00:00,LOC_3,Mixed,141,85.19700506812325,41.37300755830217,2.130776302751388,26.90411019977189,49.585643182995476,6.256841456517651,0.0,19,6,1,29,True,False,evening
2023-01-29 20:00:00,LOC_3,Mixed,141,92.14436063073452,41.37300755830217,2.130776302751388,22.6000031006465,58.51246836840737,7.033127707570544,0.0,20,6,1,29,True,False,evening
2023-01-29 21:00:00,LOC_3,Mixed,141,83.47276469354678,41.37300755830217,2.130776302751388,25.829935945503745,53.258745294960825,6.764866979187552,0.0,21,6,1,29,True,False,evening
2023-01-29 22:00:00,LOC_3,Mixed,141,76.74498586344889,41.37300755830217,2.130776302751388,25.291068526183647,55.46465690975533,8.483083504746602,0.0,22,6,1,29,True,False,evening
2023-01-29 23:00:00,LOC_3,Mixed,141,68.54362434582833,41.37300755830217,2.130776302751388,22.697480953372636,56.681258679335826,6.896251737969005,0.0,23,6,1,29,True,False,evening
2023-01-30 00:00:00,LOC_3,Mixed,141,68.43980168401276,41.37300755830217,2.130776302751388,22.93960444564212,61.292692485110855,8.324265095559598,0.0,0,0,1,30,False,False,night
2023-01-30 01:00:00,LOC_3,Mixed,141,66.25875819115817,41.37300755830217,2.130776302751388,18.58550248609638,58.729648515784554,8.634343317103081,0.0,1,0,1,30,False,False,night
2023-01-30 02:00:00,LOC_3,Mixed,141,53.37805417255791,41.37300755830217,2.130776302751388,21.64798199783214,53.915984341384096,7.261437850613255,0.0,2,0,1,30,False,False,night
2023-01-30 03:00:00,LOC_3,Mixed,141,40.05490333864714,41.37300755830217,2.130776302751388,18.14231953771338,64.97419213756449,8.691073238785568,0.0,3,0,1,30,False,False,night
2023-01-30 04:00:00,LOC_3,Mixed,141,42.05746575803217,41.37300755830217,2.130776302751388,16.26706159916068,62.11820025064333,7.0944556899293305,0.0,4,0,1,30,False,False,night
2023-01-30 05:00:00,LOC_3,Mixed,141,55.87715019015063,41.37300755830217,2.130776302751388,18.381278314184524,64.79039686622973,8.855994003159022,0.0,5,0,1,30,False,False,night
2023-01-30 06:00:00,LOC_3,Mixed,141,34.5580704718622,41.37300755830217,2.130776302751388,14.086263017604471,71.94191929639548,6.232884057099155,0.0,6,0,1,30,False,False,morning
2023-01-30 07:00:00,LOC_3,Mixed,141,43.58825273142935,41.37300755830217,2.130776302751388,12.18480686029971,76.18795645111453,8.027329516404162,0.0,7,0,1,30,False,False,morning
2023-01-30 08:00:00,LOC_3,Mixed,141,51.24377795403379,41.37300755830217,2.130776302751388,11.724378918744225,70.43108335209624,7.448969574529192,0.0,8,0,1,30,False,False,morning
2023-01-30 09:00:00,LOC_3,Mixed,141,46.46009506486218,41.37300755830217,2.130776302751388,16.226304229587583,71.51559640920222,7.1317291080352705,0.0,9,0,1,30,False,False,morning
2023-01-30 10:00:00,LOC_3,Mixed,141,60.66000185557214,41.37300755830217,2.130776302751388,12.959201434977402,77.47095444323625,7.868173068024235,0.0,10,0,1,30,False,False,morning
2023-01-30 11:00:00,LOC_3,Mixed,141,40.25594366004308,41.37300755830217,2.130776302751388,19.830512822251997,68.56191698087629,8.082862947746195,0.0,11,0,1,30,False,False,morning
2023-01-30 12:00:00,LOC_3,Mixed,141,59.67231009930218,41.37300755830217,2.130776302751388,13.198868255319457,78.28296142872817,5.985635223168307,0.0,12,0,1,30,False,False,afternoon
2023-01-30 13:00:00,LOC_3,Mixed,141,65.27210805849604,41.37300755830217,2.130776302751388,21.967810787347318,65.67775212662323,6.474657921497565,0.0,13,0,1,30,False,False,afternoon
2023-01-30 14:00:00,LOC_3,Mixed,141,50.54883038193968,41.37300755830217,2.130776302751388,20.29729191097637,51.44567225107865,8.114189547217183,0.0,14,0,1,30,False,False,afternoon
2023-01-30 15:00:00,LOC_3,Mixed,141,96.75227473050336,41.37300755830217,2.130776302751388,20.982187170510155,61.41548131702078,7.975459874482286,0.0,15,0,1,30,False,False,afternoon
2023-01-30 16:00:00,LOC_3,Mixed,141,97.47294642991756,41.37300755830217,2.130776302751388,21.297938675942426,57.13023822529324,8.875697885298097,0.0,16,0,1,30,False,False,afternoon
2023-01-30 17:00:00,LOC_3,Mixed,141,86.57155461569917,41.37300755830217,2.130776302751388,24.227839150454137,59.58962992691374,8.2619199739158,0.0,17,0,1,30,False,False,afternoon
2023-01-30 18:00:00,LOC_3,Mixed,141,71.2549999211098,41.37300755830217,2.130776302751388,24.155144278363085,54.90507938992423,8.832375456052132,0.0,18,0,1,30,False,False,evening
2023-01-30 19:00:00,LOC_3,Mixed,141,68.97379257618236,41.37300755830217,2.130776302751388,26.942770687241456,49.83538623366431,8.088929062957035,0.0,19,0,1,30,False,False,evening
2023-01-30 20:00:00,LOC_3,Mixed,141,83.58479282051108,41.37300755830217,2.130776302751388,25.141241692342824,44.05293602851568,6.876713904922078,0.0,20,0,1,30,False,False,evening
2023-01-30 21:00:00,LOC_3,Mixed,141,61.94188025957516,41.37300755830217,2.130776302751388,25.049265125212052,49.45756050899328,6.29990126092116,0.0,21,0,1,30,False,False,evening
2023-01-30 22:00:00,LOC_3,Mixed,141,56.048422819655606,41.37300755830217,2.130776302751388,23.528178610516836,47.23659165906441,8.330526793239276,0.0,22,0,1,30,False,False,evening
2023-01-30 23:00:00,LOC_3,Mixed,141,56.96617568361684,41.37300755830217,2.130776302751388,23.353159685835475,50.16328088442117,7.9187510698967225,0.0,23,0,1,30,False,False,evening
2023-01-31 00:00:00,LOC_3,Mixed,141,79.0459794703379,41.37300755830217,2.130776302751388,23.053359039383892,58.0673810189035,6.132109137499842,0.0,0,1,1,31,False,False,night
2023-01-31 01:00:00,LOC_3,Mixed,141,46.02497515146725,41.37300755830217,2.130776302751388,17.81774987577696,65.87334919957661,7.068949684818456,0.0,1,1,1,31,False,False,night
2023-01-31 02:00:00,LOC_3,Mixed,141,37.45249366505091,41.37300755830217,2.130776302751388,17.253853981858814,62.07290799697442,8.860444411666906,0.0,2,1,1,31,False,False,night
2023-01-31 03:00:00,LOC_3,Mixed,141,57.0545579504129,41.37300755830217,2.130776302751388,20.14888863240366,56.69586380110761,7.492494571104771,0.0,3,1,1,31,False,False,night
2023-01-31 04:00:00,LOC_3,Mixed,141,46.16681937969168,41.37300755830217,2.130776302751388,17.804414840029768,67.29764541355294,7.290724200813891,0.0,4,1,1,31,False,False,night
2023-01-31 05:00:00,LOC_3,Mixed,141,42.07535450514087,41.37300755830217,2.130776302751388,16.065409125937077,73.1164058359434,7.3668807563929155,0.0,5,1,1,31,False,False,night
2023-01-31 06:00:00,LOC_3,Mixed,141,26.182742396494294,41.37300755830217,2.130776302751388,15.681873736280396,65.66107373810387,6.621674749829852,0.0,6,1,1,31,False,False,morning
2023-01-31 07:00:00,LOC_3,Mixed,141,43.53238455892778,41.37300755830217,2.130776302751388,15.846887793340212,69.02646540140167,7.1023922154068275,0.0,7,1,1,31,False,False,morning
2023-01-31 08:00:00,LOC_3,Mixed,141,44.1158228180277,41.37300755830217,2.130776302751388,13.908052215727393,70.09829782095376,7.106954083230754,0.0,8,1,1,31,False,False,morning
2023-01-31 09:00:00,LOC_3,Mixed,141,50.101642228084984,41.37300755830217,2.130776302751388,13.607548490474624,65.7471925520303,6.155822475107335,0.0,9,1,1,31,False,False,morning
2023-01-31 10:00:00,LOC_3,Mixed,141,58.34819261091941,41.37300755830217,2.130776302751388,16.06156349127317,71.90165620706368,8.302702885553755,0.0,10,1,1,31,False,False,morning
2023-01-31 11:00:00,LOC_3,Mixed,141,62.69380009263769,41.37300755830217,2.130776302751388,14.513930893813246,66.45390635887448,7.250755366706846,0.0,11,1,1,31,False,False,morning
2023-01-31 12:00:00,LOC_3,Mixed,141,59.74717510755497,41.37300755830217,2.130776302751388,18.328923645886697,67.07282595061963,8.469023287340821,0.0,12,1,1,31,False,False,afternoon
2023-01-31 13:00:00,LOC_3,Mixed,141,72.11270886940441,41.37300755830217,2.130776302751388,15.319360901263185,58.113482891511765,8.55476867040998,0.0,13,1,1,31,False,False,afternoon
2023-01-31 14:00:00,LOC_3,Mixed,141,40.45394212034032,41.37300755830217,2.130776302751388,22.08313722881615,57.763056590053225,6.640947354928946,0.0,14,1,1,31,False,False,afternoon
2023-01-31 15:00:00,LOC_3,Mixed,141,68.57234891349101,41.37300755830217,2.130776302751388,22.27031617834562,60.96166436209979,7.978265644111772,0.0,15,1,1,31,False,False,afternoon
2023-01-31 16:00:00,LOC_3,Mixed,141,73.73752454995042,41.37300755830217,2.130776302751388,23.04928290221577,53.06138737236513,7.424290099206548,0.0,16,1,1,31,False,False,afternoon
2023-01-31 17:00:00,LOC_3,Mixed,141,92.8654982141032,41.37300755830217,2.130776302751388,25.54433416154354,61.476914868862,8.64915387130841,0.0,17,1,1,31,False,False,afternoon
2023-01-31 18:00:00,LOC_3,Mixed,141,81.48994084075471,41.37300755830217,2.130776302751388,27.710686455062547,49.2423439396522,6.657144146972403,0.0,18,1,1,31,False,False,evening
2023-01-31 19:00:00,LOC_3,Mixed,141,74.73464846936328,41.37300755830217,2.130776302751388,26.914169470370236,51.352564948091484,8.04459964270786,0.0,19,1,1,31,False,False,evening
2023-01-31 20:00:00,LOC_3,Mixed,141,77.7800589000319,41.37300755830217,2.130776302751388,21.380238806892446,54.538979620253976,7.8356538206693145,0.0,20,1,1,31,False,False,evening
2023-01-31 21:00:00,LOC_3,Mixed,141,76.61217698664984,41.37300755830217,2.130776302751388,22.33864692400745,43.11256962037714,6.8995387779222,0.0,21,1,1,31,False,False,evening
2023-01-31 22:00:00,LOC_3,Mixed,141,69.26999742501316,41.37300755830217,2.130776302751388,23.154843438671143,42.386994751971116,6.424673425981578,0.0,22,1,1,31,False,False,evening
2023-01-31 23:00:00,LOC_3,Mixed,141,64.09472172486876,41.37300755830217,2.130776302751388,23.66824882005021,45.13958498789244,7.97102584417099,0.0,23,1,1,31,False,False,evening
2023-02-01 00:00:00,LOC_3,Mixed,141,60.09020482999618,41.37300755830217,2.130776302751388,23.62202747945929,61.13950164009382,8.233134262101201,0.0,0,2,2,1,False,False,night
2023-01-01 00:00:00,LOC_4,Resident,430,96.36363251353627,41.38752389284557,2.139808599672119,18.493428306022466,61.37128093423267,7.3825919938312525,0.0,0,6,1,1,True,False,night
2023-01-01 01:00:00,LOC_4,Resident,430,93.18398526248066,41.38752389284557,2.139808599672119,16.02473920852233,68.33129820065598,5.280406436539817,0.0,1,6,1,1,True,False,night
2023-01-01 02:00:00,LOC_4,Resident,430,97.42050245419264,41.38752389284557,2.139808599672119,16.309722243215575,66.194395004205,6.76747583424801,0.0,2,6,1,1,True,False,night
2023-01-01 03:00:00,LOC_4,Resident,430,91.13333572769515,41.38752389284557,2.139808599672119,16.773482228599715,69.48756595347292,6.447222217917625,0.0,3,6,1,1,True,False,night
2023-01-01 04:00:00,LOC_4,Resident,430,100.0,41.38752389284557,2.139808599672119,12.06038355506166,67.90931390674223,6.932714638617349,0.0,4,6,1,1,True,False,night
2023-01-01 05:00:00,LOC_4,Resident,430,100.0,41.38752389284557,2.139808599672119,11.032055033129287,72.38317587539018,5.201733354040982,0.0,5,6,1,1,True,False,night
2023-01-01 06:00:00,LOC_4,Resident,430,86.89995542338885,41.38752389284557,2.139808599672119,13.871333995055032,71.81576024383783,6.7485584388768824,0.0,6,6,1,1,True,False,morning
2023-01-01 07:00:00,LOC_4,Resident,430,59.6643172142504,41.38752389284557,2.139808599672119,11.755448217684993,74.67947621635498,6.694495342043474,0.0,7,6,1,1,True,False,morning
2023-01-01 08:00:00,LOC_4,Resident,430,61.142759887805965,41.38752389284557,2.139808599672119,9.118431600986746,85.1534482373259,6.693456357819843,1.4367569459094216,8,6,1,1,True,False,morning
2023-01-01 09:00:00,LOC_4,Resident,430,80.69521767076986,41.38752389284557,2.139808599672119,11.320043781095471,74.78315816799321,6.823373564863141,0.03971637332766473,9,6,1,1,True,False,morning
2023-01-01 10:00:00,LOC_4,Resident,430,59.01939975738297,41.38752389284557,2.139808599672119,9.81476284012416,91.67871387268877,7.043748860613342,0.0,10,6,1,1,True,False,morning
2023-01-01 11:00:00,LOC_4,Resident,430,63.989202169998705,41.38752389284557,2.139808599672119,10.611904214000662,79.3798620621221,7.430746524457092,0.0,11,6,1,1,True,False,morning
2023-01-01 12:00:00,LOC_4,Resident,430,54.23121774335663,41.38752389284557,2.139808599672119,13.069994512018951,75.7520406807006,5.82667615416202,0.0,12,6,1,1,True,False,afternoon
2023-01-01 13:00:00,LOC_4,Resident,430,70.06823963067662,41.38752389284557,2.139808599672119,9.972586551592109,68.10991701727852,7.493796683824248,0.9798005772521858,13,6,1,1,True,False,afternoon
2023-01-01 14:00:00,LOC_4,Resident,430,81.30323345104304,41.38752389284557,2.139808599672119,11.650578850958265,73.30072036507629,6.514849949987227,0.0,14,6,1,1,True,False,afternoon
2023-01-01 15:00:00,LOC_4,Resident,430,66.9336130139754,41.38752389284557,2.139808599672119,15.277106880919774,64.31844699000769,5.252692180180816,0.0,15,6,1,1,True,False,afternoon
2023-01-01 16:00:00,LOC_4,Resident,430,97.92987234050888,41.38752389284557,2.139808599672119,15.589096615776,65.3805313603371,5.198604559020907,0.869765940983819,16,6,1,1,True,False,afternoon
2023-01-01 17:00:00,LOC_4,Resident,430,63.14886657061355,41.38752389284557,2.139808599672119,19.285959511085043,75.48549299955498,6.027101144080533,4.6755022107870525,17,6,1,1,True,False,afternoon
2023-01-01 18:00:00,LOC_4,Resident,430,83.03289227027577,41.38752389284557,2.139808599672119,17.64318182862986,60.601240542032194,7.380511523484421,0.0,18,6,1,1,True,False,evening
2023-01-01 19:00:00,LOC_4,Resident,430,58.634284718436824,41.38752389284557,2.139808599672119,17.14129664389489,65.81455853829743,7.150297787246773,0.0,19,6,1,1,True,False,evening
2023-01-01 20:00:00,LOC_4,Resident,430,93.9778502372522,41.38752389284557,2.139808599672119,23.074744337225304,56.19722427560617,7.394534253893658,0.0,20,6,1,1,True,False,evening
2023-01-01 21:00:00,LOC_4,Resident,430,87.9097623099691,41.38752389284557,2.139808599672119,19.52869514031891,59.864562064931235,6.581930891294156,0.0,21,6,1,1,True,False,evening
2023-01-01 22:00:00,LOC_4,Resident,430,100.0,41.38752389284557,2.139808599672119,19.62297377112189,69.87816845468546,6.352155062431242,0.0,22,6,1,1,True,False,evening
2023-01-01 23:00:00,LOC_4,Resident,430,91.84924078900352,41.38752389284557,2.139808599672119,15.850999528130089,59.46417290994716,5.475349979043704,0.0,23,6,1,1,True,False,evening
2023-01-02 00:00:00,LOC_4,Resident,430,79.4526791257828,41.38752389284557,2.139808599672119,16.583368112507983,73.71797566686794,6.019004973139603,0.0,0,0,1,2,False,False,night
2023-01-02 01:00:00,LOC_4,Resident,430,84.47807394788788,41.38752389284557,2.139808599672119,16.695245444868956,70.59195914637893,6.3379191065089495,0.0,1,0,1,2,False,False,night
2023-01-02 02:00:00,LOC_4,Resident,430,100.0,41.38752389284557,2.139808599672119,12.884489271225045,66.81471326838937,5.303096574252781,0.0,2,0,1,2,False,False,night
2023-01-02 03:00:00,LOC_4,Resident,430,83.80847413540269,41.38752389284557,2.139808599672119,14.650948527446776,75.36293371376674,5.700565401387241,0.0,3,0,1,2,False,False,night
2023-01-02 04:00:00,LOC_4,Resident,430,76.99215732075658,41.38752389284557,2.139808599672119,11.499541527004839,79.46113443444875,6.8348396635597055,0.0,4,0,1,2,False,False,night
2023-01-02 05:00:00,LOC_4,Resident,430,91.83863678194132,41.38752389284557,2.139808599672119,11.089068588584297,79.76413763474429,7.248587341538287,0.0,5,0,1,2,False,False,night
2023-01-02 06:00:00,LOC_4,Resident,430,90.446664790889,41.38752389284557,2.139808599672119,9.681620730981235,70.37880848966766,8.038074729051292,0.0,6,0,1,2,False,False,morning
2023-01-02 07:00:00,LOC_4,Resident,430,59.88442981362705,41.38752389284557,2.139808599672119,14.097259081501704,75.57890869590801,7.8438063628165065,0.0,7,0,1,2,False,False,morning
2023-01-02 08:00:00,LOC_4,Resident,430,73.28564823387663,41.38752389284557,2.139808599672119,10.202508149639435,78.30340162401187,6.9735961184286355,0.0,8,0,1,2,False,False,morning
2023-01-02 09:00:00,LOC_4,Resident,430,40.15133262787188,41.38752389284557,2.139808599672119,8.29162224687442,78.81374464492734,6.311078807128528,1.255617603584788,9,0,1,2,False,False,morning
2023-01-02 10:00:00,LOC_4,Resident,430,34.81370907229837,41.38752389284557,2.139808599672119,12.55880655687312,81.2759270224199,6.957300844442485,0.8993309136890182,10,0,1,2,False,False,morning
2023-01-02 11:00:00,LOC_4,Resident,430,38.07821404597739,41.38752389284557,2.139808599672119,9.273792935623701,77.45754453353479,7.407157682540393,0.0,11,0,1,2,False,False,morning
2023-01-02 12:00:00,LOC_4,Resident,430,40.88161571254336,41.38752389284557,2.139808599672119,13.17591159228084,67.80690940190684,5.406645453224428,0.0,12,0,1,2,False,False,afternoon
2023-01-02 13:00:00,LOC_4,Resident,430,62.98733499674639,41.38752389284557,2.139808599672119,10.051919056946504,73.95847064561771,6.282785575132596,1.1232727809391316,13,0,1,2,False,False,afternoon
2023-01-02 14:00:00,LOC_4,Resident,430,54.27681533867925,41.38752389284557,2.139808599672119,12.61615242385487,72.50787968311565,7.573911761237198,0.0,14,0,1,2,False,False,afternoon
2023-01-02 15:00:00,LOC_4,Resident,430,34.541700993654295,41.38752389284557,2.139808599672119,16.967512070132724,69.65137304286623,6.207437730375507,0.4670043211463479,15,0,1,2,False,False,afternoon
2023-01-02 16:00:00,LOC_4,Resident,430,48.82062783642019,41.38752389284557,2.139808599672119,19.263797240211307,69.83017546733214,6.772989629725657,0.0,16,0,1,2,False,False,afternoon
2023-01-02 17:00:00,LOC_4,Resident,430,35.582956359077926,41.38752389284557,2.139808599672119,19.172304108291716,66.51047568092096,6.822114810582402,0.0,17,0,1,2,False,False,afternoon
2023-01-02 18:00:00,LOC_4,Resident,430,63.21408015539366,41.38752389284557,2.139808599672119,19.400033502614793,63.03324026135964,5.613669369094735,0.0,18,0,1,2,False,False,evening
2023-01-02 19:00:00,LOC_4,Resident,430,79.28090805971254,41.38752389284557,2.139808599672119,19.535794042269007,59.37316857581159,6.148380785357314,0.0,19,0,1,2,False,False,evening
2023-01-02 20:00:00,LOC_4,Resident,430,100.0,41.38752389284557,2.139808599672119,17.358497416155377,51.06411253863958,6.066642145603842,0.0,20,0,1,2,False,False,evening
2023-01-02 21:00:00,LOC_4,Resident,430,92.48512035391438,41.38752389284557,2.139808599672119,18.712651044100756,61.843412173882584,5.14313219148516,1.045940970982072,21,0,1,2,False,False,evening
2023-01-02 22:00:00,LOC_4,Resident,430,73.13834403628756,41.38752389284557,2.139808599672119,18.738728572980534,61.71842620601534,5.138551110869649,0.0,22,0,1,2,False,False,evening
2023-01-02 23:00:00,LOC_4,Resident,430,95.4449391967571,41.38752389284557,2.139808599672119,20.98682605117201,63.61273098850851,7.562500669587609,0.0,23,0,1,2,False,False,evening
2023-01-03 00:00:00,LOC_4,Resident,430,90.6143668114761,41.38752389284557,2.139808599672119,18.53145269536438,57.92782488844354,5.888055653163929,0.0,0,1,1,3,False,False,night
2023-01-03 01:00:00,LOC_4,Resident,430,94.30954412491757,41.38752389284557,2.139808599672119,13.119399277355228,61.303758121797294,6.624513171230065,0.0,1,1,1,3,False,False,night
2023-01-03 02:00:00,LOC_4,Resident,430,100.0,41.38752389284557,2.139808599672119,16.006720366925162,74.54865941039337,5.967887206393434,0.19766589364657372,2,1,1,3,False,False,night
2023-01-03 03:00:00,LOC_4,Resident,430,82.51533157855721,41.38752389284557,2.139808599672119,13.30146052289698,71.6589740632575,7.895181797194465,0.0,3,1,1,3,False,False,night
2023-01-03 04:00:00,LOC_4,Resident,430,90.7729995974064,41.38752389284557,2.139808599672119,11.519044001588519,77.66172748246224,5.852467877037409,0.0,4,1,1,3,False,False,night
2023-01-03 05:00:00,LOC_4,Resident,430,100.0,41.38752389284557,2.139808599672119,13.067874175071742,76.45254868587229,6.364981538881354,0.0,5,1,1,3,False,False,night
2023-01-03 06:00:00,LOC_4,Resident,430,86.08726300741984,41.38752389284557,2.139808599672119,13.119094834991452,78.03458911747961,7.695635313238155,0.0,6,1,1,3,False,False,morning
2023-01-03 07:00:00,LOC_4,Resident,430,78.15434774885199,41.38752389284557,2.139808599672119,12.427321022097203,83.56189746215037,7.604678683437455,0.0,7,1,1,3,False,False,morning
2023-01-03 08:00:00,LOC_4,Resident,430,61.415664073658995,41.38752389284557,2.139808599672119,8.72312177235549,76.6166627213116,5.638615617298986,0.0,8,1,1,3,False,False,morning
2023-01-03 09:00:00,LOC_4,Resident,430,33.115185650934166,41.38752389284557,2.139808599672119,9.960669632558746,79.32241511618258,7.489674632528434,1.510056877070906,9,1,1,3,False,False,morning
2023-01-03 10:00:00,LOC_4,Resident,430,40.3949869742747,41.38752389284557,2.139808599672119,11.74828984622535,75.51709758963833,6.457738660681762,0.0,10,1,1,3,False,False,morning
2023-01-03 11:00:00,LOC_4,Resident,430,41.83799485642288,41.38752389284557,2.139808599672119,13.83861262332758,74.0524741246727,6.5335178712591855,0.0,11,1,1,3,False,False,morning
2023-01-03 12:00:00,LOC_4,Resident,430,44.19302971951484,41.38752389284557,2.139808599672119,11.971873854354726,72.5936947225662,5.486484383256892,0.0,12,1,1,3,False,False,afternoon
2023-01-03 13:00:00,LOC_4,Resident,430,42.99591564893966,41.38752389284557,2.139808599672119,13.771974984902647,72.824082981708,5.3292821740199505,0.0,13,1,1,3,False,False,afternoon
2023-01-03 14:00:00,LOC_4,Resident,430,31.75906131321123,41.38752389284557,2.139808599672119,13.231883824409751,66.71714934683901,7.2727286754056575,0.0,14,1,1,3,False,False,afternoon
2023-01-03 15:00:00,LOC_4,Resident,430,33.1960876076475,41.38752389284557,2.139808599672119,14.353401129746915,72.78715187205108,6.57972728754503,0.7677308202762632,15,1,1,3,False,False,afternoon
2023-01-03 16:00:00,LOC_4,Resident,430,16.98704950120061,41.38752389284557,2.139808599672119,19.583935944766512,59.60919488894625,6.402328967841162,0.0,16,1,1,3,False,False,afternoon
2023-01-03 17:00:00,LOC_4,Resident,430,69.29766393123629,41.38752389284557,2.139808599672119,21.714063174557413,61.06247554436168,7.281734528253796,0.0,17,1,1,3,False,False,afternoon
2023-01-03 18:00:00,LOC_4,Resident,430,69.05539218059808,41.38752389284557,2.139808599672119,19.65932065898584,58.194662904336106,7.391181473618192,0.0,18,1,1,3,False,False,evening
2023-01-03 19:00:00,LOC_4,Resident,430,76.41904715180252,41.38752389284557,2.139808599672119,22.317073238745444,66.61487453584587,5.572800165311272,0.0,19,1,1,3,False,False,evening
2023-01-03 20:00:00,LOC_4,Resident,430,66.40443746944905,41.38752389284557,2.139808599672119,21.210814542767693,60.00768889721302,6.928183946967409,0.0,20,1,1,3,False,False,evening
2023-01-03 21:00:00,LOC_4,Resident,430,90.146478192491,41.38752389284557,2.139808599672119,19.034096045242844,64.510551588437,5.505003531434607,0.0,21,1,1,3,False,False,evening
2023-01-03 22:00:00,LOC_4,Resident,430,97.0043202610348,41.38752389284557,2.139808599672119,20.55478832877549,52.90820389929781,7.354499277854432,0.0,22,1,1,3,False,False,evening
2023-01-03 23:00:00,LOC_4,Resident,430,74.93939418378925,41.38752389284557,2.139808599672119,22.12064055533784,63.2461164845345,7.072672172096051,0.0,23,1,1,3,False,False,evening
2023-01-04 00:00:00,LOC_4,Resident,430,72.06118085521143,41.38752389284557,2.139808599672119,17.944544594012633,68.41576063365211,7.973083197696881,0.0,0,2,1,4,False,False,night
2023-01-04 01:00:00,LOC_4,Resident,430,87.73810331008927,41.38752389284557,2.139808599672119,19.946742099570052,66.77651037049303,5.311545961555151,0.0,1,2,1,4,False,False,night
2023-01-04 02:00:00,LOC_4,Resident,430,90.05696291081367,41.38752389284557,2.139808599672119,10.291031975199356,74.26635750856907,5.277268600129531,0.03225852154060481,2,2,1,4,False,False,night
2023-01-04 03:00:00,LOC_4,Resident,430,89.94218443456326,41.38752389284557,2.139808599672119,15.88739431463372,68.9263791377316,5.954098130358776,0.0,3,2,1,4,False,False,night
2023-01-04 04:00:00,LOC_4,Resident,430,100.0,41.38752389284557,2.139808599672119,13.218940739272137,80.9570439953363,5.8940863717668766,0.0,4,2,1,4,False,False,night
2023-01-04 05:00:00,LOC_4,Resident,430,89.09809789019974,41.38752389284557,2.139808599672119,11.418459787029525,87.46154164217373,5.851338075994798,0.0,5,2,1,4,False,False,night
2023-01-04 06:00:00,LOC_4,Resident,430,96.41356573490468,41.38752389284557,2.139808599672119,11.412564435154843,75.72772143363403,7.830597721764317,2.12840496823145,6,2,1,4,False,False,morning
2023-01-04 07:00:00,LOC_4,Resident,430,54.47234748470275,41.38752389284557,2.139808599672119,6.761564159800463,76.29908341499164,5.861904823638036,0.0,7,2,1,4,False,False,morning
2023-01-04 08:00:00,LOC_4,Resident,430,72.65772216292355,41.38752389284557,2.139808599672119,10.13414827285949,86.11993828851948,5.930547588092796,0.0,8,2,1,4,False,False,morning
2023-01-04 09:00:00,LOC_4,Resident,430,29.0595894984641,41.38752389284557,2.139808599672119,11.465248693160943,86.39581362837868,7.39432532357045,0.0,9,2,1,4,False,False,morning
2023-01-04 10:00:00,LOC_4,Resident,430,28.104459059719233,41.38752389284557,2.139808599672119,14.213474086469402,74.87032787026091,6.466782130533332,0.0,10,2,1,4,False,False,morning
2023-01-04 11:00:00,LOC_4,Resident,430,56.52967552267347,41.38752389284557,2.139808599672119,11.022898705348092,73.78018763072994,7.4491262804311695,0.0,11,2,1,4,False,False,morning
2023-01-04 12:00:00,LOC_4,Resident,430,43.795781528893826,41.38752389284557,2.139808599672119,11.485145567871555,72.3868114083816,5.316525027424742,0.0,12,2,1,4,False,False,afternoon
2023-01-04 13:00:00,LOC_4,Resident,430,40.189733124320355,41.38752389284557,2.139808599672119,13.311682877032908,64.64735351642466,6.58457201896307,0.0,13,2,1,4,False,False,afternoon
2023-01-04 14:00:00,LOC_4,Resident,430,51.57578761669905,41.38752389284557,2.139808599672119,17.447255527719005,64.1738376829493,5.224131059012819,0.0,14,2,1,4,False,False,afternoon
2023-01-04 15:00:00,LOC_4,Resident,430,35.674971611406455,41.38752389284557,2.139808599672119,17.57520752260765,61.143885559663104,5.312681625921199,0.0,15,2,1,4,False,False,afternoon
2023-01-04 16:00:00,LOC_4,Resident,430,63.48499834762379,41.38752389284557,2.139808599672119,17.071248134880058,59.8994750896511,7.8454660685160595,0.0,16,2,1,4,False,False,afternoon
2023-01-04 17:00:00,LOC_4,Resident,430,48.65184819823466,41.38752389284557,2.139808599672119,20.199995454706936,61.47965438610564,5.545321449862283,0.0,17,2,1,4,False,False,afternoon
2023-01-04 18:00:00,LOC_4,Resident,430,72.455982134386,41.38752389284557,2.139808599672119,20.169366612111435,61.2206506358519,6.726278945724284,0.0,18,2,1,4,False,False,evening
2023-01-04 19:00:00,LOC_4,Resident,430,71.74959313031233,41.38752389284557,2.139808599672119,22.41916108707987,66.7887602520422,6.36373520271587,0.0,19,2,1,4,False,False,evening
2023-01-04 20:00:00,LOC_4,Resident,430,100.0,41.38752389284557,2.139808599672119,19.25529293133731,53.68943155812202,6.173909802594931,0.0,20,2,1,4,False,False,evening
2023-01-04 21:00:00,LOC_4,Resident,430,93.56324825522846,41.38752389284557,2.139808599672119,19.840860762630697,63.92924188073045,7.8328112219379955,0.0,21,2,1,4,False,False,evening
2023-01-04 22:00:00,LOC_4,Resident,430,93.31209966198182,41.38752389284557,2.139808599672119,19.219623099411372,58.92237696752108,5.200212667677167,0.0,22,2,1,4,False,False,evening
2023-01-04 23:00:00,LOC_4,Resident,430,94.56752725451987,41.38752389284557,2.139808599672119,16.289372512196607,61.31987663481615,7.127542759032389,0.0,23,2,1,4,False,False,evening
2023-01-05 00:00:00,LOC_4,Resident,430,94.80833909830106,41.38752389284557,2.139808599672119,18.78026482215235,66.99804892478662,8.02778815624529,0.0,0,3,1,5,False,False,night
2023-01-05 01:00:00,LOC_4,Resident,430,85.46407138140654,41.38752389284557,2.139808599672119,17.511385449429795,60.407840082048466,6.819540486297008,0.0,1,3,1,5,False,False,night
2023-01-05 02:00:00,LOC_4,Resident,430,91.70340984309534,41.38752389284557,2.139808599672119,15.712561646734498,70.5073792640211,7.95093433278919,0.0,2,3,1,5,False,False,night
2023-01-05 03:00:00,LOC_4,Resident,430,82.13580928813533,41.38752389284557,2.139808599672119,13.946219933755803,72.0014726400531,5.298671523061812,0.0,3,3,1,5,False,False,night
2023-01-05 04:00:00,LOC_4,Resident,430,81.38677274757089,41.38752389284557,2.139808599672119,10.38590226948316,76.02896881287276,6.399708707939282,0.0,4,3,1,5,False,False,night
2023-01-05 05:00:00,LOC_4,Resident,430,98.32704457701789,41.38752389284557,2.139808599672119,11.346973161001365,77.06931560647492,5.925232915379118,2.780060267792967,5,3,1,5,False,False,night
2023-01-05 06:00:00,LOC_4,Resident,430,83.41236412777053,41.38752389284557,2.139808599672119,10.715395247005043,89.4748521394373,7.338653154738345,0.08894431968732089,6,3,1,5,False,False,morning
2023-01-05 07:00:00,LOC_4,Resident,430,60.06100046049694,41.38752389284557,2.139808599672119,9.303920839563038,74.99434932273087,8.091512173382064,0.0,7,3,1,5,False,False,morning
2023-01-05 08:00:00,LOC_4,Resident,430,85.21809095762607,41.38752389284557,2.139808599672119,10.422685916865289,75.8545005445963,5.9186416553722045,0.0,8,3,1,5,False,False,morning
2023-01-05 09:00:00,LOC_4,Resident,430,60.95107742796638,41.38752389284557,2.139808599672119,11.730882369721735,75.03873605569086,7.113005761929824,0.0,9,3,1,5,False,False,morning
2023-01-05 10:00:00,LOC_4,Resident,430,58.80032050764701,41.38752389284557,2.139808599672119,15.20180663129292,74.363744746455,5.746205267838031,0.0,10,3,1,5,False,False,morning
2023-01-05 11:00:00,LOC_4,Resident,430,54.24284836413528,41.38752389284557,2.139808599672119,12.580335237016952,72.35070514076088,6.849333467172032,0.6331951821699681,11,3,1,5,False,False,morning
2023-01-05 12:00:00,LOC_4,Resident,430,55.117256563404695,41.38752389284557,2.139808599672119,13.788965573780159,79.3973530708685,6.546570418531935,0.31274304839958234,12,3,1,5,False,False,afternoon
2023-01-05 13:00:00,LOC_4,Resident,430,33.1846195510342,41.38752389284557,2.139808599672119,14.33802861221593,78.12868035245275,8.072219122746786,0.0,13,3,1,5,False,False,afternoon
2023-01-05 14:00:00,LOC_4,Resident,430,30.327766006868497,41.38752389284557,2.139808599672119,11.950623713787802,65.56993624248085,6.983215046966577,0.0,14,3,1,5,False,False,afternoon
2023-01-05 15:00:00,LOC_4,Resident,430,45.061978209836,41.38752389284557,2.139808599672119,17.03638368864522,61.65939925539155,6.207582359066666,0.0,15,3,1,5,False,False,afternoon
2023-01-05 16:00:00,LOC_4,Resident,430,40.38546410583238,41.38752389284557,2.139808599672119,18.422926294399986,65.75214603289615,5.502780529567387,0.0,16,3,1,5,False,False,afternoon
2023-01-05 17:00:00,LOC_4,Resident,430,59.41302979754276,41.38752389284557,2.139808599672119,24.271633253071634,58.54858672239302,5.615663510638468,0.0,17,3,1,5,False,False,afternoon
2023-01-05 18:00:00,LOC_4,Resident,430,66.9294697601656,41.38752389284557,2.139808599672119,19.76216904266417,62.87087714432472,5.83930358051455,0.0,18,3,1,5,False,False,evening
2023-01-05 19:00:00,LOC_4,Resident,430,64.66279018471846,41.38752389284557,2.139808599672119,21.256636180360413,59.707532112870126,5.917682456870463,0.0,19,3,1,5,False,False,evening
2023-01-05 20:00:00,LOC_4,Resident,430,100.0,41.38752389284557,2.139808599672119,20.76163681191113,50.75915872237061,7.718060243787738,0.0,20,3,1,5,False,False,evening
2023-01-05 21:00:00,LOC_4,Resident,430,79.56287030729641,41.38752389284557,2.139808599672119,18.330480967054463,66.40185192206326,6.851309947017213,0.0,21,3,1,5,False,False,evening
2023-01-05 22:00:00,LOC_4,Resident,430,79.67969137605549,41.38752389284557,2.139808599672119,22.461127687102653,68.62842424933238,6.739243741953183,0.0,22,3,1,5,False,False,evening
2023-01-05 23:00:00,LOC_4,Resident,430,76.23526388245811,41.38752389284557,2.139808599672119,20.891901703857695,58.15998527060977,5.514806962117934,0.0,23,3,1,5,False,False,evening
2023-01-06 00:00:00,LOC_4,Resident,430,100.0,41.38752389284557,2.139808599672119,19.94171188146056,61.34219622557115,7.752348677523198,0.0,0,4,1,6,False,True,night
2023-01-06 01:00:00,LOC_4,Resident,430,97.68727941673542,41.38752389284557,2.139808599672119,15.342114115866252,67.10754890271306,7.341801669614076,0.0,1,4,1,6,False,True,night
2023-01-06 02:00:00,LOC_4,Resident,430,95.83610727248356,41.38752389284557,2.139808599672119,18.679527788453356,69.9244056167728,5.377792919016237,0.0,2,4,1,6,False,True,night
2023-01-06 03:00:00,LOC_4,Resident,430,85.41077589371082,41.38752389284557,2.139808599672119,11.783286732515396,74.11874364716424,7.299722108411818,0.0,3,4,1,6,False,True,night
2023-01-06 04:00:00,LOC_4,Resident,430,90.2783583975609,41.38752389284557,2.139808599672119,14.561942734962098,83.27456559910863,6.808260361500251,0.0,4,4,1,6,False,True,night
2023-01-06 05:00:00,LOC_4,Resident,430,92.76860545319477,41.38752389284557,2.139808599672119,16.74074989983983,74.39558656609002,5.424250548070857,0.0,5,4,1,6,False,True,night
2023-01-06 06:00:00,LOC_4,Resident,430,85.409883034808,41.38752389284557,2.139808599672119,9.59131643112684,72.8637356145313,6.555405144648052,0.0,6,4,1,6,False,True,morning
2023-01-06 07:00:00,LOC_4,Resident,430,87.8629298126634,41.38752389284557,2.139808599672119,9.947434591509008,70.94334375849827,6.6360206978221195,1.6556056297563988,7,4,1,6,False,True,morning
2023-01-06 08:00:00,LOC_4,Resident,430,84.80464541245246,41.38752389284557,2.139808599672119,11.116104526201513,74.51174620823795,5.680683979695073,0.0,8,4,1,6,False,True,morning
2023-01-06 09:00:00,LOC_4,Resident,430,32.20905904761096,41.38752389284557,2.139808599672119,10.087363498557092,77.64573552205205,8.021883228647813,0.0,9,4,1,6,False,True,morning
2023-01-06 10:00:00,LOC_4,Resident,430,38.99866311433161,41.38752389284557,2.139808599672119,8.499631724056893,85.77087214521062,7.736143235464256,1.9999571820367423,10,4,1,6,False,True,morning
2023-01-06 11:00:00,LOC_4,Resident,430,30.02833329121674,41.38752389284557,2.139808599672119,12.539818836661006,72.60655773072125,7.194712370583663,0.0,11,4,1,6,False,True,morning
2023-01-06 12:00:00,LOC_4,Resident,430,35.04547622922618,41.38752389284557,2.139808599672119,11.320760070719784,74.2282047618505,6.57596018263622,0.0,12,4,1,6,False,True,afternoon
2023-01-06 13:00:00,LOC_4,Resident,430,41.88298316356733,41.38752389284557,2.139808599672119,15.605597352766411,70.60106053664416,6.425798168155256,0.0,13,4,1,6,False,True,afternoon
2023-01-06 14:00:00,LOC_4,Resident,430,28.235784680798375,41.38752389284557,2.139808599672119,14.120798977350708,74.0226714756038,7.144849890616525,0.0,14,4,1,6,False,True,afternoon
2023-01-06 15:00:00,LOC_4,Resident,430,45.44601711696459,41.38752389284557,2.139808599672119,20.360750716475557,78.11289831648715,6.829652944406291,0.0,15,4,1,6,False,True,afternoon
2023-01-06 16:00:00,LOC_4,Resident,430,57.796951406217865,41.38752389284557,2.139808599672119,16.907418833992004,60.39780529806944,5.381604401378553,0.0,16,4,1,6,False,True,afternoon
2023-01-06 17:00:00,LOC_4,Resident,430,39.716670147937755,41.38752389284557,2.139808599672119,18.872474528876925,58.51960766483233,6.733720677382103,0.0,17,4,1,6,False,True,afternoon
2023-01-06 18:00:00,LOC_4,Resident,430,61.480851867893705,41.38752389284557,2.139808599672119,21.945362840990246,64.58414757284355,7.616851129164261,0.0,18,4,1,6,False,True,evening
2023-01-06 19:00:00,LOC_4,Resident,430,69.48043121917436,41.38752389284557,2.139808599672119,18.363239109489363,61.759521963417015,6.576787354973261,0.0,19,4,1,6,False,True,evening
2023-01-06 20:00:00,LOC_4,Resident,430,95.33968672795685,41.38752389284557,2.139808599672119,21.45739519164163,67.22858598381342,5.35636479714948,0.0,20,4,1,6,False,True,evening
2023-01-06 21:00:00,LOC_4,Resident,430,100.0,41.38752389284557,2.139808599672119,23.453526158231682,61.241159627296156,7.560756901796397,0.0,21,4,1,6,False,True,evening
2023-01-06 22:00:00,LOC_4,Resident,430,93.8070286344408,41.38752389284557,2.139808599672119,17.131907744404728,57.50979111901034,5.807440785328922,0.0,22,4,1,6,False,True,evening
2023-01-06 23:00:00,LOC_4,Resident,430,75.38521961851832,41.38752389284557,2.139808599672119,19.928683970910207,63.834441645770355,5.9806389742466886,0.0,23,4,1,6,False,True,evening
2023-01-07 00:00:00,LOC_4,Resident,430,100.0,41.38752389284557,2.139808599672119,19.050782562971193,68.48148395396585,5.700322455191758,0.0,0,5,1,7,True,False,night
2023-01-07 01:00:00,LOC_4,Resident,430,91.625192550465,41.38752389284557,2.139808599672119,18.8958920396862,69.43791831372366,6.198275408738287,0.0,1,5,1,7,True,False,night
2023-01-07 02:00:00,LOC_4,Resident,430,100.0,41.38752389284557,2.139808599672119,13.57138321092037,70.44580089018342,7.479311443601212,0.0,2,5,1,7,True,False,night
2023-01-07 03:00:00,LOC_4,Resident,430,83.0479121560916,41.38752389284557,2.139808599672119,12.117409205295939,75.81672858501679,6.7686411099072314,0.0,3,5,1,7,True,False,night
2023-01-07 04:00:00,LOC_4,Resident,430,94.7752595079968,41.38752389284557,2.139808599672119,14.603433271084796,78.72737767252636,5.8265538504223375,0.05866643774561698,4,5,1,7,True,False,night
2023-01-07 05:00:00,LOC_4,Resident,430,84.84090964830361,41.38752389284557,2.139808599672119,13.125117518162513,81.84849861179536,7.846826649981898,0.5423288036950722,5,5,1,7,True,False,night
2023-01-07 06:00:00,LOC_4,Resident,430,76.90124614539442,41.38752389284557,2.139808599672119,12.24467214841119,79.75617654250934,7.853508258182914,0.0,6,5,1,7,True,False,morning
2023-01-07 07:00:00,LOC_4,Resident,430,98.09390207439678,41.38752389284557,2.139808599672119,11.944211590769052,76.66177925486554,7.8279241357821086,0.0,7,5,1,7,True,False,morning
2023-01-07 08:00:00,LOC_4,Resident,430,65.86168011689549,41.38752389284557,2.139808599672119,9.728025140539806,78.55741926477305,5.9340035508839755,0.0,8,5,1,7,True,False,morning
2023-01-07 09:00:00,LOC_4,Resident,430,58.61688759966338,41.38752389284557,2.139808599672119,11.730082567279085,83.50139448662765,6.572758893423448,0.0,9,5,1,7,True,False,morning
2023-01-07 10:00:00,LOC_4,Resident,430,59.38432310264521,41.38752389284557,2.139808599672119,12.358351389344556,72.37090875956943,8.175435660756502,0.0,10,5,1,7,True,False,morning
2023-01-07 11:00:00,LOC_4,Resident,430,71.99040025369688,41.38752389284557,2.139808599672119,11.145225309844545,76.69551025256995,7.537929839295975,0.0,11,5,1,7,True,False,morning
2023-01-07 12:00:00,LOC_4,Resident,430,88.12802459529354,41.38752389284557,2.139808599672119,17.348139093506457,70.8001257959293,5.304820277920068,0.0,12,5,1,7,True,False,afternoon
2023-01-07 13:00:00,LOC_4,Resident,430,83.77704529910986,41.38752389284557,2.139808599672119,15.777288132474059,70.48447953337312,5.4203572770140935,0.0,13,5,1,7,True,False,afternoon
2023-01-07 14:00:00,LOC_4,Resident,430,82.78001308840179,41.38752389284557,2.139808599672119,13.748237388596362,74.13057054703317,6.617963007037329,1.8332571822396362,14,5,1,7,True,False,afternoon
2023-01-07 15:00:00,LOC_4,Resident,430,72.43728443519181,41.38752389284557,2.139808599672119,18.745173110846437,66.09136355294196,7.9552547511979155,0.0,15,5,1,7,True,False,afternoon
2023-01-07 16:00:00,LOC_4,Resident,430,75.11540623875679,41.38752389284557,2.139808599672119,16.6957330272358,62.94199000539986,6.845124667396231,2.2029145338737806,16,5,1,7,True,False,afternoon
2023-01-07 17:00:00,LOC_4,Resident,430,88.25585842705115,41.38752389284557,2.139808599672119,21.261924591626222,53.82520852681777,6.723881819744587,0.0,17,5,1,7,True,False,afternoon
2023-01-07 18:00:00,LOC_4,Resident,430,43.73185814458587,41.38752389284557,2.139808599672119,22.806664172892006,62.75232180038171,5.548290299060893,0.0,18,5,1,7,True,False,evening
2023-01-07 19:00:00,LOC_4,Resident,430,75.30978016060065,41.38752389284557,2.139808599672119,19.354734412006355,61.235222808285826,7.203634297625769,0.0,19,5,1,7,True,False,evening
2023-01-07 20:00:00,LOC_4,Resident,430,92.15316165740302,41.38752389284557,2.139808599672119,23.100345496960546,68.4690871395835,7.701028129495056,0.0,20,5,1,7,True,False,evening
2023-01-07 21:00:00,LOC_4,Resident,430,100.0,41.38752389284557,2.139808599672119,21.835906941231077,56.440418650518836,6.377403213705235,0.0,21,5,1,7,True,False,evening
2023-01-07 22:00:00,LOC_4,Resident,430,91.17496084079806,41.38752389284557,2.139808599672119,22.16208540483377,60.059821468630105,7.564403165960502,0.0,22,5,1,7,True,False,evening
2023-01-07 23:00:00,LOC_4,Resident,430,95.62207363992653,41.38752389284557,2.139808599672119,23.52407943607807,61.785931477013435,8.132421874669921,0.0,23,5,1,7,True,False,evening
2023-01-08 00:00:00,LOC_4,Resident,430,83.15698313614635,41.38752389284557,2.139808599672119,18.211304216987788,70.48310550083032,5.851715467181773,0.4484829164564948,0,6,1,8,True,False,night
2023-01-08 01:00:00,LOC_4,Resident,430,84.54996898489505,41.38752389284557,2.139808599672119,15.99582361152509,64.51693045758509,6.8118290365297165,0.0,1,6,1,8,True,False,night
2023-01-08 02:00:00,LOC_4,Resident,430,79.76568307976898,41.38752389284557,2.139808599672119,14.437291499125113,68.96246691209937,6.104677945928958,0.0,2,6,1,8,True,False,night
2023-01-08 03:00:00,LOC_4,Resident,430,100.0,41.38752389284557,2.139808599672119,13.297723580833352,73.18079424705425,7.623251132356885,0.0,3,6,1,8,True,False,night
2023-01-08 04:00:00,LOC_4,Resident,430,88.79102583782839,41.38752389284557,2.139808599672119,13.576354345938833,73.47193008624771,6.97889165059688,0.0,4,6,1,8,True,False,night
2023-01-08 05:00:00,LOC_4,Resident,430,100.0,41.38752389284557,2.139808599672119,13.384445563885212,72.3635486987435,7.151282356687844,0.0,5,6,1,8,True,False,night
2023-01-08 06:00:00,LOC_4,Resident,430,76.1128408323768,41.38752389284557,2.139808599672119,12.468047218605737,77.14111872460013,7.642701006621261,0.0,6,6,1,8,True,False,morning
2023-01-08 07:00:00,LOC_4,Resident,430,64.73912529601036,41.38752389284557,2.139808599672119,13.076646483781964,82.52359877787903,6.438293241418417,0.0,7,6,1,8,True,False,morning
2023-01-08 08:00:00,LOC_4,Resident,430,86.50851824285192,41.38752389284557,2.139808599672119,11.285028735141433,72.34937360017346,7.997075195498254,0.0,8,6,1,8,True,False,morning
2023-01-08 09:00:00,LOC_4,Resident,430,75.57414747690676,41.38752389284557,2.139808599672119,14.343579160767458,77.79182635782873,6.8523146293180535,0.0,9,6,1,8,True,False,morning
2023-01-08 10:00:00,LOC_4,Resident,430,76.62133296010938,41.38752389284557,2.139808599672119,11.413813987634313,72.61314061708367,5.728515403112527,0.0,10,6,1,8,True,False,morning
2023-01-08 11:00:00,LOC_4,Resident,430,50.14516905874713,41.38752389284557,2.139808599672119,18.185172980374734,80.48556385023322,7.343771065132054,0.0,11,6,1,8,True,False,morning
2023-01-08 12:00:00,LOC_4,Resident,430,64.06652006538116,41.38752389284557,2.139808599672119,15.03881647005582,64.8091019270295,7.637280406219925,0.0,12,6,1,8,True,False,afternoon
2023-01-08 13:00:00,LOC_4,Resident,430,84.99695225114986,41.38752389284557,2.139808599672119,13.286183995220505,67.20439254753593,6.209203897915715,0.0,13,6,1,8,True,False,afternoon
2023-01-08 14:00:00,LOC_4,Resident,430,56.77154325676007,41.38752389284557,2.139808599672119,14.159921230466475,69.2826469221452,7.831879016313999,0.0,14,6,1,8,True,False,afternoon
2023-01-08 15:00:00,LOC_4,Resident,430,55.8882818136732,41.38752389284557,2.139808599672119,18.56785750593508,72.62179479527427,7.980193254284521,0.0,15,6,1,8,True,False,afternoon
2023-01-08 16:00:00,LOC_4,Resident,430,78.53474510417412,41.38752389284557,2.139808599672119,18.36900242929776,62.039392694736144,6.0938990621233184,0.0,16,6,1,8,True,False,afternoon
2023-01-08 17:00:00,LOC_4,Resident,430,73.536680051781,41.38752389284557,2.139808599672119,21.286572767087577,57.506858808727216,8.215171992739796,0.0,17,6,1,8,True,False,afternoon
2023-01-08 18:00:00,LOC_4,Resident,430,60.37412820827674,41.38752389284557,2.139808599672119,21.60674933341124,68.08523717867465,5.688163997214667,0.0,18,6,1,8,True,False,evening
2023-01-08 19:00:00,LOC_4,Resident,430,63.45167906291272,41.38752389284557,2.139808599672119,21.02122687953757,50.42616108821616,5.873498119888665,0.0,19,6,1,8,True,False,evening
2023-01-08 20:00:00,LOC_4,Resident,430,65.19608036225442,41.38752389284557,2.139808599672119,19.650775957368847,46.317243429888286,5.821547196415209,0.0,20,6,1,8,True,False,evening
2023-01-08 21:00:00,LOC_4,Resident,430,95.31555193932866,41.38752389284557,2.139808599672119,18.15140520405793,59.83787294340735,7.9522632344204744,0.0,21,6,1,8,True,False,evening
2023-01-08 22:00:00,LOC_4,Resident,430,100.0,41.38752389284557,2.139808599672119,19.795674069973778,56.112320930021305,7.234593048012011,0.0,22,6,1,8,True,False,evening
2023-01-08 23:00:00,LOC_4,Resident,430,100.0,41.38752389284557,2.139808599672119,21.614014184033287,55.091402723573744,5.72944938755754,0.0,23,6,1,8,True,False,evening
2023-01-09 00:00:00,LOC_4,Resident,430,99.06115916978224,41.38752389284557,2.139808599672119,19.30097520939306,65.79620679423148,6.595527799331577,0.0,0,0,1,9,False,False,night
2023-01-09 01:00:00,LOC_4,Resident,430,96.2426040042078,41.38752389284557,2.139808599672119,15.182509714656117,65.8710290246958,7.121872484522904,0.0,1,0,1,9,False,False,night
2023-01-09 02:00:00,LOC_4,Resident,430,99.20644030953876,41.38752389284557,2.139808599672119,16.733357513805615,64.40561552210985,5.527791387388799,0.0,2,0,1,9,False,False,night
2023-01-09 03:00:00,LOC_4,Resident,430,83.75186720650714,41.38752389284557,2.139808599672119,15.870638098030465,63.39847132949995,7.926068818039095,0.0,3,0,1,9,False,False,night
2023-01-09 04:00:00,LOC_4,Resident,430,96.0692416183441,41.38752389284557,2.139808599672119,12.133485876457506,76.55988514368119,7.69105075609656,0.0,4,0,1,9,False,False,night
2023-01-09 05:00:00,LOC_4,Resident,430,93.91039132816827,41.38752389284557,2.139808599672119,13.180218518730907,77.5054692761136,6.797280763284433,0.0,5,0,1,9,False,False,night
2023-01-09 06:00:00,LOC_4,Resident,430,83.41657878127945,41.38752389284557,2.139808599672119,12.201693370140237,75.33356881460661,8.184460436211598,0.0,6,0,1,9,False,False,morning
2023-01-09 07:00:00,LOC_4,Resident,430,57.65923196421221,41.38752389284557,2.139808599672119,9.306933236293665,86.04743731632853,6.537783530505349,0.0,7,0,1,9,False,False,morning
2023-01-09 08:00:00,LOC_4,Resident,430,67.25745694631995,41.38752389284557,2.139808599672119,12.145176963505943,71.79037168275049,8.238251405671368,0.0,8,0,1,9,False,False,morning
2023-01-09 09:00:00,LOC_4,Resident,430,40.332553772049835,41.38752389284557,2.139808599672119,12.728640708036643,69.15823083477596,7.291100153759984,0.0,9,0,1,9,False,False,morning
2023-01-09 10:00:00,LOC_4,Resident,430,32.62096073053391,41.38752389284557,2.139808599672119,14.279774058985112,72.31311650532466,7.192773538073174,0.0,10,0,1,9,False,False,morning
2023-01-09 11:00:00,LOC_4,Resident,430,26.335981149708388,41.38752389284557,2.139808599672119,15.022965851728612,73.9413464229049,5.788043816605664,0.0,11,0,1,9,False,False,morning
2023-01-09 12:00:00,LOC_4,Resident,430,42.55758254655393,41.38752389284557,2.139808599672119,11.202653233284565,73.30071330821598,7.937381668753681,0.0,12,0,1,9,False,False,afternoon
2023-01-09 13:00:00,LOC_4,Resident,430,32.89428214031771,41.38752389284557,2.139808599672119,13.295342229384739,68.45183509228839,6.575486570707363,0.0,13,0,1,9,False,False,afternoon
2023-01-09 14:00:00,LOC_4,Resident,430,46.11082387863291,41.38752389284557,2.139808599672119,17.502252880945,68.81591228951612,5.781136686652974,0.0,14,0,1,9,False,False,afternoon
2023-01-09 15:00:00,LOC_4,Resident,430,41.99200105970563,41.38752389284557,2.139808599672119,18.80094352828605,58.1955596261245,5.333677840117083,0.0,15,0,1,9,False,False,afternoon
2023-01-09 16:00:00,LOC_4,Resident,430,32.97039125897222,41.38752389284557,2.139808599672119,20.01646506695413,69.24608363168224,6.976540989783555,0.0,16,0,1,9,False,False,afternoon
2023-01-09 17:00:00,LOC_4,Resident,430,48.13004582746318,41.38752389284557,2.139808599672119,27.734459110299653,59.53125185005674,6.880891310979523,0.0,17,0,1,9,False,False,afternoon
2023-01-09 18:00:00,LOC_4,Resident,430,80.56299041553041,41.38752389284557,2.139808599672119,21.972462023755053,63.925117153203196,7.458171663796781,0.0,18,0,1,9,False,False,evening
2023-01-09 19:00:00,LOC_4,Resident,430,72.39424900589377,41.38752389284557,2.139808599672119,23.60840538366731,59.039078525276295,7.97230315342556,0.0,19,0,1,9,False,False,evening
2023-01-09 20:00:00,LOC_4,Resident,430,89.34314905513791,41.38752389284557,2.139808599672119,23.42273871163858,59.25429572646457,5.541166790859523,0.0,20,0,1,9,False,False,evening
2023-01-09 21:00:00,LOC_4,Resident,430,86.06849328402855,41.38752389284557,2.139808599672119,22.654236252230042,60.14592890192412,7.498854394655708,0.0,21,0,1,9,False,False,evening
2023-01-09 22:00:00,LOC_4,Resident,430,89.56795383570818,41.38752389284557,2.139808599672119,20.22850179841784,60.5204622246895,5.868018486048015,0.0,22,0,1,9,False,False,evening
2023-01-09 23:00:00,LOC_4,Resident,430,99.57713703382365,41.38752389284557,2.139808599672119,21.58947347973432,63.07054372184214,7.881731386034502,0.0,23,0,1,9,False,False,evening
2023-01-10 00:00:00,LOC_4,Resident,430,84.68761944267573,41.38752389284557,2.139808599672119,17.49743777756767,68.55958623737652,7.76580818291353,0.0,0,1,1,10,False,False,night
2023-01-10 01:00:00,LOC_4,Resident,430,83.99285631065119,41.38752389284557,2.139808599672119,17.370632498646195,65.29406642425491,6.932416162279356,0.0,1,1,1,10,False,False,night
2023-01-10 02:00:00,LOC_4,Resident,430,90.31040125685924,41.38752389284557,2.139808599672119,15.586532873423637,70.43049884977889,7.442180389686303,0.0,2,1,1,10,False,False,night
2023-01-10 03:00:00,LOC_4,Resident,430,100.0,41.38752389284557,2.139808599672119,15.43399770366235,69.01082267878445,6.255919269631707,0.0,3,1,1,10,False,False,night
2023-01-10 04:00:00,LOC_4,Resident,430,84.78869692818961,41.38752389284557,2.139808599672119,18.700745660277242,79.05772902338691,6.727789402184488,0.0,4,1,1,10,False,False,night
2023-01-10 05:00:00,LOC_4,Resident,430,76.86079139217703,41.38752389284557,2.139808599672119,9.308447303904988,70.53208311152667,7.780613012135659,0.0,5,1,1,10,False,False,night
2023-01-10 06:00:00,LOC_4,Resident,430,95.25093965116648,41.38752389284557,2.139808599672119,13.627987212858176,84.49376850033576,6.69491436172591,0.0,6,1,1,10,False,False,morning
2023-01-10 07:00:00,LOC_4,Resident,430,51.03903617210213,41.38752389284557,2.139808599672119,8.537614417492414,76.27311792703486,6.391929854239737,0.0,7,1,1,10,False,False,morning
2023-01-10 08:00:00,LOC_4,Resident,430,61.092993624315625,41.38752389284557,2.139808599672119,10.655892180656375,69.64661266493927,6.802588524197949,0.0,8,1,1,10,False,False,morning
2023-01-10 09:00:00,LOC_4,Resident,430,42.61760249053415,41.38752389284557,2.139808599672119,13.955107772632598,77.08610891715821,7.806114899340297,0.23261442908307975,9,1,1,10,False,False,morning
2023-01-10 10:00:00,LOC_4,Resident,430,41.959992136440945,41.38752389284557,2.139808599672119,12.412347700667409,72.02716638767262,6.3284070783923525,0.0,10,1,1,10,False,False,morning
2023-01-10 11:00:00,LOC_4,Resident,430,49.173530439585825,41.38752389284557,2.139808599672119,10.929969360568453,78.03229991208948,5.845483343879192,0.0,11,1,1,10,False,False,morning
2023-01-10 12:00:00,LOC_4,Resident,430,38.74589441363425,41.38752389284557,2.139808599672119,12.697462710865231,68.48073984471772,7.461656086869376,0.0,12,1,1,10,False,False,afternoon
2023-01-10 13:00:00,LOC_4,Resident,430,31.46364801483943,41.38752389284557,2.139808599672119,16.70024687119053,67.08698008728375,7.804963957891002,0.0,13,1,1,10,False,False,afternoon
2023-01-10 14:00:00,LOC_4,Resident,430,20.11831054771932,41.38752389284557,2.139808599672119,15.181488963630814,57.267851891142165,5.6303568809836175,0.0,14,1,1,10,False,False,afternoon
2023-01-10 15:00:00,LOC_4,Resident,430,30.24502417764483,41.38752389284557,2.139808599672119,18.376309415115507,61.85168393185149,6.049481740355625,0.0,15,1,1,10,False,False,afternoon
2023-01-10 16:00:00,LOC_4,Resident,430,27.69695518778448,41.38752389284557,2.139808599672119,19.247514625123316,49.56786147622383,5.75719015834612,0.0,16,1,1,10,False,False,afternoon
2023-01-10 17:00:00,LOC_4,Resident,430,46.98012658613584,41.38752389284557,2.139808599672119,18.895777238777146,51.68253001459382,6.376513040357709,0.0,17,1,1,10,False,False,afternoon
2023-01-10 18:00:00,LOC_4,Resident,430,58.16329852132633,41.38752389284557,2.139808599672119,25.288531452594032,61.80078673283472,6.685156187720477,0.0,18,1,1,10,False,False,evening
2023-01-10 19:00:00,LOC_4,Resident,430,84.18248041966866,41.38752389284557,2.139808599672119,22.775054798654125,60.91456728521796,7.581996535404471,0.0,19,1,1,10,False,False,evening
2023-01-10 20:00:00,LOC_4,Resident,430,59.51726928638143,41.38752389284557,2.139808599672119,17.6343729537576,58.757971554779196,7.290374380059586,0.0,20,1,1,10,False,False,evening
2023-01-10 21:00:00,LOC_4,Resident,430,100.0,41.38752389284557,2.139808599672119,21.894265525868065,52.122405491695524,7.201131255412067,0.0,21,1,1,10,False,False,evening
2023-01-10 22:00:00,LOC_4,Resident,430,96.7274072918362,41.38752389284557,2.139808599672119,19.705350621754285,57.70359611670798,6.396884146302737,0.0,22,1,1,10,False,False,evening
2023-01-10 23:00:00,LOC_4,Resident,430,100.0,41.38752389284557,2.139808599672119,21.946265001416403,59.49919064089924,7.865515544432524,0.0,23,1,1,10,False,False,evening
2023-01-11 00:00:00,LOC_4,Resident,430,81.91491629898027,41.38752389284557,2.139808599672119,17.62788996494937,55.78231367040774,6.756447790557449,0.0,0,2,1,11,False,False,night
2023-01-11 01:00:00,LOC_4,Resident,430,88.45600693193816,41.38752389284557,2.139808599672119,17.784619919082647,71.48880590480286,8.281314329346232,0.0,1,2,1,11,False,False,night
2023-01-11 02:00:00,LOC_4,Resident,430,89.86647796794867,41.38752389284557,2.139808599672119,17.737037384284086,70.93268580023201,7.247838980151846,0.41613920833230833,2,2,1,11,False,False,night
2023-01-11 03:00:00,LOC_4,Resident,430,93.05895297775176,41.38752389284557,2.139808599672119,17.17154235046562,68.01511520660091,5.7256196622211055,0.0,3,2,1,11,False,False,night
2023-01-11 04:00:00,LOC_4,Resident,430,95.25192033249316,41.38752389284557,2.139808599672119,11.840597842702392,71.65204788134477,7.37677081758909,0.0,4,2,1,11,False,False,night
2023-01-11 05:00:00,LOC_4,Resident,430,98.28007173910493,41.38752389284557,2.139808599672119,12.543716852602547,74.61647539116888,6.324962692338533,0.0,5,2,1,11,False,False,night
2023-01-11 06:00:00,LOC_4,Resident,430,96.03324590285868,41.38752389284557,2.139808599672119,11.475297262970173,64.94094988729437,7.410044570901149,0.0,6,2,1,11,False,False,morning
2023-01-11 07:00:00,LOC_4,Resident,430,68.90108567003155,41.38752389284557,2.139808599672119,10.626088078579537,74.89861999994311,5.561398579521677,0.0,7,2,1,11,False,False,morning
2023-01-11 08:00:00,LOC_4,Resident,430,79.59710121166815,41.38752389284557,2.139808599672119,15.300344020020948,73.0512076810935,5.878531419419629,0.0,8,2,1,11,False,False,morning
2023-01-11 09:00:00,LOC_4,Resident,430,59.752085824824896,41.38752389284557,2.139808599672119,12.756828783918198,71.09816922653285,7.922510675405685,0.0,9,2,1,11,False,False,morning
2023-01-11 10:00:00,LOC_4,Resident,430,43.272924656688346,41.38752389284557,2.139808599672119,9.931657605897087,73.68764750643587,6.038249177768419,0.0,10,2,1,11,False,False,morning
2023-01-11 11:00:00,LOC_4,Resident,430,39.14093511708719,41.38752389284557,2.139808599672119,15.090799644147719,82.47828113417128,7.869245306923001,0.0,11,2,1,11,False,False,morning
2023-01-11 12:00:00,LOC_4,Resident,430,28.806585059816612,41.38752389284557,2.139808599672119,18.541978251280888,74.6088825918238,6.197361436814355,0.0,12,2,1,11,False,False,afternoon
2023-01-11 13:00:00,LOC_4,Resident,430,46.15155093615317,41.38752389284557,2.139808599672119,17.575556429303084,66.12285323468444,7.289589956918801,0.0,13,2,1,11,False,False,afternoon
2023-01-11 14:00:00,LOC_4,Resident,430,25.991781253378843,41.38752389284557,2.139808599672119,13.77303554980653,69.23936294335168,7.444806816872404,0.0,14,2,1,11,False,False,afternoon
2023-01-11 15:00:00,LOC_4,Resident,430,62.900437399012056,41.38752389284557,2.139808599672119,17.14445597741004,70.77092893664492,6.901730038961146,0.0,15,2,1,11,False,False,afternoon
2023-01-11 16:00:00,LOC_4,Resident,430,17.599494206053613,41.38752389284557,2.139808599672119,21.859703676204084,65.97140565890217,6.281108305656362,0.0,16,2,1,11,False,False,afternoon
2023-01-11 17:00:00,LOC_4,Resident,430,44.45009080400062,41.38752389284557,2.139808599672119,18.953127893384217,59.56121820035732,6.004519712851096,0.0,17,2,1,11,False,False,afternoon
2023-01-11 18:00:00,LOC_4,Resident,430,56.83025916647226,41.38752389284557,2.139808599672119,22.05774939179145,54.42509504047415,5.4675647670026395,0.0,18,2,1,11,False,False,evening
2023-01-11 19:00:00,LOC_4,Resident,430,55.388194784958024,41.38752389284557,2.139808599672119,23.225930406170892,60.13779196944352,6.281245837295547,0.0,19,2,1,11,False,False,evening
2023-01-11 20:00:00,LOC_4,Resident,430,89.90703749559177,41.38752389284557,2.139808599672119,20.00022092577634,58.259263189243725,7.330304745380351,0.0,20,2,1,11,False,False,evening
2023-01-11 21:00:00,LOC_4,Resident,430,81.11236373242218,41.38752389284557,2.139808599672119,21.571708035469157,61.09444860495315,8.18714037857493,0.0,21,2,1,11,False,False,evening
2023-01-11 22:00:00,LOC_4,Resident,430,93.130594102655,41.38752389284557,2.139808599672119,14.71576874466987,60.77925215879382,7.987248727966319,0.0,22,2,1,11,False,False,evening
2023-01-11 23:00:00,LOC_4,Resident,430,100.0,41.38752389284557,2.139808599672119,18.361980857786584,64.42625129568634,7.673238776510393,0.0,23,2,1,11,False,False,evening
2023-01-12 00:00:00,LOC_4,Resident,430,81.75544696640328,41.38752389284557,2.139808599672119,18.877130795646124,58.55928974533227,7.741795449446384,0.0,0,3,1,12,False,False,night
2023-01-12 01:00:00,LOC_4,Resident,430,87.29868158963782,41.38752389284557,2.139808599672119,15.687839855574468,70.22015788916329,7.372816909226299,0.0,1,3,1,12,False,False,night
2023-01-12 02:00:00,LOC_4,Resident,430,85.60960735751067,41.38752389284557,2.139808599672119,20.161176525439267,67.19529018831,6.160131356213208,0.0,2,3,1,12,False,False,night
2023-01-12 03:00:00,LOC_4,Resident,430,92.13054465911624,41.38752389284557,2.139808599672119,12.749017884128564,79.15770308302666,8.102264265229977,0.0,3,3,1,12,False,False,night
2023-01-12 04:00:00,LOC_4,Resident,430,87.72020696783727,41.38752389284557,2.139808599672119,13.53034786093411,67.73318724089602,7.3942843025831175,0.0,4,3,1,12,False,False,night
2023-01-12 05:00:00,LOC_4,Resident,430,70.38683419239948,41.38752389284557,2.139808599672119,13.643424068890072,81.91593318719046,7.064817256991446,0.0,5,3,1,12,False,False,night
2023-01-12 06:00:00,LOC_4,Resident,430,74.5129911139349,41.38752389284557,2.139808599672119,15.476935378918338,75.80077631574103,5.717871571582103,1.1313208174510563,6,3,1,12,False,False,morning
2023-01-12 07:00:00,LOC_4,Resident,430,52.5783528771009,41.38752389284557,2.139808599672119,9.230200395275588,72.53906058665882,6.727477397235238,0.0,7,3,1,12,False,False,morning
2023-01-12 08:00:00,LOC_4,Resident,430,79.95761078261552,41.38752389284557,2.139808599672119,14.264918349054298,73.70338914023962,6.768792982554655,0.0,8,3,1,12,False,False,morning
2023-01-12 09:00:00,LOC_4,Resident,430,32.960709792300655,41.38752389284557,2.139808599672119,12.136463853675586,74.16626799575559,7.9828162011843595,0.0,9,3,1,12,False,False,morning
2023-01-12 10:00:00,LOC_4,Resident,430,53.398613151683094,41.38752389284557,2.139808599672119,10.659517559454084,76.87576000890961,7.030477036657801,0.0,10,3,1,12,False,False,morning
2023-01-12 11:00:00,LOC_4,Resident,430,42.83025403009187,41.38752389284557,2.139808599672119,14.348368935890223,75.76585346545014,6.533140825570513,0.0,11,3,1,12,False,False,morning
2023-01-12 12:00:00,LOC_4,Resident,430,44.63098164275525,41.38752389284557,2.139808599672119,14.864848289082703,68.19804218443558,8.32374676511913,0.0,12,3,1,12,False,False,afternoon
2023-01-12 13:00:00,LOC_4,Resident,430,37.63824589939936,41.38752389284557,2.139808599672119,14.479231910941813,68.51889570817629,5.726913958133349,0.0,13,3,1,12,False,False,afternoon
2023-01-12 14:00:00,LOC_4,Resident,430,20.61944369698106,41.38752389284557,2.139808599672119,17.120396038167517,76.74976805668436,6.66380365857333,0.0,14,3,1,12,False,False,afternoon
2023-01-12 15:00:00,LOC_4,Resident,430,37.2353327972179,41.38752389284557,2.139808599672119,17.511289858354097,72.07388174634832,5.523638390827219,0.0,15,3,1,12,False,False,afternoon
2023-01-12 16:00:00,LOC_4,Resident,430,44.09748126760819,41.38752389284557,2.139808599672119,19.721885452790485,63.19191682379418,7.618682514758389,0.0,16,3,1,12,False,False,afternoon
2023-01-12 17:00:00,LOC_4,Resident,430,57.72392548798012,41.38752389284557,2.139808599672119,21.861673926715124,59.11519223549494,8.15460539094551,0.0,17,3,1,12,False,False,afternoon
2023-01-12 18:00:00,LOC_4,Resident,430,76.8909645983314,41.38752389284557,2.139808599672119,24.511066202519252,57.92209149313421,6.241893098912739,0.0,18,3,1,12,False,False,evening
2023-01-12 19:00:00,LOC_4,Resident,430,64.73579821593674,41.38752389284557,2.139808599672119,19.369929531162757,59.37646880601916,7.978211309871586,0.0,19,3,1,12,False,False,evening
2023-01-12 20:00:00,LOC_4,Resident,430,99.41463410049514,41.38752389284557,2.139808599672119,26.289022955632603,50.840124761367825,6.281245932649707,0.0,20,3,1,12,False,False,evening
2023-01-12 21:00:00,LOC_4,Resident,430,77.24002180570848,41.38752389284557,2.139808599672119,17.95543350693957,54.99389910091412,8.138306479839592,0.0,21,3,1,12,False,False,evening
2023-01-12 22:00:00,LOC_4,Resident,430,83.14139682488988,41.38752389284557,2.139808599672119,21.063559527266186,48.92282019593735,7.669286250473384,0.0,22,3,1,12,False,False,evening
2023-01-12 23:00:00,LOC_4,Resident,430,93.89210065850187,41.38752389284557,2.139808599672119,21.756192693236827,60.836999052491045,7.823525205391303,0.0,23,3,1,12,False,False,evening
2023-01-13 00:00:00,LOC_4,Resident,430,90.88962880370644,41.38752389284557,2.139808599672119,20.113028734156256,64.13388970114131,5.464228666538602,0.0,0,4,1,13,False,False,night
2023-01-13 01:00:00,LOC_4,Resident,430,97.03340500025396,41.38752389284557,2.139808599672119,17.106760753728516,60.879748101763724,8.300043984793497,0.0,1,4,1,13,False,False,night
2023-01-13 02:00:00,LOC_4,Resident,430,94.7915358852126,41.38752389284557,2.139808599672119,16.648838577521822,73.7397676599774,7.593029591858244,0.0,2,4,1,13,False,False,night
2023-01-13 03:00:00,LOC_4,Resident,430,100.0,41.38752389284557,2.139808599672119,14.792003431382998,62.31516108358697,6.328673391401054,0.0,3,4,1,13,False,False,night
2023-01-13 04:00:00,LOC_4,Resident,430,92.16922146456687,41.38752389284557,2.139808599672119,13.400387394289169,63.51989178259571,7.90400737621206,0.0,4,4,1,13,False,False,night
2023-01-13 05:00:00,LOC_4,Resident,430,99.11350897677636,41.38752389284557,2.139808599672119,15.24980250862901,74.02106246362594,6.261790039348729,0.0,5,4,1,13,False,False,night
2023-01-13 06:00:00,LOC_4,Resident,430,78.74733034294027,41.38752389284557,2.139808599672119,13.477050412638386,79.70945263164418,8.036890810624481,0.0,6,4,1,13,False,False,morning
2023-01-13 07:00:00,LOC_4,Resident,430,83.46295123608051,41.38752389284557,2.139808599672119,10.884711299934763,83.8785774763772,5.757773095616093,0.0,7,4,1,13,False,False,morning
2023-01-13 08:00:00,LOC_4,Resident,430,73.84172648291954,41.38752389284557,2.139808599672119,13.90637145459099,73.49123527820632,7.532492273127285,0.0,8,4,1,13,False,False,morning
2023-01-13 09:00:00,LOC_4,Resident,430,43.2827228055502,41.38752389284557,2.139808599672119,12.899152611800156,80.82429702706261,7.044931970233187,0.0,9,4,1,13,False,False,morning
2023-01-13 10:00:00,LOC_4,Resident,430,15.83700602873427,41.38752389284557,2.139808599672119,14.416789830353633,74.22532646714504,5.713841932905904,0.0,10,4,1,13,False,False,morning
2023-01-13 11:00:00,LOC_4,Resident,430,39.09879291676513,41.38752389284557,2.139808599672119,14.851925208349538,71.95152845129128,6.151321770863528,0.0,11,4,1,13,False,False,morning
2023-01-13 12:00:00,LOC_4,Resident,430,48.13646336399706,41.38752389284557,2.139808599672119,12.977219132553813,75.14788137863744,5.464253939711536,0.0,12,4,1,13,False,False,afternoon
2023-01-13 13:00:00,LOC_4,Resident,430,27.497002698252963,41.38752389284557,2.139808599672119,14.727758473974898,71.56537328332944,6.8347470523698055,0.0,13,4,1,13,False,False,afternoon
2023-01-13 14:00:00,LOC_4,Resident,430,48.927028192988445,41.38752389284557,2.139808599672119,18.64380851352739,57.81959660851702,6.3336400429361746,0.0,14,4,1,13,False,False,afternoon
2023-01-13 15:00:00,LOC_4,Resident,430,53.25378139072006,41.38752389284557,2.139808599672119,19.6710614773717,70.48205985561994,7.22631759709171,0.0,15,4,1,13,False,False,afternoon
2023-01-13 16:00:00,LOC_4,Resident,430,38.34663008014582,41.38752389284557,2.139808599672119,19.62142584148357,67.57399871191353,6.324359229008225,0.0,16,4,1,13,False,False,afternoon
2023-01-13 17:00:00,LOC_4,Resident,430,31.06941720886051,41.38752389284557,2.139808599672119,20.940419897487335,55.46065623071281,6.333803579508361,0.0,17,4,1,13,False,False,afternoon
2023-01-13 18:00:00,LOC_4,Resident,430,56.96536817421972,41.38752389284557,2.139808599672119,24.06268911446436,58.964299021412025,7.665026056987874,0.0,18,4,1,13,False,False,evening
2023-01-13 19:00:00,LOC_4,Resident,430,57.204559323756385,41.38752389284557,2.139808599672119,20.830718616668634,58.44242814273311,5.581274960514051,0.0,19,4,1,13,False,False,evening
2023-01-13 20:00:00,LOC_4,Resident,430,100.0,41.38752389284557,2.139808599672119,23.285425860464805,56.92090663287007,8.146931205200909,0.0,20,4,1,13,False,False,evening
2023-01-13 21:00:00,LOC_4,Resident,430,86.90618032046584,41.38752389284557,2.139808599672119,21.623472632631593,53.19275835577414,7.996437384384353,0.0,21,4,1,13,False,False,evening
2023-01-13 22:00:00,LOC_4,Resident,430,100.0,41.38752389284557,2.139808599672119,21.099989995550594,53.57117835629967,7.444459126295788,0.0,22,4,1,13,False,False,evening
2023-01-13 23:00:00,LOC_4,Resident,430,94.61571949899844,41.38752389284557,2.139808599672119,22.94530843551879,58.376720181953964,7.222108875444487,0.0,23,4,1,13,False,False,evening
2023-01-14 00:00:00,LOC_4,Resident,430,87.94012038395533,41.38752389284557,2.139808599672119,21.370047828017714,66.42521483621351,8.120750520427288,0.0,0,5,1,14,True,False,night
2023-01-14 01:00:00,LOC_4,Resident,430,88.65981866116624,41.38752389284557,2.139808599672119,20.14732279028839,65.67739373639795,6.001232197141045,0.0,1,5,1,14,True,False,night
2023-01-14 02:00:00,LOC_4,Resident,430,100.0,41.38752389284557,2.139808599672119,19.844157924521184,63.68052771914442,5.683547548614991,0.0,2,5,1,14,True,False,night
2023-01-14 03:00:00,LOC_4,Resident,430,100.0,41.38752389284557,2.139808599672119,15.98810363651151,71.96630164674976,6.166568745480333,0.0,3,5,1,14,True,False,night
2023-01-14 04:00:00,LOC_4,Resident,430,66.11903952033153,41.38752389284557,2.139808599672119,16.111086837406127,56.26292510721723,7.833171015063811,0.0,4,5,1,14,True,False,night
2023-01-14 05:00:00,LOC_4,Resident,430,76.39053600392435,41.38752389284557,2.139808599672119,13.098102035669756,78.30655740414718,5.5548446911373315,3.4444091497533775,5,5,1,14,True,False,night
2023-01-14 06:00:00,LOC_4,Resident,430,97.61847522225288,41.38752389284557,2.139808599672119,13.57936254113757,65.43937143378812,7.200651876267045,0.0,6,5,1,14,True,False,morning
2023-01-14 07:00:00,LOC_4,Resident,430,82.55977502521561,41.38752389284557,2.139808599672119,12.17822785192118,73.31076737167123,8.439941166994307,0.0,7,5,1,14,True,False,morning
2023-01-14 08:00:00,LOC_4,Resident,430,79.37500926974828,41.38752389284557,2.139808599672119,12.46912009223773,69.85139420236469,8.022113913963077,0.0,8,5,1,14,True,False,morning
2023-01-14 09:00:00,LOC_4,Resident,430,78.49061976177528,41.38752389284557,2.139808599672119,13.642796981369038,68.62162676040506,7.020759479518879,0.0,9,5,1,14,True,False,morning
2023-01-14 10:00:00,LOC_4,Resident,430,75.99254509926458,41.38752389284557,2.139808599672119,11.322526402184593,79.88619839958952,5.648741685374674,0.0,10,5,1,14,True,False,morning
2023-01-14 11:00:00,LOC_4,Resident,430,62.764289135215336,41.38752389284557,2.139808599672119,17.945316980997678,70.14040913418702,7.953335810269029,0.0,11,5,1,14,True,False,morning
2023-01-14 12:00:00,LOC_4,Resident,430,49.345926072121514,41.38752389284557,2.139808599672119,12.791021939306718,72.12640600404133,7.2575468649928565,0.0,12,5,1,14,True,False,afternoon
2023-01-14 13:00:00,LOC_4,Resident,430,87.17744330524731,41.38752389284557,2.139808599672119,13.587563433134424,67.7335157881843,5.806806168023199,0.0,13,5,1,14,True,False,afternoon
2023-01-14 14:00:00,LOC_4,Resident,430,64.32444769133483,41.38752389284557,2.139808599672119,19.63323562471823,67.75117638067941,5.7449746300136875,0.0,14,5,1,14,True,False,afternoon
2023-01-14 15:00:00,LOC_4,Resident,430,70.68379459384109,41.38752389284557,2.139808599672119,20.201411292641506,63.14793764587,8.193678594150384,0.0,15,5,1,14,True,False,afternoon
2023-01-14 16:00:00,LOC_4,Resident,430,61.12996858564714,41.38752389284557,2.139808599672119,21.079205919192333,53.9231063088811,7.4737940458318395,0.0,16,5,1,14,True,False,afternoon
2023-01-14 17:00:00,LOC_4,Resident,430,75.73654707507293,41.38752389284557,2.139808599672119,22.130165616245694,63.234384901801434,7.955448536307145,0.0,17,5,1,14,True,False,afternoon
2023-01-14 18:00:00,LOC_4,Resident,430,59.052150359009815,41.38752389284557,2.139808599672119,21.650547368932457,54.18113525494086,8.105919479987621,0.0,18,5,1,14,True,False,evening
2023-01-14 19:00:00,LOC_4,Resident,430,80.23901488309055,41.38752389284557,2.139808599672119,20.387006281733374,47.85406045729117,7.185694234796906,0.0,19,5,1,14,True,False,evening
2023-01-14 20:00:00,LOC_4,Resident,430,100.0,41.38752389284557,2.139808599672119,22.51046579725183,53.141710833441685,7.024110391438,0.0,20,5,1,14,True,False,evening
2023-01-14 21:00:00,LOC_4,Resident,430,91.68044297855432,41.38752389284557,2.139808599672119,20.84113196335307,63.11288818041697,6.764447481949361,0.0,21,5,1,14,True,False,evening
2023-01-14 22:00:00,LOC_4,Resident,430,82.13498770394074,41.38752389284557,2.139808599672119,23.65316109763455,60.845265448969364,6.425398685748728,0.0,22,5,1,14,True,False,evening
2023-01-14 23:00:00,LOC_4,Resident,430,91.904848653147,41.38752389284557,2.139808599672119,20.6211808910426,56.42614801986694,6.7797402321989635,0.0,23,5,1,14,True,False,evening
2023-01-15 00:00:00,LOC_4,Resident,430,96.1438889327299,41.38752389284557,2.139808599672119,18.235733266474476,58.48025615828886,7.798984499202369,0.0,0,6,1,15,True,False,night
2023-01-15 01:00:00,LOC_4,Resident,430,96.4100090050163,41.38752389284557,2.139808599672119,18.04501588633587,61.016249604629365,7.284508761871246,0.0,1,6,1,15,True,False,night
2023-01-15 02:00:00,LOC_4,Resident,430,79.59202808003883,41.38752389284557,2.139808599672119,18.2265187052916,75.5824283243235,8.157701029212609,0.37669993602088275,2,6,1,15,True,False,night
2023-01-15 03:00:00,LOC_4,Resident,430,95.05628116009235,41.38752389284557,2.139808599672119,14.986073683189817,69.68263168356224,6.811663645999637,0.0,3,6,1,15,True,False,night
2023-01-15 04:00:00,LOC_4,Resident,430,71.62766166483814,41.38752389284557,2.139808599672119,13.270138202124672,72.32105024944028,7.304184534807769,0.3169504858103928,4,6,1,15,True,False,night
2023-01-15 05:00:00,LOC_4,Resident,430,100.0,41.38752389284557,2.139808599672119,14.373379247051785,77.3794076220233,7.378230405276106,0.0,5,6,1,15,True,False,night
2023-01-15 06:00:00,LOC_4,Resident,430,61.98325004456346,41.38752389284557,2.139808599672119,13.588303344254609,74.99720539105823,7.260790931110847,0.0,6,6,1,15,True,False,morning
2023-01-15 07:00:00,LOC_4,Resident,430,58.68843120707006,41.38752389284557,2.139808599672119,11.591938980366043,73.49313860867989,7.594992211767278,0.0,7,6,1,15,True,False,morning
2023-01-15 08:00:00,LOC_4,Resident,430,51.77153628931902,41.38752389284557,2.139808599672119,11.500333839967693,74.13342985216643,6.200782495365286,0.0,8,6,1,15,True,False,morning
2023-01-15 09:00:00,LOC_4,Resident,430,88.24519042420901,41.38752389284557,2.139808599672119,13.083835926602793,74.40252159915465,7.026964369303944,0.0,9,6,1,15,True,False,morning
2023-01-15 10:00:00,LOC_4,Resident,430,83.23620989498869,41.38752389284557,2.139808599672119,10.230022953444445,73.5615055445726,5.8039381394972995,0.0,10,6,1,15,True,False,morning
2023-01-15 11:00:00,LOC_4,Resident,430,62.12484247912138,41.38752389284557,2.139808599672119,11.112809409026479,75.78267380262571,6.646188155676903,0.0,11,6,1,15,True,False,morning
2023-01-15 12:00:00,LOC_4,Resident,430,84.514257776629,41.38752389284557,2.139808599672119,13.533333362304484,70.31928581941779,6.9570455668256646,0.0,12,6,1,15,True,False,afternoon
2023-01-15 13:00:00,LOC_4,Resident,430,84.45068567999982,41.38752389284557,2.139808599672119,15.756181946140092,71.29704788695032,7.452107073651694,0.3396006046120076,13,6,1,15,True,False,afternoon
2023-01-15 14:00:00,LOC_4,Resident,430,60.66417536559267,41.38752389284557,2.139808599672119,18.10593500213411,64.62817735758088,8.348417131946231,0.0,14,6,1,15,True,False,afternoon
2023-01-15 15:00:00,LOC_4,Resident,430,65.05120168908749,41.38752389284557,2.139808599672119,21.735874648231526,62.8228515229156,7.3001665974090315,0.0,15,6,1,15,True,False,afternoon
2023-01-15 16:00:00,LOC_4,Resident,430,72.22099535960695,41.38752389284557,2.139808599672119,21.713332071551577,50.01297092704439,7.7303843135591865,0.0,16,6,1,15,True,False,afternoon
2023-01-15 17:00:00,LOC_4,Resident,430,61.20788157322682,41.38752389284557,2.139808599672119,20.720614222353777,62.50065580895115,7.019789653755187,0.0,17,6,1,15,True,False,afternoon
2023-01-15 18:00:00,LOC_4,Resident,430,75.98449960021053,41.38752389284557,2.139808599672119,21.80399524196501,58.0483870639492,7.404692221898633,0.0,18,6,1,15,True,False,evening
2023-01-15 19:00:00,LOC_4,Resident,430,55.61624996160881,41.38752389284557,2.139808599672119,20.343413011246135,60.29310706825475,5.716565170216603,0.0,19,6,1,15,True,False,evening
2023-01-15 20:00:00,LOC_4,Resident,430,92.07637902384256,41.38752389284557,2.139808599672119,22.48875701147641,40.46715654210918,6.268331399217778,0.0,20,6,1,15,True,False,evening
2023-01-15 21:00:00,LOC_4,Resident,430,99.72819668038984,41.38752389284557,2.139808599672119,21.785034512036876,65.71716994414933,6.5921038113017785,0.0,21,6,1,15,True,False,evening
2023-01-15 22:00:00,LOC_4,Resident,430,84.80836784014221,41.38752389284557,2.139808599672119,22.515224870016635,55.562476360543215,6.925412211103193,0.0,22,6,1,15,True,False,evening
2023-01-15 23:00:00,LOC_4,Resident,430,91.9588508865704,41.38752389284557,2.139808599672119,19.42766951467927,63.376651280119745,5.646265735677387,0.0,23,6,1,15,True,False,evening
2023-01-16 00:00:00,LOC_4,Resident,430,100.0,41.38752389284557,2.139808599672119,21.092225979644216,54.693404462048605,5.930778882892327,0.0,0,0,1,16,False,False,night
2023-01-16 01:00:00,LOC_4,Resident,430,86.91578297831224,41.38752389284557,2.139808599672119,21.92004014430008,65.35474488872299,6.342536341930383,0.0,1,0,1,16,False,False,night
2023-01-16 02:00:00,LOC_4,Resident,430,92.88379706678144,41.38752389284557,2.139808599672119,17.349879620231494,59.5981223498413,8.428078056132193,0.0,2,0,1,16,False,False,night
2023-01-16 03:00:00,LOC_4,Resident,430,100.0,41.38752389284557,2.139808599672119,17.08365963936913,64.32068280617848,6.508907305445923,0.0,3,0,1,16,False,False,night
2023-01-16 04:00:00,LOC_4,Resident,430,94.50310978722626,41.38752389284557,2.139808599672119,16.461549583254513,79.40763356966936,6.962375494302705,1.0701137519038946,4,0,1,16,False,False,night
2023-01-16 05:00:00,LOC_4,Resident,430,79.98466741922218,41.38752389284557,2.139808599672119,13.250215601320798,70.94127490599833,6.1059312284202205,0.0,5,0,1,16,False,False,night
2023-01-16 06:00:00,LOC_4,Resident,430,100.0,41.38752389284557,2.139808599672119,13.713175915396638,74.557182462347,7.351363807366904,0.0,6,0,1,16,False,False,morning
2023-01-16 07:00:00,LOC_4,Resident,430,85.17544846928087,41.38752389284557,2.139808599672119,12.797599825404976,78.805508605761,6.362458477605268,0.0,7,0,1,16,False,False,morning
2023-01-16 08:00:00,LOC_4,Resident,430,66.31116270034765,41.38752389284557,2.139808599672119,12.804321198325818,77.26047143740672,6.142771535560911,0.0,8,0,1,16,False,False,morning
2023-01-16 09:00:00,LOC_4,Resident,430,29.399706623609745,41.38752389284557,2.139808599672119,11.240243805803443,75.17956777868913,7.072896386329881,1.7518720986755771,9,0,1,16,False,False,morning
2023-01-16 10:00:00,LOC_4,Resident,430,45.04941928478433,41.38752389284557,2.139808599672119,13.341707992515252,75.23942972433639,5.541080330065174,0.0,10,0,1,16,False,False,morning
2023-01-16 11:00:00,LOC_4,Resident,430,60.07267642436032,41.38752389284557,2.139808599672119,15.090198148104665,83.82867479496385,5.548939192256977,0.11032226937987565,11,0,1,16,False,False,morning
2023-01-16 12:00:00,LOC_4,Resident,430,36.70929490080738,41.38752389284557,2.139808599672119,18.038942142870155,69.43859616027193,6.184537412761588,0.0,12,0,1,16,False,False,afternoon
2023-01-16 13:00:00,LOC_4,Resident,430,37.8327280342002,41.38752389284557,2.139808599672119,18.268019453218294,68.30653963147908,5.63887869281456,0.0,13,0,1,16,False,False,afternoon
2023-01-16 14:00:00,LOC_4,Resident,430,39.22571739855585,41.38752389284557,2.139808599672119,21.956854680851766,69.95229244838076,5.854175215557804,0.0,14,0,1,16,False,False,afternoon
2023-01-16 15:00:00,LOC_4,Resident,430,42.267619839019225,41.38752389284557,2.139808599672119,17.416805241262697,67.62462893071233,6.548062976321493,0.0,15,0,1,16,False,False,afternoon
2023-01-16 16:00:00,LOC_4,Resident,430,35.37930691921578,41.38752389284557,2.139808599672119,21.908960423536783,65.60651322761106,7.940620868758524,0.0,16,0,1,16,False,False,afternoon
2023-01-16 17:00:00,LOC_4,Resident,430,43.80332320186227,41.38752389284557,2.139808599672119,21.573449705388807,60.780119722321714,7.250392287703776,0.0,17,0,1,16,False,False,afternoon
2023-01-16 18:00:00,LOC_4,Resident,430,67.13372153207409,41.38752389284557,2.139808599672119,26.38787593697928,50.26843529525971,7.073631788193598,0.0,18,0,1,16,False,False,evening
2023-01-16 19:00:00,LOC_4,Resident,430,52.8466088721599,41.38752389284557,2.139808599672119,20.898085498202022,63.13779352368083,6.417477057117762,0.0,19,0,1,16,False,False,evening
2023-01-16 20:00:00,LOC_4,Resident,430,96.70810469777828,41.38752389284557,2.139808599672119,21.012517757598687,48.88435015098608,8.333653446690496,0.0,20,0,1,16,False,False,evening
2023-01-16 21:00:00,LOC_4,Resident,430,98.84053798387662,41.38752389284557,2.139808599672119,21.329712402104647,56.45618194020979,6.730818836021045,0.0,21,0,1,16,False,False,evening
2023-01-16 22:00:00,LOC_4,Resident,430,100.0,41.38752389284557,2.139808599672119,17.788109862977464,52.156818126709055,5.802433158922291,0.0,22,0,1,16,False,False,evening
2023-01-16 23:00:00,LOC_4,Resident,430,83.35773541923305,41.38752389284557,2.139808599672119,20.19670249436134,57.182883191589326,7.393735274711428,0.0,23,0,1,16,False,False,evening
2023-01-17 00:00:00,LOC_4,Resident,430,92.35279453675165,41.38752389284557,2.139808599672119,18.70131625223366,61.204648900835295,5.885431495498015,0.0,0,1,1,17,False,False,night
2023-01-17 01:00:00,LOC_4,Resident,430,100.0,41.38752389284557,2.139808599672119,19.32136591824142,63.565629386673365,6.580966052360356,0.0,1,1,1,17,False,False,night
2023-01-17 02:00:00,LOC_4,Resident,430,94.09948396221168,41.38752389284557,2.139808599672119,18.416895213099902,66.64283724808526,7.0689124684625435,0.0,2,1,1,17,False,False,night
2023-01-17 03:00:00,LOC_4,Resident,430,99.8946521891493,41.38752389284557,2.139808599672119,20.198528450017932,75.1761828021209,8.170723973475281,0.0,3,1,1,17,False,False,night
2023-01-17 04:00:00,LOC_4,Resident,430,100.0,41.38752389284557,2.139808599672119,17.148026999258924,71.77331286179626,7.0300756055977205,1.7078240804053528,4,1,1,17,False,False,night
2023-01-17 05:00:00,LOC_4,Resident,430,100.0,41.38752389284557,2.139808599672119,13.064734018103808,70.34213416468953,7.657591345167263,4.108476337871201,5,1,1,17,False,False,night
2023-01-17 06:00:00,LOC_4,Resident,430,85.3693881905234,41.38752389284557,2.139808599672119,11.634013369355776,77.9587504173368,8.530644463192148,0.0,6,1,1,17,False,False,morning
2023-01-17 07:00:00,LOC_4,Resident,430,91.66594447518442,41.38752389284557,2.139808599672119,13.92207201774756,80.07088509515411,5.948039920929922,0.0,7,1,1,17,False,False,morning
2023-01-17 08:00:00,LOC_4,Resident,430,74.31449587028979,41.38752389284557,2.139808599672119,10.134288043389457,68.31245200945355,6.379145468044707,0.0,8,1,1,17,False,False,morning
2023-01-17 09:00:00,LOC_4,Resident,430,62.70406330117794,41.38752389284557,2.139808599672119,16.61493308144514,77.08296924977643,6.740057163029294,0.0,9,1,1,17,False,False,morning
2023-01-17 10:00:00,LOC_4,Resident,430,57.03742418871464,41.38752389284557,2.139808599672119,15.817286696408614,76.5890508016224,6.823191230394141,0.0,10,1,1,17,False,False,morning
2023-01-17 11:00:00,LOC_4,Resident,430,56.09395732582399,41.38752389284557,2.139808599672119,13.321535621863973,69.99240863105327,6.792147392197862,0.0,11,1,1,17,False,False,morning
2023-01-17 12:00:00,LOC_4,Resident,430,48.53886710682303,41.38752389284557,2.139808599672119,11.876037693810407,76.27392056257378,8.283294358068098,0.0,12,1,1,17,False,False,afternoon
2023-01-17 13:00:00,LOC_4,Resident,430,34.10400620253834,41.38752389284557,2.139808599672119,19.22284075312205,66.21953005525492,7.703936179461334,0.612358279543819,13,1,1,17,False,False,afternoon
2023-01-17 14:00:00,LOC_4,Resident,430,43.58627841566675,41.38752389284557,2.139808599672119,17.586994572894096,64.99573374055906,7.386930494951978,0.0,14,1,1,17,False,False,afternoon
2023-01-17 15:00:00,LOC_4,Resident,430,46.92297099700456,41.38752389284557,2.139808599672119,21.59268369719716,60.900538732080186,6.492709323135872,0.0,15,1,1,17,False,False,afternoon
2023-01-17 16:00:00,LOC_4,Resident,430,47.91070323806059,41.38752389284557,2.139808599672119,17.14098066218969,59.41822327835049,8.037338348619569,0.0,16,1,1,17,False,False,afternoon
2023-01-17 17:00:00,LOC_4,Resident,430,37.82891912310745,41.38752389284557,2.139808599672119,20.173498516007353,51.774127441694205,8.4325244656514,0.0,17,1,1,17,False,False,afternoon
2023-01-17 18:00:00,LOC_4,Resident,430,59.551863901690226,41.38752389284557,2.139808599672119,22.184206291168596,48.45230780356407,8.032313222212686,0.0,18,1,1,17,False,False,evening
2023-01-17 19:00:00,LOC_4,Resident,430,61.631795665283974,41.38752389284557,2.139808599672119,22.77405794569882,62.61233179978618,5.574788840919219,0.0,19,1,1,17,False,False,evening
2023-01-17 20:00:00,LOC_4,Resident,430,79.2433905110855,41.38752389284557,2.139808599672119,21.95721097122826,50.050509430034865,7.480672493387571,0.0,20,1,1,17,False,False,evening
2023-01-17 21:00:00,LOC_4,Resident,430,94.63079463483072,41.38752389284557,2.139808599672119,23.939543727802082,49.65535052650429,5.726249090658651,0.0,21,1,1,17,False,False,evening
2023-01-17 22:00:00,LOC_4,Resident,430,91.67350263564924,41.38752389284557,2.139808599672119,20.065972235770197,44.830623242910654,6.347038876123804,0.0,22,1,1,17,False,False,evening
2023-01-17 23:00:00,LOC_4,Resident,430,95.75664733458234,41.38752389284557,2.139808599672119,21.128730878396215,53.978211564674886,5.754165289544528,0.0,23,1,1,17,False,False,evening
2023-01-18 00:00:00,LOC_4,Resident,430,91.7762681693066,41.38752389284557,2.139808599672119,20.62541559222989,52.614902375350326,7.388351224609381,0.0,0,2,1,18,False,False,night
2023-01-18 01:00:00,LOC_4,Resident,430,86.84089492309118,41.38752389284557,2.139808599672119,20.21466412460986,69.83850288769712,7.638107986673772,0.0,1,2,1,18,False,False,night
2023-01-18 02:00:00,LOC_4,Resident,430,96.58083708036358,41.38752389284557,2.139808599672119,19.321786401672103,69.25197215572453,5.923174243296581,0.0,2,2,1,18,False,False,night
2023-01-18 03:00:00,LOC_4,Resident,430,90.17211162665402,41.38752389284557,2.139808599672119,14.362041159629467,63.336597587500975,6.7326007628985005,0.0,3,2,1,18,False,False,night
2023-01-18 04:00:00,LOC_4,Resident,430,98.10642118264214,41.38752389284557,2.139808599672119,12.344054655947755,80.43761303188354,6.951166126350426,0.0,4,2,1,18,False,False,night
2023-01-18 05:00:00,LOC_4,Resident,430,97.32827747797208,41.38752389284557,2.139808599672119,16.93896366563173,76.14160739128855,6.690987850836239,0.0,5,2,1,18,False,False,night
2023-01-18 06:00:00,LOC_4,Resident,430,100.0,41.38752389284557,2.139808599672119,14.260504361370474,71.1840904076343,5.948275672722276,0.0,6,2,1,18,False,False,morning
2023-01-18 07:00:00,LOC_4,Resident,430,32.66546080610213,41.38752389284557,2.139808599672119,11.606259075029762,61.29650712934641,6.843415626480067,0.0,7,2,1,18,False,False,morning
2023-01-18 08:00:00,LOC_4,Resident,430,58.41657068248717,41.38752389284557,2.139808599672119,16.042021645048536,85.57527747494672,7.8414776822259515,0.0,8,2,1,18,False,False,morning
2023-01-18 09:00:00,LOC_4,Resident,430,26.171863185908283,41.38752389284557,2.139808599672119,13.348292733192359,66.81825073696874,5.802337512810163,0.0,9,2,1,18,False,False,morning
2023-01-18 10:00:00,LOC_4,Resident,430,30.657208153927133,41.38752389284557,2.139808599672119,15.981893331412575,64.5264083386457,5.831225238687133,1.7351349921511565,10,2,1,18,False,False,morning
2023-01-18 11:00:00,LOC_4,Resident,430,28.65642328548687,41.38752389284557,2.139808599672119,14.55978090583057,76.2633642740275,6.656369445296571,0.0,11,2,1,18,False,False,morning
2023-01-18 12:00:00,LOC_4,Resident,430,35.38706969083502,41.38752389284557,2.139808599672119,19.58862404249888,81.26450564622655,8.418602773403755,0.0,12,2,1,18,False,False,afternoon
2023-01-18 13:00:00,LOC_4,Resident,430,36.36866301147516,41.38752389284557,2.139808599672119,20.190563469432128,73.56160052346117,7.600513342180406,0.0,13,2,1,18,False,False,afternoon
2023-01-18 14:00:00,LOC_4,Resident,430,39.12046421593685,41.38752389284557,2.139808599672119,17.48289600043176,66.85789700548199,7.632174729495676,0.0,14,2,1,18,False,False,afternoon
2023-01-18 15:00:00,LOC_4,Resident,430,43.37946420271826,41.38752389284557,2.139808599672119,21.22490717862832,64.41024115488722,6.683293982754996,0.0,15,2,1,18,False,False,afternoon
2023-01-18 16:00:00,LOC_4,Resident,430,46.695873418577335,41.38752389284557,2.139808599672119,21.78526616715805,63.27804925792603,7.379885227223166,0.0,16,2,1,18,False,False,afternoon
2023-01-18 17:00:00,LOC_4,Resident,430,50.47515451766631,41.38752389284557,2.139808599672119,24.2741539652085,60.720861248646216,5.630664940925444,0.0,17,2,1,18,False,False,afternoon
2023-01-18 18:00:00,LOC_4,Resident,430,91.45492359582946,41.38752389284557,2.139808599672119,20.40847817411866,56.729306929289145,7.509927754499961,0.0,18,2,1,18,False,False,evening
2023-01-18 19:00:00,LOC_4,Resident,430,67.01274844607174,41.38752389284557,2.139808599672119,24.2167697123473,54.83167193505853,8.342868374909727,0.0,19,2,1,18,False,False,evening
2023-01-18 20:00:00,LOC_4,Resident,430,85.16506749492747,41.38752389284557,2.139808599672119,25.138724668036772,53.64328297182719,7.442095543901978,0.0,20,2,1,18,False,False,evening
2023-01-18 21:00:00,LOC_4,Resident,430,69.54740534107891,41.38752389284557,2.139808599672119,19.340862331735444,50.51349444650327,8.226838215026302,0.0,21,2,1,18,False,False,evening
2023-01-18 22:00:00,LOC_4,Resident,430,79.07977876409817,41.38752389284557,2.139808599672119,19.99915708737483,53.86527639025337,7.7790285851551175,0.0,22,2,1,18,False,False,evening
2023-01-18 23:00:00,LOC_4,Resident,430,92.99415621271892,41.38752389284557,2.139808599672119,17.499450003177405,48.379387211627865,5.970151339764044,0.0,23,2,1,18,False,False,evening
2023-01-19 00:00:00,LOC_4,Resident,430,100.0,41.38752389284557,2.139808599672119,20.010398577673776,58.40987737290047,8.317202371170104,0.0,0,3,1,19,False,False,night
2023-01-19 01:00:00,LOC_4,Resident,430,79.58172309307785,41.38752389284557,2.139808599672119,20.785222208768097,56.35676906989307,5.810540027400038,0.0,1,3,1,19,False,False,night
2023-01-19 02:00:00,LOC_4,Resident,430,71.55942083192119,41.38752389284557,2.139808599672119,21.067585228745084,58.35631116481509,7.2144766425538975,0.0,2,3,1,19,False,False,night
2023-01-19 03:00:00,LOC_4,Resident,430,93.30137316782728,41.38752389284557,2.139808599672119,16.923792537045145,67.3482648033562,6.040351011724013,0.0,3,3,1,19,False,False,night
2023-01-19 04:00:00,LOC_4,Resident,430,93.89764509478718,41.38752389284557,2.139808599672119,18.833754790789406,75.80696403242933,5.650424572122077,0.0,4,3,1,19,False,False,night
2023-01-19 05:00:00,LOC_4,Resident,430,82.05550524088588,41.38752389284557,2.139808599672119,11.787610792464939,75.49595561222212,6.88277230334841,0.0,5,3,1,19,False,False,night
2023-01-19 06:00:00,LOC_4,Resident,430,89.39073189257022,41.38752389284557,2.139808599672119,10.35327804611697,64.62741113222955,6.5031561117123635,0.9488031683082929,6,3,1,19,False,False,morning
2023-01-19 07:00:00,LOC_4,Resident,430,65.40693838781871,41.38752389284557,2.139808599672119,13.156266153664477,68.51713621423289,7.07739961797342,0.0,7,3,1,19,False,False,morning
2023-01-19 08:00:00,LOC_4,Resident,430,59.25334700674053,41.38752389284557,2.139808599672119,13.871940726657813,78.49623628238268,7.352361625959492,0.0,8,3,1,19,False,False,morning
2023-01-19 09:00:00,LOC_4,Resident,430,41.28334033414932,41.38752389284557,2.139808599672119,13.215608750236214,68.52556653945966,5.75334269250079,0.0,9,3,1,19,False,False,morning
2023-01-19 10:00:00,LOC_4,Resident,430,43.52538272120084,41.38752389284557,2.139808599672119,9.652432107665367,71.30220163452464,5.992498550704699,0.0,10,3,1,19,False,False,morning
2023-01-19 11:00:00,LOC_4,Resident,430,37.481289724259526,41.38752389284557,2.139808599672119,14.410483686707076,73.57281296365746,7.3007787236843535,0.0,11,3,1,19,False,False,morning
2023-01-19 12:00:00,LOC_4,Resident,430,47.42621832991972,41.38752389284557,2.139808599672119,13.02213140834856,63.896136906965296,6.655716141389627,0.0,12,3,1,19,False,False,afternoon
2023-01-19 13:00:00,LOC_4,Resident,430,43.45667825320573,41.38752389284557,2.139808599672119,18.18313140838853,66.8393049092729,7.815096769896555,0.0,13,3,1,19,False,False,afternoon
2023-01-19 14:00:00,LOC_4,Resident,430,38.95540203573244,41.38752389284557,2.139808599672119,18.877887541003407,57.04049042778956,7.585813155537762,0.0,14,3,1,19,False,False,afternoon
2023-01-19 15:00:00,LOC_4,Resident,430,47.39821309592983,41.38752389284557,2.139808599672119,17.565834596418906,58.1019734420967,8.167112877681923,0.0,15,3,1,19,False,False,afternoon
2023-01-19 16:00:00,LOC_4,Resident,430,51.46406784827905,41.38752389284557,2.139808599672119,19.63057138231918,60.28229923672755,7.709139523406189,0.0,16,3,1,19,False,False,afternoon
2023-01-19 17:00:00,LOC_4,Resident,430,31.515041815383615,41.38752389284557,2.139808599672119,19.582216727757658,48.63374378927053,6.922815205291009,0.0,17,3,1,19,False,False,afternoon
2023-01-19 18:00:00,LOC_4,Resident,430,74.24440294201021,41.38752389284557,2.139808599672119,22.376681710266908,57.19829388017549,7.653282444361509,0.0,18,3,1,19,False,False,evening
2023-01-19 19:00:00,LOC_4,Resident,430,63.98429547627149,41.38752389284557,2.139808599672119,24.918628046805217,53.885124193761115,6.461886377637735,0.0,19,3,1,19,False,False,evening
2023-01-19 20:00:00,LOC_4,Resident,430,79.9964949785255,41.38752389284557,2.139808599672119,21.21406193483171,56.39142171708014,6.556043301835198,0.0,20,3,1,19,False,False,evening
2023-01-19 21:00:00,LOC_4,Resident,430,85.59648346733205,41.38752389284557,2.139808599672119,24.030034304310085,55.07568812377451,8.00541790812819,0.0,21,3,1,19,False,False,evening
2023-01-19 22:00:00,LOC_4,Resident,430,100.0,41.38752389284557,2.139808599672119,21.46872039601613,61.7622308843472,6.97908027197251,0.0,22,3,1,19,False,False,evening
2023-01-19 23:00:00,LOC_4,Resident,430,100.0,41.38752389284557,2.139808599672119,20.15569168144362,57.14324782130292,8.03632170956217,0.0,23,3,1,19,False,False,evening
2023-01-20 00:00:00,LOC_4,Resident,430,100.0,41.38752389284557,2.139808599672119,20.498635897014527,56.42757906052645,8.109806444389564,0.0,0,4,1,20,False,False,night
2023-01-20 01:00:00,LOC_4,Resident,430,80.98773979089448,41.38752389284557,2.139808599672119,17.443098721682084,61.58432078211976,8.216584641185497,0.0,1,4,1,20,False,False,night
2023-01-20 02:00:00,LOC_4,Resident,430,86.33999570589125,41.38752389284557,2.139808599672119,17.11897939810099,66.26393412759123,8.395161309282694,0.0,2,4,1,20,False,False,night
2023-01-20 03:00:00,LOC_4,Resident,430,91.8818201548768,41.38752389284557,2.139808599672119,14.543215206101605,66.36635836906991,6.9395689048982705,0.0,3,4,1,20,False,False,night
2023-01-20 04:00:00,LOC_4,Resident,430,96.29697881703254,41.38752389284557,2.139808599672119,19.669303027338405,68.72325293300815,6.604571007264542,0.0,4,4,1,20,False,False,night
2023-01-20 05:00:00,LOC_4,Resident,430,82.9453614082565,41.38752389284557,2.139808599672119,14.781630837455827,67.06783409394147,7.395923767671364,0.0,5,4,1,20,False,False,night
2023-01-20 06:00:00,LOC_4,Resident,430,82.05222457705035,41.38752389284557,2.139808599672119,12.523842812212436,68.83890775585004,6.764201439736843,0.0,6,4,1,20,False,False,morning
2023-01-20 07:00:00,LOC_4,Resident,430,64.73548745367954,41.38752389284557,2.139808599672119,13.858533071063128,66.12582714181217,7.455262976608703,0.0,7,4,1,20,False,False,morning
2023-01-20 08:00:00,LOC_4,Resident,430,67.79917693955153,41.38752389284557,2.139808599672119,13.042326138335282,82.2139192405008,7.770154035474862,0.0,8,4,1,20,False,False,morning
2023-01-20 09:00:00,LOC_4,Resident,430,41.33294045036864,41.38752389284557,2.139808599672119,13.002192083150808,66.89242125860908,7.719967138208929,0.0,9,4,1,20,False,False,morning
2023-01-20 10:00:00,LOC_4,Resident,430,31.58556394520228,41.38752389284557,2.139808599672119,15.17874328655454,68.63465423808509,6.779766042138341,0.0,10,4,1,20,False,False,morning
2023-01-20 11:00:00,LOC_4,Resident,430,33.79277333655466,41.38752389284557,2.139808599672119,16.266793223574446,66.90440806519433,6.158042946978774,0.0,11,4,1,20,False,False,morning
2023-01-20 12:00:00,LOC_4,Resident,430,36.59235516246667,41.38752389284557,2.139808599672119,14.733082527024248,72.8864522402316,6.950404979835683,0.0,12,4,1,20,False,False,afternoon
2023-01-20 13:00:00,LOC_4,Resident,430,46.39680633516981,41.38752389284557,2.139808599672119,15.85512453360161,64.51172957875792,6.08795368032644,0.0,13,4,1,20,False,False,afternoon
2023-01-20 14:00:00,LOC_4,Resident,430,25.37729055811869,41.38752389284557,2.139808599672119,17.757522566100473,69.62345844256114,8.331816297632177,2.1731525955061657,14,4,1,20,False,False,afternoon
2023-01-20 15:00:00,LOC_4,Resident,430,32.824882091208494,41.38752389284557,2.139808599672119,15.004646874804553,57.41556847022921,6.700511177966196,0.0,15,4,1,20,False,False,afternoon
2023-01-20 16:00:00,LOC_4,Resident,430,8.862292774012337,41.38752389284557,2.139808599672119,17.79077816760267,59.75265022711946,6.127611300069926,0.0,16,4,1,20,False,False,afternoon
2023-01-20 17:00:00,LOC_4,Resident,430,41.77418956110968,41.38752389284557,2.139808599672119,24.597207337454517,52.09634712857028,5.7419282590437986,0.0,17,4,1,20,False,False,afternoon
2023-01-20 18:00:00,LOC_4,Resident,430,62.99982721830124,41.38752389284557,2.139808599672119,25.95475023510663,65.39611602265882,7.604404716695826,0.0,18,4,1,20,False,False,evening
2023-01-20 19:00:00,LOC_4,Resident,430,64.21597002569497,41.38752389284557,2.139808599672119,22.673006018500537,47.71985170962585,7.57899674559782,0.0,19,4,1,20,False,False,evening
2023-01-20 20:00:00,LOC_4,Resident,430,78.96500023586736,41.38752389284557,2.139808599672119,24.501322350224157,54.85268670290989,6.6914541845664,0.0,20,4,1,20,False,False,evening
2023-01-20 21:00:00,LOC_4,Resident,430,85.47063470467927,41.38752389284557,2.139808599672119,23.807095600070834,56.79969382269297,5.886128898450637,0.0,21,4,1,20,False,False,evening
2023-01-20 22:00:00,LOC_4,Resident,430,83.42480311308454,41.38752389284557,2.139808599672119,28.849610804801422,56.6852971114756,6.901231118479446,0.0,22,4,1,20,False,False,evening
2023-01-20 23:00:00,LOC_4,Resident,430,98.4094379443265,41.38752389284557,2.139808599672119,24.14316017772981,55.26554099589014,6.607347774975765,0.0,23,4,1,20,False,False,evening
2023-01-21 00:00:00,LOC_4,Resident,430,96.6182761771472,41.38752389284557,2.139808599672119,20.6193938129796,57.600438509450605,7.706407718393255,0.0,0,5,1,21,True,False,night
2023-01-21 01:00:00,LOC_4,Resident,430,89.12235466179943,41.38752389284557,2.139808599672119,17.764994150846213,60.86690729580142,7.493733709664964,0.0,1,5,1,21,True,False,night
2023-01-21 02:00:00,LOC_4,Resident,430,91.76402449720456,41.38752389284557,2.139808599672119,15.175836236719748,62.48753223738777,6.771526960039599,0.0,2,5,1,21,True,False,night
2023-01-21 03:00:00,LOC_4,Resident,430,97.55400066975888,41.38752389284557,2.139808599672119,17.508308250792137,70.61663362585917,6.33277290367903,0.0,3,5,1,21,True,False,night
2023-01-21 04:00:00,LOC_4,Resident,430,99.91809585905904,41.38752389284557,2.139808599672119,14.38952029450084,79.24817143781786,8.644552255480663,0.0,4,5,1,21,True,False,night
2023-01-21 05:00:00,LOC_4,Resident,430,91.1844142623429,41.38752389284557,2.139808599672119,12.028924290133922,67.46567765630229,7.0437979866407465,0.0,5,5,1,21,True,False,night
2023-01-21 06:00:00,LOC_4,Resident,430,91.12841804079214,41.38752389284557,2.139808599672119,12.792434904271307,64.97982375659188,7.747964245676423,0.0,6,5,1,21,True,False,morning
2023-01-21 07:00:00,LOC_4,Resident,430,77.7173877174628,41.38752389284557,2.139808599672119,11.429722872176427,72.3729519994333,6.106148504905194,0.0,7,5,1,21,True,False,morning
2023-01-21 08:00:00,LOC_4,Resident,430,70.8438347548093,41.38752389284557,2.139808599672119,16.803469839455524,86.0401735496508,7.142606412840272,2.465818778071359,8,5,1,21,True,False,morning
2023-01-21 09:00:00,LOC_4,Resident,430,70.65524740828334,41.38752389284557,2.139808599672119,15.369573746044907,68.76903869585934,5.7697948323266655,0.0,9,5,1,21,True,False,morning
2023-01-21 10:00:00,LOC_4,Resident,430,61.090694134651734,41.38752389284557,2.139808599672119,14.096586088672172,79.97052128460952,7.204897031776871,0.0,10,5,1,21,True,False,morning
2023-01-21 11:00:00,LOC_4,Resident,430,59.08293838773935,41.38752389284557,2.139808599672119,17.873746017601576,78.56078859073915,8.581930550503959,0.0,11,5,1,21,True,False,morning
2023-01-21 12:00:00,LOC_4,Resident,430,65.82225749251131,41.38752389284557,2.139808599672119,16.110859742002567,65.31981253804537,6.843844764298868,0.7217430582178053,12,5,1,21,True,False,afternoon
2023-01-21 13:00:00,LOC_4,Resident,430,66.59771260504928,41.38752389284557,2.139808599672119,15.446189201454612,68.5074001877041,5.809558603649483,0.0,13,5,1,21,True,False,afternoon
2023-01-21 14:00:00,LOC_4,Resident,430,72.72411846317365,41.38752389284557,2.139808599672119,21.51582890558064,71.20282161356003,5.786783522966296,0.0,14,5,1,21,True,False,afternoon
2023-01-21 15:00:00,LOC_4,Resident,430,50.11911326671786,41.38752389284557,2.139808599672119,20.84822220038076,58.56355706903968,6.859221657340377,0.0,15,5,1,21,True,False,afternoon
2023-01-21 16:00:00,LOC_4,Resident,430,69.34667419405433,41.38752389284557,2.139808599672119,18.90853892688304,57.016035728416284,6.176681056496773,0.0,16,5,1,21,True,False,afternoon
2023-01-21 17:00:00,LOC_4,Resident,430,54.8935305601909,41.38752389284557,2.139808599672119,21.64461034145879,53.04102003500477,5.768007047323211,0.0,17,5,1,21,True,False,afternoon
2023-01-21 18:00:00,LOC_4,Resident,430,61.136075542507704,41.38752389284557,2.139808599672119,21.075365064664965,49.27301320366671,7.967935752352988,0.0,18,5,1,21,True,False,evening
2023-01-21 19:00:00,LOC_4,Resident,430,60.842360921153414,41.38752389284557,2.139808599672119,20.56722318405212,50.08796698270837,7.076207729552762,0.0,19,5,1,21,True,False,evening
2023-01-21 20:00:00,LOC_4,Resident,430,95.05114485239488,41.38752389284557,2.139808599672119,25.362265769369415,46.86047731757645,6.56971645077919,0.0,20,5,1,21,True,False,evening
2023-01-21 21:00:00,LOC_4,Resident,430,87.34943961403607,41.38752389284557,2.139808599672119,27.16508844075421,53.47790702166823,8.403574754723163,0.0,21,5,1,21,True,False,evening
2023-01-21 22:00:00,LOC_4,Resident,430,88.01973717838709,41.38752389284557,2.139808599672119,20.056331444552022,50.443200660326184,6.0530847952552,0.0,22,5,1,21,True,False,evening
2023-01-21 23:00:00,LOC_4,Resident,430,90.02739179732994,41.38752389284557,2.139808599672119,23.191523684864663,57.03775913598669,8.573766747976114,0.0,23,5,1,21,True,False,evening
2023-01-22 00:00:00,LOC_4,Resident,430,92.9506720891558,41.38752389284557,2.139808599672119,19.735476083520062,50.14699932545443,6.649252396484802,0.0,0,6,1,22,True,False,night
2023-01-22 01:00:00,LOC_4,Resident,430,81.73473269325814,41.38752389284557,2.139808599672119,18.86331377643813,61.979272073137246,8.373904880617028,0.0,1,6,1,22,True,False,night
2023-01-22 02:00:00,LOC_4,Resident,430,92.55108824285604,41.38752389284557,2.139808599672119,17.365387743695607,67.06729362369794,7.518863747873054,0.0,2,6,1,22,True,False,night
2023-01-22 03:00:00,LOC_4,Resident,430,100.0,41.38752389284557,2.139808599672119,15.534803274596655,55.50575215923015,8.19149808711824,0.0,3,6,1,22,True,False,night
2023-01-22 04:00:00,LOC_4,Resident,430,91.54892351116963,41.38752389284557,2.139808599672119,16.16062591278204,69.7431175354531,8.66475602100987,0.0,4,6,1,22,True,False,night
2023-01-22 05:00:00,LOC_4,Resident,430,85.70295341635497,41.38752389284557,2.139808599672119,13.37284930224079,76.06884589224073,6.579273001655357,0.0,5,6,1,22,True,False,night
2023-01-22 06:00:00,LOC_4,Resident,430,95.60063086861928,41.38752389284557,2.139808599672119,14.787769020968735,65.45808416772584,8.598802933889031,0.0,6,6,1,22,True,False,morning
2023-01-22 07:00:00,LOC_4,Resident,430,83.630232736906,41.38752389284557,2.139808599672119,13.653574145109387,80.8547612061732,6.885181583797861,0.02610745173687319,7,6,1,22,True,False,morning
2023-01-22 08:00:00,LOC_4,Resident,430,70.40016211477065,41.38752389284557,2.139808599672119,13.112478665182632,74.91434552899932,6.874610665993858,0.0,8,6,1,22,True,False,morning
2023-01-22 09:00:00,LOC_4,Resident,430,77.98550596326028,41.38752389284557,2.139808599672119,11.95231171974563,68.94006263355031,6.7405749478183505,0.0,9,6,1,22,True,False,morning
2023-01-22 10:00:00,LOC_4,Resident,430,57.16601284216242,41.38752389284557,2.139808599672119,13.120090061026785,71.17388916738457,7.344974770259883,0.0,10,6,1,22,True,False,morning
2023-01-22 11:00:00,LOC_4,Resident,430,61.01684651680894,41.38752389284557,2.139808599672119,16.585697998626113,72.6418034686594,6.184525020116929,0.0,11,6,1,22,True,False,morning
2023-01-22 12:00:00,LOC_4,Resident,430,73.44164557114732,41.38752389284557,2.139808599672119,17.118971682546437,68.14575234246671,7.384561917533568,0.0,12,6,1,22,True,False,afternoon
2023-01-22 13:00:00,LOC_4,Resident,430,82.63584445763212,41.38752389284557,2.139808599672119,15.374617585706305,68.03432381162503,7.349879097393214,0.0,13,6,1,22,True,False,afternoon
2023-01-22 14:00:00,LOC_4,Resident,430,80.08246363959621,41.38752389284557,2.139808599672119,18.829172040881126,58.13561717455782,8.011806923819144,0.0,14,6,1,22,True,False,afternoon
2023-01-22 15:00:00,LOC_4,Resident,430,56.49047182762181,41.38752389284557,2.139808599672119,21.434059163735128,60.984234286197285,8.228387824108546,0.0,15,6,1,22,True,False,afternoon
2023-01-22 16:00:00,LOC_4,Resident,430,64.04554806339084,41.38752389284557,2.139808599672119,17.805059519504333,50.64368735198095,7.050098067286687,0.0,16,6,1,22,True,False,afternoon
2023-01-22 17:00:00,LOC_4,Resident,430,54.57557646274347,41.38752389284557,2.139808599672119,23.272802888082875,55.07170468661049,6.637109467532534,0.0,17,6,1,22,True,False,afternoon
2023-01-22 18:00:00,LOC_4,Resident,430,82.78809251986307,41.38752389284557,2.139808599672119,21.66210473600319,49.505757284886286,6.509449738945821,0.0,18,6,1,22,True,False,evening
2023-01-22 19:00:00,LOC_4,Resident,430,68.95046122366574,41.38752389284557,2.139808599672119,24.634726459691148,49.33529204204151,6.316651508326514,0.0,19,6,1,22,True,False,evening
2023-01-22 20:00:00,LOC_4,Resident,430,86.44297201269715,41.38752389284557,2.139808599672119,22.144054549131727,58.839320151618665,5.907057319040427,0.0,20,6,1,22,True,False,evening
2023-01-22 21:00:00,LOC_4,Resident,430,94.38452055456324,41.38752389284557,2.139808599672119,19.89710877512789,58.44280465005749,6.762792705506458,0.0,21,6,1,22,True,False,evening
2023-01-22 22:00:00,LOC_4,Resident,430,99.92387820850932,41.38752389284557,2.139808599672119,19.758955079167887,57.01761069466746,6.547525663594754,0.0,22,6,1,22,True,False,evening
2023-01-22 23:00:00,LOC_4,Resident,430,100.0,41.38752389284557,2.139808599672119,22.322283931042566,50.0862081011975,8.637368183956635,0.0,23,6,1,22,True,False,evening
2023-01-23 00:00:00,LOC_4,Resident,430,100.0,41.38752389284557,2.139808599672119,21.716690432349694,56.02346689371253,7.412575564531478,0.0,0,0,1,23,False,False,night
2023-01-23 01:00:00,LOC_4,Resident,430,93.90080216708024,41.38752389284557,2.139808599672119,18.18937079924577,66.06948040098675,6.78261288187992,0.0,1,0,1,23,False,False,night
2023-01-23 02:00:00,LOC_4,Resident,430,100.0,41.38752389284557,2.139808599672119,19.987755231019523,63.28744394126998,7.4835168656740425,0.0,2,0,1,23,False,False,night
2023-01-23 03:00:00,LOC_4,Resident,430,82.15088810020022,41.38752389284557,2.139808599672119,14.100094543997512,76.75037836283761,6.161036082846693,0.0,3,0,1,23,False,False,night
2023-01-23 04:00:00,LOC_4,Resident,430,77.9838562090895,41.38752389284557,2.139808599672119,16.091727964971046,69.51881407244049,7.0769087600597445,0.0,4,0,1,23,False,False,night
2023-01-23 05:00:00,LOC_4,Resident,430,90.49008769391878,41.38752389284557,2.139808599672119,12.772977009234953,70.57022676493042,7.624811627201712,0.0,5,0,1,23,False,False,night
2023-01-23 06:00:00,LOC_4,Resident,430,93.30244782725111,41.38752389284557,2.139808599672119,13.103397913378174,69.6402774210225,7.214132924958292,0.0,6,0,1,23,False,False,morning
2023-01-23 07:00:00,LOC_4,Resident,430,74.1072703109744,41.38752389284557,2.139808599672119,14.009017269666296,72.83926466984448,6.954106213658734,0.0,7,0,1,23,False,False,morning
2023-01-23 08:00:00,LOC_4,Resident,430,74.64040588845998,41.38752389284557,2.139808599672119,12.029672312424909,71.73665273211165,8.731644975297657,0.0,8,0,1,23,False,False,morning
2023-01-23 09:00:00,LOC_4,Resident,430,46.045389128840846,41.38752389284557,2.139808599672119,13.158406878120571,75.68550745028251,8.392373706051893,0.0,9,0,1,23,False,False,morning
2023-01-23 10:00:00,LOC_4,Resident,430,37.65593566857208,41.38752389284557,2.139808599672119,16.44625181966358,75.91617918150352,7.622976518509699,0.0,10,0,1,23,False,False,morning
2023-01-23 11:00:00,LOC_4,Resident,430,27.555329707878528,41.38752389284557,2.139808599672119,14.08111976098861,65.60024569739043,7.462219564740377,0.0,11,0,1,23,False,False,morning
2023-01-23 12:00:00,LOC_4,Resident,430,34.19884078193949,41.38752389284557,2.139808599672119,17.94846387616993,60.7896759281318,7.617397369881681,0.0,12,0,1,23,False,False,afternoon
2023-01-23 13:00:00,LOC_4,Resident,430,42.571388950310755,41.38752389284557,2.139808599672119,15.230211020127896,55.839723675597256,6.360680314458447,0.0,13,0,1,23,False,False,afternoon
2023-01-23 14:00:00,LOC_4,Resident,430,56.133506985479656,41.38752389284557,2.139808599672119,19.849966667130303,64.95924001196325,6.943484892052903,0.0,14,0,1,23,False,False,afternoon
2023-01-23 15:00:00,LOC_4,Resident,430,30.494847325847815,41.38752389284557,2.139808599672119,22.974227184484892,54.300987082792446,5.8777775422039955,0.0,15,0,1,23,False,False,afternoon
2023-01-23 16:00:00,LOC_4,Resident,430,31.716721909955226,41.38752389284557,2.139808599672119,16.36034017035724,46.62828869401395,7.187363946582844,0.0,16,0,1,23,False,False,afternoon
2023-01-23 17:00:00,LOC_4,Resident,430,48.160976134590854,41.38752389284557,2.139808599672119,20.752005061744356,57.251301877284206,7.391126085223504,0.0,17,0,1,23,False,False,afternoon
2023-01-23 18:00:00,LOC_4,Resident,430,75.6259257378606,41.38752389284557,2.139808599672119,24.301163475949863,66.17095914398638,6.446627648842947,0.0,18,0,1,23,False,False,evening
2023-01-23 19:00:00,LOC_4,Resident,430,79.30254999980424,41.38752389284557,2.139808599672119,23.24705913430209,52.66334562952438,8.656790696485087,0.0,19,0,1,23,False,False,evening
2023-01-23 20:00:00,LOC_4,Resident,430,80.69270040804363,41.38752389284557,2.139808599672119,24.572439126913487,56.53215911191647,8.4943933088459,0.0,20,0,1,23,False,False,evening
2023-01-23 21:00:00,LOC_4,Resident,430,88.99264975731188,41.38752389284557,2.139808599672119,22.45843077295557,53.0763444999634,7.9337841093560915,0.0,21,0,1,23,False,False,evening
2023-01-23 22:00:00,LOC_4,Resident,430,95.58664077177292,41.38752389284557,2.139808599672119,23.346701269715624,53.15850834450464,7.368838821465614,0.0,22,0,1,23,False,False,evening
2023-01-23 23:00:00,LOC_4,Resident,430,87.89737722938861,41.38752389284557,2.139808599672119,22.074194794629634,59.82428388411125,8.379910550839266,0.0,23,0,1,23,False,False,evening
2023-01-24 00:00:00,LOC_4,Resident,430,100.0,41.38752389284557,2.139808599672119,23.692198185755686,55.8353591541846,6.163283843957602,0.0,0,1,1,24,False,False,night
2023-01-24 01:00:00,LOC_4,Resident,430,94.273075304537,41.38752389284557,2.139808599672119,20.666187693422646,61.022269556719074,8.144179539086178,0.0,1,1,1,24,False,False,night
2023-01-24 02:00:00,LOC_4,Resident,430,64.99265793879438,41.38752389284557,2.139808599672119,19.54507083684206,63.86875800559675,6.148435544438876,0.8875872005714681,2,1,1,24,False,False,night
2023-01-24 03:00:00,LOC_4,Resident,430,91.37506007381462,41.38752389284557,2.139808599672119,16.758629095427644,61.4947816764396,8.157927638285253,0.0,3,1,1,24,False,False,night
2023-01-24 04:00:00,LOC_4,Resident,430,100.0,41.38752389284557,2.139808599672119,15.407876551241213,72.19403374891021,6.6039205046313105,0.0,4,1,1,24,False,False,night
2023-01-24 05:00:00,LOC_4,Resident,430,69.30987515508262,41.38752389284557,2.139808599672119,14.489047466321763,68.41687353260095,8.409211292633316,0.0,5,1,1,24,False,False,night
2023-01-24 06:00:00,LOC_4,Resident,430,100.0,41.38752389284557,2.139808599672119,15.35508176114228,67.0889192497644,8.61138718053777,0.0,6,1,1,24,False,False,morning
2023-01-24 07:00:00,LOC_4,Resident,430,77.10783044106549,41.38752389284557,2.139808599672119,13.231311145143838,74.5359890042833,6.226969755861288,1.2359412760671196,7,1,1,24,False,False,morning
2023-01-24 08:00:00,LOC_4,Resident,430,74.43486821256079,41.38752389284557,2.139808599672119,14.48906168705416,67.68863614452215,7.169929209848448,0.0,8,1,1,24,False,False,morning
2023-01-24 09:00:00,LOC_4,Resident,430,47.12128994555593,41.38752389284557,2.139808599672119,18.237285162851474,71.96793865572444,8.726184673889243,0.0,9,1,1,24,False,False,morning
2023-01-24 10:00:00,LOC_4,Resident,430,50.15853976925963,41.38752389284557,2.139808599672119,16.334833794008894,70.76923624248796,7.23476458913298,0.0,10,1,1,24,False,False,morning
2023-01-24 11:00:00,LOC_4,Resident,430,39.87129130909694,41.38752389284557,2.139808599672119,14.741727126783434,74.64192944691965,8.376504186954007,0.0,11,1,1,24,False,False,morning
2023-01-24 12:00:00,LOC_4,Resident,430,47.51315865201949,41.38752389284557,2.139808599672119,18.838330610892555,69.50168563127043,7.553375119706893,0.05189674360981235,12,1,1,24,False,False,afternoon
2023-01-24 13:00:00,LOC_4,Resident,430,54.58114002995325,41.38752389284557,2.139808599672119,16.832249439657737,64.5780648348726,6.914488806001494,0.0,13,1,1,24,False,False,afternoon
2023-01-24 14:00:00,LOC_4,Resident,430,77.22754362381222,41.38752389284557,2.139808599672119,14.872836957250826,66.19065944078837,6.647167872098917,0.0,14,1,1,24,False,False,afternoon
2023-01-24 15:00:00,LOC_4,Resident,430,35.29960539601317,41.38752389284557,2.139808599672119,18.23359721603112,66.45149806935471,6.400804195728927,0.0,15,1,1,24,False,False,afternoon
2023-01-24 16:00:00,LOC_4,Resident,430,54.49587919465363,41.38752389284557,2.139808599672119,17.720677320012555,59.86452920763078,8.077846806545944,0.0,16,1,1,24,False,False,afternoon
2023-01-24 17:00:00,LOC_4,Resident,430,40.33399043121449,41.38752389284557,2.139808599672119,21.80135261120095,55.04300394064977,6.95339065513925,0.0,17,1,1,24,False,False,afternoon
2023-01-24 18:00:00,LOC_4,Resident,430,78.68907858813823,41.38752389284557,2.139808599672119,23.34239192012685,46.829708514753705,7.328912015167365,0.0,18,1,1,24,False,False,evening
2023-01-24 19:00:00,LOC_4,Resident,430,68.70331730333208,41.38752389284557,2.139808599672119,27.164512323097934,47.0511562875284,7.273378153423951,0.0,19,1,1,24,False,False,evening
2023-01-24 20:00:00,LOC_4,Resident,430,87.35396496168238,41.38752389284557,2.139808599672119,24.642441690323206,50.4967025926369,7.52955447625837,0.0,20,1,1,24,False,False,evening
2023-01-24 21:00:00,LOC_4,Resident,430,75.89102422990123,41.38752389284557,2.139808599672119,23.386591340347415,49.3028541932733,8.395764090177618,0.0,21,1,1,24,False,False,evening
2023-01-24 22:00:00,LOC_4,Resident,430,67.0870835318633,41.38752389284557,2.139808599672119,24.990675716182714,52.40141437744129,8.742565537728996,0.0,22,1,1,24,False,False,evening
2023-01-24 23:00:00,LOC_4,Resident,430,91.00309440075824,41.38752389284557,2.139808599672119,18.121573032450865,55.19556232355227,7.0244145746282305,0.0,23,1,1,24,False,False,evening
2023-01-25 00:00:00,LOC_4,Resident,430,85.32474256569456,41.38752389284557,2.139808599672119,21.986109008276863,59.61870398766419,8.285532744730855,0.0,0,2,1,25,False,False,night
2023-01-25 01:00:00,LOC_4,Resident,430,93.09885137120916,41.38752389284557,2.139808599672119,21.857273587377506,59.0164197104974,8.097872978782346,0.0,1,2,1,25,False,False,night
2023-01-25 02:00:00,LOC_4,Resident,430,88.90256547352571,41.38752389284557,2.139808599672119,16.07084149568891,64.37648024463383,7.526189651816438,0.0,2,2,1,25,False,False,night
2023-01-25 03:00:00,LOC_4,Resident,430,92.08762187440608,41.38752389284557,2.139808599672119,20.02799078905591,64.8414066687665,8.67505701646673,0.0,3,2,1,25,False,False,night
2023-01-25 04:00:00,LOC_4,Resident,430,89.06274197306601,41.38752389284557,2.139808599672119,17.2181326084211,57.0403875813661,6.409651505271664,0.0,4,2,1,25,False,False,night
2023-01-25 05:00:00,LOC_4,Resident,430,92.73898199473489,41.38752389284557,2.139808599672119,14.681589845971288,64.27899168336045,6.13733254686999,0.0,5,2,1,25,False,False,night
2023-01-25 06:00:00,LOC_4,Resident,430,96.12082189745684,41.38752389284557,2.139808599672119,15.989693996890349,69.83130169203636,8.37273735758626,0.0,6,2,1,25,False,False,morning
2023-01-25 07:00:00,LOC_4,Resident,430,76.15097528806788,41.38752389284557,2.139808599672119,18.77256948590508,65.48915874520188,7.129612030249572,0.0,7,2,1,25,False,False,morning
2023-01-25 08:00:00,LOC_4,Resident,430,71.34734108931143,41.38752389284557,2.139808599672119,14.43109894087499,74.86491078846502,8.354379848772782,0.7548961814804646,8,2,1,25,False,False,morning
2023-01-25 09:00:00,LOC_4,Resident,430,50.916653941178346,41.38752389284557,2.139808599672119,14.74072990843289,79.16517669005405,8.494054189041757,0.0,9,2,1,25,False,False,morning
2023-01-25 10:00:00,LOC_4,Resident,430,38.41280667545849,41.38752389284557,2.139808599672119,13.831618389927165,76.59312888047128,6.003466222443183,0.8486224532681885,10,2,1,25,False,False,morning
2023-01-25 11:00:00,LOC_4,Resident,430,28.004628598767656,41.38752389284557,2.139808599672119,13.851791804483174,67.82982455852344,8.467797178827281,0.0,11,2,1,25,False,False,morning
2023-01-25 12:00:00,LOC_4,Resident,430,42.96665357560955,41.38752389284557,2.139808599672119,18.254231221244705,74.26651150793732,7.163669083739509,0.0,12,2,1,25,False,False,afternoon
2023-01-25 13:00:00,LOC_4,Resident,430,24.823323553230185,41.38752389284557,2.139808599672119,16.093839743664454,65.13132249504619,7.351317991211654,0.0,13,2,1,25,False,False,afternoon
2023-01-25 14:00:00,LOC_4,Resident,430,35.75525284960565,41.38752389284557,2.139808599672119,19.249776018933876,60.10128305541962,7.701106242178649,0.0,14,2,1,25,False,False,afternoon
2023-01-25 15:00:00,LOC_4,Resident,430,26.56562480030521,41.38752389284557,2.139808599672119,19.451962687274445,56.118431520685945,8.601784291248675,0.0,15,2,1,25,False,False,afternoon
2023-01-25 16:00:00,LOC_4,Resident,430,34.198162112149824,41.38752389284557,2.139808599672119,22.57767870151458,55.248213467515775,5.88129209329365,0.0,16,2,1,25,False,False,afternoon
2023-01-25 17:00:00,LOC_4,Resident,430,18.950440439074303,41.38752389284557,2.139808599672119,23.32911174182801,52.73554084478563,7.255781130017726,0.0,17,2,1,25,False,False,afternoon
2023-01-25 18:00:00,LOC_4,Resident,430,67.18524958211471,41.38752389284557,2.139808599672119,25.537992985267035,53.926254918374966,7.88972334285749,0.0,18,2,1,25,False,False,evening
2023-01-25 19:00:00,LOC_4,Resident,430,69.93058029521025,41.38752389284557,2.139808599672119,22.948912737919954,52.86497883399043,7.9959841539315075,0.0,19,2,1,25,False,False,evening
2023-01-25 20:00:00,LOC_4,Resident,430,83.73249992718185,41.38752389284557,2.139808599672119,23.606094730440244,51.7235408987131,7.906766214816721,0.0,20,2,1,25,False,False,evening
2023-01-25 21:00:00,LOC_4,Resident,430,94.25577854477704,41.38752389284557,2.139808599672119,22.02447236487991,54.2206912558427,6.233779521224202,0.0,21,2,1,25,False,False,evening
2023-01-25 22:00:00,LOC_4,Resident,430,74.11106742564377,41.38752389284557,2.139808599672119,22.600435091513262,58.97518815060074,6.7299656836637025,0.0,22,2,1,25,False,False,evening
2023-01-25 23:00:00,LOC_4,Resident,430,83.38137012968795,41.38752389284557,2.139808599672119,23.455551272925458,59.345870103535105,6.909229852431644,0.0,23,2,1,25,False,False,evening
2023-01-26 00:00:00,LOC_4,Resident,430,85.69152473978512,41.38752389284557,2.139808599672119,23.185913259413873,49.231638105504146,8.247698828263148,0.0,0,3,1,26,False,False,night
2023-01-26 01:00:00,LOC_4,Resident,430,85.36423740363857,41.38752389284557,2.139808599672119,18.628218102206993,46.28529682436574,6.671970322253587,0.0,1,3,1,26,False,False,night
2023-01-26 02:00:00,LOC_4,Resident,430,89.72230416293782,41.38752389284557,2.139808599672119,20.924180714540764,66.30166180753749,6.469108666467498,2.1723124564704275,2,3,1,26,False,False,night
2023-01-26 03:00:00,LOC_4,Resident,430,89.13655962565039,41.38752389284557,2.139808599672119,20.60866256270799,57.370832817726715,8.710640471236427,0.0,3,3,1,26,False,False,night
2023-01-26 04:00:00,LOC_4,Resident,430,79.49623374805948,41.38752389284557,2.139808599672119,17.524862916990017,65.48018676945135,5.86618847744893,0.0,4,3,1,26,False,False,night
2023-01-26 05:00:00,LOC_4,Resident,430,100.0,41.38752389284557,2.139808599672119,19.42255970995893,62.81149870001761,8.834362965201041,0.0,5,3,1,26,False,False,night
2023-01-26 06:00:00,LOC_4,Resident,430,88.05515313028826,41.38752389284557,2.139808599672119,13.333303290831555,61.2283344340225,7.872665638164365,0.0,6,3,1,26,False,False,morning
2023-01-26 07:00:00,LOC_4,Resident,430,68.18577402955204,41.38752389284557,2.139808599672119,11.89857472068308,73.93154538641213,8.328910550097602,0.0,7,3,1,26,False,False,morning
2023-01-26 08:00:00,LOC_4,Resident,430,53.964076417742525,41.38752389284557,2.139808599672119,10.666575141991721,75.34774452191267,6.728661316998635,0.0,8,3,1,26,False,False,morning
2023-01-26 09:00:00,LOC_4,Resident,430,45.96788345976977,41.38752389284557,2.139808599672119,17.392975339295777,68.31567456373159,5.8890490025537305,0.0,9,3,1,26,False,False,morning
2023-01-26 10:00:00,LOC_4,Resident,430,40.64916462518961,41.38752389284557,2.139808599672119,16.21561817308051,57.23101481853066,8.061011331543508,0.0,10,3,1,26,False,False,morning
2023-01-26 11:00:00,LOC_4,Resident,430,33.45069248550368,41.38752389284557,2.139808599672119,15.596806483299153,65.85282610849745,8.351135737212587,0.0,11,3,1,26,False,False,morning
2023-01-26 12:00:00,LOC_4,Resident,430,33.65978402055847,41.38752389284557,2.139808599672119,17.309940652335182,68.45901322762164,8.071429075799665,0.0,12,3,1,26,False,False,afternoon
2023-01-26 13:00:00,LOC_4,Resident,430,38.13296907594028,41.38752389284557,2.139808599672119,15.711421561772713,56.68064284339043,6.27984983827893,0.0,13,3,1,26,False,False,afternoon
2023-01-26 14:00:00,LOC_4,Resident,430,33.211887093729814,41.38752389284557,2.139808599672119,24.15448813350644,62.3908312503502,8.112880601625465,0.0,14,3,1,26,False,False,afternoon
2023-01-26 15:00:00,LOC_4,Resident,430,52.19306486137077,41.38752389284557,2.139808599672119,20.822008862992266,58.7963177560514,8.160662601028765,0.0,15,3,1,26,False,False,afternoon
2023-01-26 16:00:00,LOC_4,Resident,430,51.28770435900866,41.38752389284557,2.139808599672119,21.994745765523767,59.344545145377474,7.830812782272961,0.0,16,3,1,26,False,False,afternoon
2023-01-26 17:00:00,LOC_4,Resident,430,33.10289619598666,41.38752389284557,2.139808599672119,24.269506033021013,54.961956271623514,8.154835574244936,0.0,17,3,1,26,False,False,afternoon
2023-01-26 18:00:00,LOC_4,Resident,430,52.379921834243525,41.38752389284557,2.139808599672119,24.581064861520453,47.896562499498174,8.395548194858163,0.0,18,3,1,26,False,False,evening
2023-01-26 19:00:00,LOC_4,Resident,430,61.890859022245515,41.38752389284557,2.139808599672119,24.57279485248547,57.73280390046804,7.699891877208748,0.0,19,3,1,26,False,False,evening
2023-01-26 20:00:00,LOC_4,Resident,430,98.6119193130884,41.38752389284557,2.139808599672119,22.72092484513853,50.60360462280684,6.126188893114868,0.0,20,3,1,26,False,False,evening
2023-01-26 21:00:00,LOC_4,Resident,430,71.54974163977619,41.38752389284557,2.139808599672119,25.08091347215235,51.58752378668962,7.324552954288636,0.0,21,3,1,26,False,False,evening
2023-01-26 22:00:00,LOC_4,Resident,430,89.13322845623077,41.38752389284557,2.139808599672119,27.408995292241176,48.0437676060518,6.095911860088599,0.0,22,3,1,26,False,False,evening
2023-01-26 23:00:00,LOC_4,Resident,430,91.5237877468156,41.38752389284557,2.139808599672119,25.547662712744128,52.0699435031741,7.08688683599758,0.0,23,3,1,26,False,False,evening
2023-01-27 00:00:00,LOC_4,Resident,430,91.80836446300032,41.38752389284557,2.139808599672119,25.014129178783108,51.92047457885687,7.086870652477746,0.0,0,4,1,27,False,False,night
2023-01-27 01:00:00,LOC_4,Resident,430,89.79292118365882,41.38752389284557,2.139808599672119,19.60588478270066,57.87863742925683,6.06487371443081,0.0,1,4,1,27,False,False,night
2023-01-27 02:00:00,LOC_4,Resident,430,83.1603616072944,41.38752389284557,2.139808599672119,17.361474024296644,69.87717507108411,6.9145983348712,2.0106735676349174,2,4,1,27,False,False,night
2023-01-27 03:00:00,LOC_4,Resident,430,75.83499386191069,41.38752389284557,2.139808599672119,17.80147512075772,57.03439636342919,6.202423133667868,0.0,3,4,1,27,False,False,night
2023-01-27 04:00:00,LOC_4,Resident,430,82.77169391234261,41.38752389284557,2.139808599672119,16.96505229627158,58.224988067227905,8.295426124366506,0.0,4,4,1,27,False,False,night
2023-01-27 05:00:00,LOC_4,Resident,430,94.31564271772493,41.38752389284557,2.139808599672119,18.01290764817415,75.70680241500355,8.71507578132641,0.0,5,4,1,27,False,False,night
2023-01-27 06:00:00,LOC_4,Resident,430,86.45389230055183,41.38752389284557,2.139808599672119,11.651456041208805,68.88061101296378,6.090251889685944,0.0,6,4,1,27,False,False,morning
2023-01-27 07:00:00,LOC_4,Resident,430,65.87668683058058,41.38752389284557,2.139808599672119,17.602435383036802,67.56796681846926,8.739938396987288,0.0,7,4,1,27,False,False,morning
2023-01-27 08:00:00,LOC_4,Resident,430,73.54971246160818,41.38752389284557,2.139808599672119,14.063397384688779,76.44069707328687,7.443612434379587,0.0,8,4,1,27,False,False,morning
2023-01-27 09:00:00,LOC_4,Resident,430,35.19387770062844,41.38752389284557,2.139808599672119,13.702468963760069,67.85946009400587,6.775869080881671,0.0,9,4,1,27,False,False,morning
2023-01-27 10:00:00,LOC_4,Resident,430,49.45749624233412,41.38752389284557,2.139808599672119,13.037969262562118,79.00569254156977,6.10904723222942,0.0,10,4,1,27,False,False,morning
2023-01-27 11:00:00,LOC_4,Resident,430,37.39106663186468,41.38752389284557,2.139808599672119,12.553500319580076,71.66320203007311,7.381622318060124,0.0,11,4,1,27,False,False,morning
2023-01-27 12:00:00,LOC_4,Resident,430,48.78536376353823,41.38752389284557,2.139808599672119,18.551529011428777,63.75006727226159,8.264584202173236,0.0,12,4,1,27,False,False,afternoon
2023-01-27 13:00:00,LOC_4,Resident,430,23.86015518982849,41.38752389284557,2.139808599672119,18.264166560337372,74.55147981440639,8.003584602094728,0.0,13,4,1,27,False,False,afternoon
2023-01-27 14:00:00,LOC_4,Resident,430,34.786971809651455,41.38752389284557,2.139808599672119,16.838139790354806,58.13530220530948,6.034290352359304,0.0,14,4,1,27,False,False,afternoon
2023-01-27 15:00:00,LOC_4,Resident,430,36.56057252836401,41.38752389284557,2.139808599672119,18.128432736670625,62.273296298450816,6.103604517160762,0.0,15,4,1,27,False,False,afternoon
2023-01-27 16:00:00,LOC_4,Resident,430,30.9956725931101,41.38752389284557,2.139808599672119,21.25935684592818,57.63461041301559,7.0948050967995995,0.0,16,4,1,27,False,False,afternoon
2023-01-27 17:00:00,LOC_4,Resident,430,49.02370753026902,41.38752389284557,2.139808599672119,26.310932110709395,60.562928326732774,6.773342512983404,0.0,17,4,1,27,False,False,afternoon
2023-01-27 18:00:00,LOC_4,Resident,430,73.74786249078417,41.38752389284557,2.139808599672119,23.254726097241115,60.259738383697616,6.58590932537737,0.0,18,4,1,27,False,False,evening
2023-01-27 19:00:00,LOC_4,Resident,430,58.84540106943283,41.38752389284557,2.139808599672119,21.273549346956116,51.60035023894418,6.733054721075539,0.0,19,4,1,27,False,False,evening
2023-01-27 20:00:00,LOC_4,Resident,430,85.77477196469482,41.38752389284557,2.139808599672119,23.96514204482348,47.319654302278344,8.301773864489729,0.0,20,4,1,27,False,False,evening
2023-01-27 21:00:00,LOC_4,Resident,430,82.08741919894719,41.38752389284557,2.139808599672119,23.747229923437388,53.714506588830126,8.68029374719304,0.0,21,4,1,27,False,False,evening
2023-01-27 22:00:00,LOC_4,Resident,430,80.47881502491789,41.38752389284557,2.139808599672119,18.405819126959393,49.0122383255544,7.109201162366768,0.0,22,4,1,27,False,False,evening
2023-01-27 23:00:00,LOC_4,Resident,430,94.95066637711396,41.38752389284557,2.139808599672119,22.902824729889804,64.04410731178226,8.613509117796031,0.0,23,4,1,27,False,False,evening
2023-01-28 00:00:00,LOC_4,Resident,430,94.18023970195183,41.38752389284557,2.139808599672119,21.52042435698675,56.71808982060547,6.860945787224467,0.0,0,5,1,28,True,False,night
2023-01-28 01:00:00,LOC_4,Resident,430,100.0,41.38752389284557,2.139808599672119,22.17521192699486,56.607793848703416,7.327051753402458,0.0,1,5,1,28,True,False,night
2023-01-28 02:00:00,LOC_4,Resident,430,100.0,41.38752389284557,2.139808599672119,23.193024406939347,61.93317709522723,6.5771094368577305,0.0,2,5,1,28,True,False,night
2023-01-28 03:00:00,LOC_4,Resident,430,100.0,41.38752389284557,2.139808599672119,20.46055298326995,56.84952270400265,7.82173175646494,0.0,3,5,1,28,True,False,night
2023-01-28 04:00:00,LOC_4,Resident,430,75.42864845683803,41.38752389284557,2.139808599672119,16.47014438536531,61.1260862744968,8.83852769881942,0.0,4,5,1,28,True,False,night
2023-01-28 05:00:00,LOC_4,Resident,430,82.27322616347308,41.38752389284557,2.139808599672119,13.76573734070196,74.04449122335153,7.713343900953744,0.0,5,5,1,28,True,False,night
2023-01-28 06:00:00,LOC_4,Resident,430,97.85046966749414,41.38752389284557,2.139808599672119,20.337314626900564,66.33433856434132,6.9775866602052545,0.0,6,5,1,28,True,False,morning
2023-01-28 07:00:00,LOC_4,Resident,430,76.09423546027024,41.38752389284557,2.139808599672119,14.815926425381598,65.37046597188507,7.8488760757311775,0.0,7,5,1,28,True,False,morning
2023-01-28 08:00:00,LOC_4,Resident,430,62.92601916125352,41.38752389284557,2.139808599672119,14.561371593077869,73.61623774413248,6.275464637246558,0.0,8,5,1,28,True,False,morning
2023-01-28 09:00:00,LOC_4,Resident,430,89.38620077925921,41.38752389284557,2.139808599672119,14.66202569173012,76.50796904141474,8.57395824027529,0.0,9,5,1,28,True,False,morning
2023-01-28 10:00:00,LOC_4,Resident,430,69.07937752021827,41.38752389284557,2.139808599672119,15.61233715255353,73.16243129128969,7.418510782327512,0.0,10,5,1,28,True,False,morning
2023-01-28 11:00:00,LOC_4,Resident,430,88.82323712957069,41.38752389284557,2.139808599672119,15.728427233817769,72.94594231369777,7.258585618838604,0.0,11,5,1,28,True,False,morning
2023-01-28 12:00:00,LOC_4,Resident,430,56.21162087036122,41.38752389284557,2.139808599672119,15.911742921324114,62.09789068698352,7.669407752377475,0.0,12,5,1,28,True,False,afternoon
2023-01-28 13:00:00,LOC_4,Resident,430,71.85810428751282,41.38752389284557,2.139808599672119,17.177636453120403,56.348237995088404,7.787441500590965,0.0,13,5,1,28,True,False,afternoon
2023-01-28 14:00:00,LOC_4,Resident,430,73.93318976805081,41.38752389284557,2.139808599672119,19.506323297970397,68.36300858297264,6.129693386360018,0.0,14,5,1,28,True,False,afternoon
2023-01-28 15:00:00,LOC_4,Resident,430,82.06171811980356,41.38752389284557,2.139808599672119,19.785453446913074,56.641994827428114,7.9634932164038075,0.0,15,5,1,28,True,False,afternoon
2023-01-28 16:00:00,LOC_4,Resident,430,77.3755697905408,41.38752389284557,2.139808599672119,20.658891768275097,54.576668250465914,6.642711707672474,0.0,16,5,1,28,True,False,afternoon
2023-01-28 17:00:00,LOC_4,Resident,430,71.26455439653748,41.38752389284557,2.139808599672119,23.339350906323226,60.387989807366424,8.060049206521109,0.0,17,5,1,28,True,False,afternoon
2023-01-28 18:00:00,LOC_4,Resident,430,74.93450286484217,41.38752389284557,2.139808599672119,23.417499978601526,54.92624122011683,8.387069862056798,0.0,18,5,1,28,True,False,evening
2023-01-28 19:00:00,LOC_4,Resident,430,80.84463004216231,41.38752389284557,2.139808599672119,27.44131098750564,53.412788839727504,8.332614698436545,0.0,19,5,1,28,True,False,evening
2023-01-28 20:00:00,LOC_4,Resident,430,98.5915345600979,41.38752389284557,2.139808599672119,19.30812237806599,61.604887734801395,7.57951530119407,0.0,20,5,1,28,True,False,evening
2023-01-28 21:00:00,LOC_4,Resident,430,76.95235979081713,41.38752389284557,2.139808599672119,26.629068574407462,47.89029910697421,7.483794824755694,0.0,21,5,1,28,True,False,evening
2023-01-28 22:00:00,LOC_4,Resident,430,85.08586229538332,41.38752389284557,2.139808599672119,26.445084512334034,56.733372385728636,6.353185305701552,0.0,22,5,1,28,True,False,evening
2023-01-28 23:00:00,LOC_4,Resident,430,90.82381442340592,41.38752389284557,2.139808599672119,19.01789954059394,53.955705613664946,8.251867671104907,0.0,23,5,1,28,True,False,evening
2023-01-29 00:00:00,LOC_4,Resident,430,83.46098110079578,41.38752389284557,2.139808599672119,21.45012752086781,57.07195597625927,6.741328683145845,0.0,0,6,1,29,True,False,night
2023-01-29 01:00:00,LOC_4,Resident,430,89.56477796654605,41.38752389284557,2.139808599672119,20.1930704273204,65.77043781343869,7.418457655213716,0.0,1,6,1,29,True,False,night
2023-01-29 02:00:00,LOC_4,Resident,430,88.76212950752057,41.38752389284557,2.139808599672119,16.83318538108549,63.24276124040586,6.782464032886777,0.0,2,6,1,29,True,False,night
2023-01-29 03:00:00,LOC_4,Resident,430,94.36484680120444,41.38752389284557,2.139808599672119,16.804829615231633,65.9705544144214,6.332396732184277,0.0,3,6,1,29,True,False,night
2023-01-29 04:00:00,LOC_4,Resident,430,85.1449147794791,41.38752389284557,2.139808599672119,14.939753575815763,71.04072615305417,7.820854144024694,0.0,4,6,1,29,True,False,night
2023-01-29 05:00:00,LOC_4,Resident,430,71.74423647936669,41.38752389284557,2.139808599672119,19.636256900634628,65.91180432471081,6.096446088412735,0.0,5,6,1,29,True,False,night
2023-01-29 06:00:00,LOC_4,Resident,430,95.820731200706,41.38752389284557,2.139808599672119,17.21482193895275,65.11702135798932,8.180654136694605,0.0,6,6,1,29,True,False,morning
2023-01-29 07:00:00,LOC_4,Resident,430,45.97687438615854,41.38752389284557,2.139808599672119,17.39341307760727,65.07534825465693,6.888746789596208,0.0,7,6,1,29,True,False,morning
2023-01-29 08:00:00,LOC_4,Resident,430,77.03991203318967,41.38752389284557,2.139808599672119,16.129613586997802,60.79567813529732,5.937657970795722,0.0,8,6,1,29,True,False,morning
2023-01-29 09:00:00,LOC_4,Resident,430,64.30190067575732,41.38752389284557,2.139808599672119,12.604871813980985,80.55508493687073,7.471908315283846,0.0,9,6,1,29,True,False,morning
2023-01-29 10:00:00,LOC_4,Resident,430,71.81420064843132,41.38752389284557,2.139808599672119,14.319769551171792,63.746338003928905,6.080343146113515,0.0,10,6,1,29,True,False,morning
2023-01-29 11:00:00,LOC_4,Resident,430,86.98775899278573,41.38752389284557,2.139808599672119,17.148482516554786,66.55426509387323,6.769562133469036,0.0,11,6,1,29,True,False,morning
2023-01-29 12:00:00,LOC_4,Resident,430,74.1567738993091,41.38752389284557,2.139808599672119,14.767339458954748,64.19274334707812,8.063248477714875,0.0,12,6,1,29,True,False,afternoon
2023-01-29 13:00:00,LOC_4,Resident,430,86.93564956931314,41.38752389284557,2.139808599672119,19.849822064351155,64.68938308103274,6.131652950769394,0.0,13,6,1,29,True,False,afternoon
2023-01-29 14:00:00,LOC_4,Resident,430,62.46504503616263,41.38752389284557,2.139808599672119,19.243592558802316,64.63019935245931,8.462864148091723,0.0,14,6,1,29,True,False,afternoon
2023-01-29 15:00:00,LOC_4,Resident,430,58.12910914947273,41.38752389284557,2.139808599672119,20.275017460697963,62.253049290204416,5.957572538032659,0.0,15,6,1,29,True,False,afternoon
2023-01-29 16:00:00,LOC_4,Resident,430,60.227569578994434,41.38752389284557,2.139808599672119,23.658801848172228,52.61084898362482,6.6878479899587555,0.0,16,6,1,29,True,False,afternoon
2023-01-29 17:00:00,LOC_4,Resident,430,59.23650685477665,41.38752389284557,2.139808599672119,24.16725806521509,52.60692854658192,8.171351675718268,0.0,17,6,1,29,True,False,afternoon
2023-01-29 18:00:00,LOC_4,Resident,430,65.84886307144767,41.38752389284557,2.139808599672119,23.357705407954537,53.2536242732561,6.8987125933220215,0.0,18,6,1,29,True,False,evening
2023-01-29 19:00:00,LOC_4,Resident,430,67.5456456854201,41.38752389284557,2.139808599672119,26.90411019977189,49.585643182995476,6.256841456517651,0.0,19,6,1,29,True,False,evening
2023-01-29 20:00:00,LOC_4,Resident,430,100.0,41.38752389284557,2.139808599672119,22.6000031006465,58.51246836840737,7.033127707570544,0.0,20,6,1,29,True,False,evening
2023-01-29 21:00:00,LOC_4,Resident,430,83.6203652697748,41.38752389284557,2.139808599672119,25.829935945503745,53.258745294960825,6.764866979187552,0.0,21,6,1,29,True,False,evening
2023-01-29 22:00:00,LOC_4,Resident,430,72.57511989975848,41.38752389284557,2.139808599672119,25.291068526183647,55.46465690975533,8.483083504746602,0.0,22,6,1,29,True,False,evening
2023-01-29 23:00:00,LOC_4,Resident,430,100.0,41.38752389284557,2.139808599672119,22.697480953372636,56.681258679335826,6.896251737969005,0.0,23,6,1,29,True,False,evening
2023-01-30 00:00:00,LOC_4,Resident,430,100.0,41.38752389284557,2.139808599672119,22.93960444564212,61.292692485110855,8.324265095559598,0.0,0,0,1,30,False,False,night
2023-01-30 01:00:00,LOC_4,Resident,430,89.10830733190743,41.38752389284557,2.139808599672119,18.58550248609638,58.729648515784554,8.634343317103081,0.0,1,0,1,30,False,False,night
2023-01-30 02:00:00,LOC_4,Resident,430,89.54070161593101,41.38752389284557,2.139808599672119,21.64798199783214,53.915984341384096,7.261437850613255,0.0,2,0,1,30,False,False,night
2023-01-30 03:00:00,LOC_4,Resident,430,100.0,41.38752389284557,2.139808599672119,18.14231953771338,64.97419213756449,8.691073238785568,0.0,3,0,1,30,False,False,night
2023-01-30 04:00:00,LOC_4,Resident,430,84.0487606784418,41.38752389284557,2.139808599672119,16.26706159916068,62.11820025064333,7.0944556899293305,0.0,4,0,1,30,False,False,night
2023-01-30 05:00:00,LOC_4,Resident,430,93.8073478332359,41.38752389284557,2.139808599672119,18.381278314184524,64.79039686622973,8.855994003159022,0.0,5,0,1,30,False,False,night
2023-01-30 06:00:00,LOC_4,Resident,430,100.0,41.38752389284557,2.139808599672119,14.086263017604471,71.94191929639548,6.232884057099155,0.0,6,0,1,30,False,False,morning
2023-01-30 07:00:00,LOC_4,Resident,430,77.89347403563045,41.38752389284557,2.139808599672119,12.18480686029971,76.18795645111453,8.027329516404162,0.0,7,0,1,30,False,False,morning
2023-01-30 08:00:00,LOC_4,Resident,430,69.89734945331054,41.38752389284557,2.139808599672119,11.724378918744225,70.43108335209624,7.448969574529192,0.0,8,0,1,30,False,False,morning
2023-01-30 09:00:00,LOC_4,Resident,430,33.180153427225875,41.38752389284557,2.139808599672119,16.226304229587583,71.51559640920222,7.1317291080352705,0.0,9,0,1,30,False,False,morning
2023-01-30 10:00:00,LOC_4,Resident,430,25.59198506956435,41.38752389284557,2.139808599672119,12.959201434977402,77.47095444323625,7.868173068024235,0.0,10,0,1,30,False,False,morning
2023-01-30 11:00:00,LOC_4,Resident,430,32.12884731290095,41.38752389284557,2.139808599672119,19.830512822251997,68.56191698087629,8.082862947746195,0.0,11,0,1,30,False,False,morning
2023-01-30 12:00:00,LOC_4,Resident,430,54.21572816819295,41.38752389284557,2.139808599672119,13.198868255319457,78.28296142872817,5.985635223168307,0.0,12,0,1,30,False,False,afternoon
2023-01-30 13:00:00,LOC_4,Resident,430,41.19951561652681,41.38752389284557,2.139808599672119,21.967810787347318,65.67775212662323,6.474657921497565,0.0,13,0,1,30,False,False,afternoon
2023-01-30 14:00:00,LOC_4,Resident,430,36.482551845879,41.38752389284557,2.139808599672119,20.29729191097637,51.44567225107865,8.114189547217183,0.0,14,0,1,30,False,False,afternoon
2023-01-30 15:00:00,LOC_4,Resident,430,58.295883759131584,41.38752389284557,2.139808599672119,20.982187170510155,61.41548131702078,7.975459874482286,0.0,15,0,1,30,False,False,afternoon
2023-01-30 16:00:00,LOC_4,Resident,430,38.638756822568354,41.38752389284557,2.139808599672119,21.297938675942426,57.13023822529324,8.875697885298097,0.0,16,0,1,30,False,False,afternoon
2023-01-30 17:00:00,LOC_4,Resident,430,68.58981514422481,41.38752389284557,2.139808599672119,24.227839150454137,59.58962992691374,8.2619199739158,0.0,17,0,1,30,False,False,afternoon
2023-01-30 18:00:00,LOC_4,Resident,430,53.93772664694669,41.38752389284557,2.139808599672119,24.155144278363085,54.90507938992423,8.832375456052132,0.0,18,0,1,30,False,False,evening
2023-01-30 19:00:00,LOC_4,Resident,430,74.80319154476783,41.38752389284557,2.139808599672119,26.942770687241456,49.83538623366431,8.088929062957035,0.0,19,0,1,30,False,False,evening
2023-01-30 20:00:00,LOC_4,Resident,430,71.27247276499784,41.38752389284557,2.139808599672119,25.141241692342824,44.05293602851568,6.876713904922078,0.0,20,0,1,30,False,False,evening
2023-01-30 21:00:00,LOC_4,Resident,430,76.36225364101409,41.38752389284557,2.139808599672119,25.049265125212052,49.45756050899328,6.29990126092116,0.0,21,0,1,30,False,False,evening
2023-01-30 22:00:00,LOC_4,Resident,430,81.4415092673017,41.38752389284557,2.139808599672119,23.528178610516836,47.23659165906441,8.330526793239276,0.0,22,0,1,30,False,False,evening
2023-01-30 23:00:00,LOC_4,Resident,430,83.85522773964817,41.38752389284557,2.139808599672119,23.353159685835475,50.16328088442117,7.9187510698967225,0.0,23,0,1,30,False,False,evening
2023-01-31 00:00:00,LOC_4,Resident,430,97.0917210987854,41.38752389284557,2.139808599672119,23.053359039383892,58.0673810189035,6.132109137499842,0.0,0,1,1,31,False,False,night
2023-01-31 01:00:00,LOC_4,Resident,430,85.00076277341255,41.38752389284557,2.139808599672119,17.81774987577696,65.87334919957661,7.068949684818456,0.0,1,1,1,31,False,False,night
2023-01-31 02:00:00,LOC_4,Resident,430,83.10454950051498,41.38752389284557,2.139808599672119,17.253853981858814,62.07290799697442,8.860444411666906,0.0,2,1,1,31,False,False,night
2023-01-31 03:00:00,LOC_4,Resident,430,72.33967916446284,41.38752389284557,2.139808599672119,20.14888863240366,56.69586380110761,7.492494571104771,0.0,3,1,1,31,False,False,night
2023-01-31 04:00:00,LOC_4,Resident,430,81.26131458915795,41.38752389284557,2.139808599672119,17.804414840029768,67.29764541355294,7.290724200813891,0.0,4,1,1,31,False,False,night
2023-01-31 05:00:00,LOC_4,Resident,430,84.45687695568672,41.38752389284557,2.139808599672119,16.065409125937077,73.1164058359434,7.3668807563929155,0.0,5,1,1,31,False,False,night
2023-01-31 06:00:00,LOC_4,Resident,430,99.72162555778203,41.38752389284557,2.139808599672119,15.681873736280396,65.66107373810387,6.621674749829852,0.0,6,1,1,31,False,False,morning
2023-01-31 07:00:00,LOC_4,Resident,430,62.386135843300686,41.38752389284557,2.139808599672119,15.846887793340212,69.02646540140167,7.1023922154068275,0.0,7,1,1,31,False,False,morning
2023-01-31 08:00:00,LOC_4,Resident,430,82.30388563189807,41.38752389284557,2.139808599672119,13.908052215727393,70.09829782095376,7.106954083230754,0.0,8,1,1,31,False,False,morning
2023-01-31 09:00:00,LOC_4,Resident,430,35.108307617935175,41.38752389284557,2.139808599672119,13.607548490474624,65.7471925520303,6.155822475107335,0.0,9,1,1,31,False,False,morning
2023-01-31 10:00:00,LOC_4,Resident,430,40.0967289405132,41.38752389284557,2.139808599672119,16.06156349127317,71.90165620706368,8.302702885553755,0.0,10,1,1,31,False,False,morning
2023-01-31 11:00:00,LOC_4,Resident,430,46.77326573952736,41.38752389284557,2.139808599672119,14.513930893813246,66.45390635887448,7.250755366706846,0.0,11,1,1,31,False,False,morning
2023-01-31 12:00:00,LOC_4,Resident,430,31.52391495567083,41.38752389284557,2.139808599672119,18.328923645886697,67.07282595061963,8.469023287340821,0.0,12,1,1,31,False,False,afternoon
2023-01-31 13:00:00,LOC_4,Resident,430,42.160042922385465,41.38752389284557,2.139808599672119,15.319360901263185,58.113482891511765,8.55476867040998,0.0,13,1,1,31,False,False,afternoon
2023-01-31 14:00:00,LOC_4,Resident,430,39.320856629118616,41.38752389284557,2.139808599672119,22.08313722881615,57.763056590053225,6.640947354928946,0.0,14,1,1,31,False,False,afternoon
2023-01-31 15:00:00,LOC_4,Resident,430,42.50574058611328,41.38752389284557,2.139808599672119,22.27031617834562,60.96166436209979,7.978265644111772,0.0,15,1,1,31,False,False,afternoon
2023-01-31 16:00:00,LOC_4,Resident,430,27.736582602122137,41.38752389284557,2.139808599672119,23.04928290221577,53.06138737236513,7.424290099206548,0.0,16,1,1,31,False,False,afternoon
2023-01-31 17:00:00,LOC_4,Resident,430,37.56658668255405,41.38752389284557,2.139808599672119,25.54433416154354,61.476914868862,8.64915387130841,0.0,17,1,1,31,False,False,afternoon
2023-01-31 18:00:00,LOC_4,Resident,430,66.46743002601328,41.38752389284557,2.139808599672119,27.710686455062547,49.2423439396522,6.657144146972403,0.0,18,1,1,31,False,False,evening
2023-01-31 19:00:00,LOC_4,Resident,430,70.80040696361446,41.38752389284557,2.139808599672119,26.914169470370236,51.352564948091484,8.04459964270786,0.0,19,1,1,31,False,False,evening
2023-01-31 20:00:00,LOC_4,Resident,430,89.60481391514045,41.38752389284557,2.139808599672119,21.380238806892446,54.538979620253976,7.8356538206693145,0.0,20,1,1,31,False,False,evening
2023-01-31 21:00:00,LOC_4,Resident,430,80.52426082319761,41.38752389284557,2.139808599672119,22.33864692400745,43.11256962037714,6.8995387779222,0.0,21,1,1,31,False,False,evening
2023-01-31 22:00:00,LOC_4,Resident,430,89.57301956940962,41.38752389284557,2.139808599672119,23.154843438671143,42.386994751971116,6.424673425981578,0.0,22,1,1,31,False,False,evening
2023-01-31 23:00:00,LOC_4,Resident,430,90.24871284614916,41.38752389284557,2.139808599672119,23.66824882005021,45.13958498789244,7.97102584417099,0.0,23,1,1,31,False,False,evening
2023-02-01 00:00:00,LOC_4,Resident,430,74.92077848744172,41.38752389284557,2.139808599672119,23.62202747945929,61.13950164009382,8.233134262101201,0.0,0,2,2,1,False,False,night
2023-01-01 00:00:00,LOC_5,Public,66,9.01448993856062,41.36541883698708,2.149339809987923,18.493428306022466,61.37128093423267,7.3825919938312525,0.0,0,6,1,1,True,False,night
2023-01-01 01:00:00,LOC_5,Public,66,14.17220450724158,41.36541883698708,2.149339809987923,16.02473920852233,68.33129820065598,5.280406436539817,0.0,1,6,1,1,True,False,night
2023-01-01 02:00:00,LOC_5,Public,66,29.76287539277785,41.36541883698708,2.149339809987923,16.309722243215575,66.194395004205,6.76747583424801,0.0,2,6,1,1,True,False,night
2023-01-01 03:00:00,LOC_5,Public,66,25.28647620817019,41.36541883698708,2.149339809987923,16.773482228599715,69.48756595347292,6.447222217917625,0.0,3,6,1,1,True,False,night
2023-01-01 04:00:00,LOC_5,Public,66,9.441604886667418,41.36541883698708,2.149339809987923,12.06038355506166,67.90931390674223,6.932714638617349,0.0,4,6,1,1,True,False,night
2023-01-01 05:00:00,LOC_5,Public,66,10.247639703120958,41.36541883698708,2.149339809987923,11.032055033129287,72.38317587539018,5.201733354040982,0.0,5,6,1,1,True,False,night
2023-01-01 06:00:00,LOC_5,Public,66,0.0,41.36541883698708,2.149339809987923,13.871333995055032,71.81576024383783,6.7485584388768824,0.0,6,6,1,1,True,False,morning
2023-01-01 07:00:00,LOC_5,Public,66,17.102790446017778,41.36541883698708,2.149339809987923,11.755448217684993,74.67947621635498,6.694495342043474,0.0,7,6,1,1,True,False,morning
2023-01-01 08:00:00,LOC_5,Public,66,0.0,41.36541883698708,2.149339809987923,9.118431600986746,85.1534482373259,6.693456357819843,1.4367569459094216,8,6,1,1,True,False,morning
2023-01-01 09:00:00,LOC_5,Public,66,8.710976105095718,41.36541883698708,2.149339809987923,11.320043781095471,74.78315816799321,6.823373564863141,0.03971637332766473,9,6,1,1,True,False,morning
2023-01-01 10:00:00,LOC_5,Public,66,55.561760555474194,41.36541883698708,2.149339809987923,9.81476284012416,91.67871387268877,7.043748860613342,0.0,10,6,1,1,True,False,morning
2023-01-01 11:00:00,LOC_5,Public,66,51.94316685345096,41.36541883698708,2.149339809987923,10.611904214000662,79.3798620621221,7.430746524457092,0.0,11,6,1,1,True,False,morning
2023-01-01 12:00:00,LOC_5,Public,66,41.68080634282616,41.36541883698708,2.149339809987923,13.069994512018951,75.7520406807006,5.82667615416202,0.0,12,6,1,1,True,False,afternoon
2023-01-01 13:00:00,LOC_5,Public,66,38.59500182055193,41.36541883698708,2.149339809987923,9.972586551592109,68.10991701727852,7.493796683824248,0.9798005772521858,13,6,1,1,True,False,afternoon
2023-01-01 14:00:00,LOC_5,Public,66,46.47138475294612,41.36541883698708,2.149339809987923,11.650578850958265,73.30072036507629,6.514849949987227,0.0,14,6,1,1,True,False,afternoon
2023-01-01 15:00:00,LOC_5,Public,66,45.34131628230887,41.36541883698708,2.149339809987923,15.277106880919774,64.31844699000769,5.252692180180816,0.0,15,6,1,1,True,False,afternoon
2023-01-01 16:00:00,LOC_5,Public,66,43.001785131403395,41.36541883698708,2.149339809987923,15.589096615776,65.3805313603371,5.198604559020907,0.869765940983819,16,6,1,1,True,False,afternoon
2023-01-01 17:00:00,LOC_5,Public,66,61.14963263615514,41.36541883698708,2.149339809987923,19.285959511085043,75.48549299955498,6.027101144080533,4.6755022107870525,17,6,1,1,True,False,afternoon
2023-01-01 18:00:00,LOC_5,Public,66,50.98310037177469,41.36541883698708,2.149339809987923,17.64318182862986,60.601240542032194,7.380511523484421,0.0,18,6,1,1,True,False,evening
2023-01-01 19:00:00,LOC_5,Public,66,51.04012928404824,41.36541883698708,2.149339809987923,17.14129664389489,65.81455853829743,7.150297787246773,0.0,19,6,1,1,True,False,evening
2023-01-01 20:00:00,LOC_5,Public,66,37.369381678052974,41.36541883698708,2.149339809987923,23.074744337225304,56.19722427560617,7.394534253893658,0.0,20,6,1,1,True,False,evening
2023-01-01 21:00:00,LOC_5,Public,66,0.0,41.36541883698708,2.149339809987923,19.52869514031891,59.864562064931235,6.581930891294156,0.0,21,6,1,1,True,False,evening
2023-01-01 22:00:00,LOC_5,Public,66,10.717607448275425,41.36541883698708,2.149339809987923,19.62297377112189,69.87816845468546,6.352155062431242,0.0,22,6,1,1,True,False,evening
2023-01-01 23:00:00,LOC_5,Public,66,15.536190413204809,41.36541883698708,2.149339809987923,15.850999528130089,59.46417290994716,5.475349979043704,0.0,23,6,1,1,True,False,evening
2023-01-02 00:00:00,LOC_5,Public,66,32.97896248795743,41.36541883698708,2.149339809987923,16.583368112507983,73.71797566686794,6.019004973139603,0.0,0,0,1,2,False,False,night
2023-01-02 01:00:00,LOC_5,Public,66,28.877045402670653,41.36541883698708,2.149339809987923,16.695245444868956,70.59195914637893,6.3379191065089495,0.0,1,0,1,2,False,False,night
2023-01-02 02:00:00,LOC_5,Public,66,13.298905605743204,41.36541883698708,2.149339809987923,12.884489271225045,66.81471326838937,5.303096574252781,0.0,2,0,1,2,False,False,night
2023-01-02 03:00:00,LOC_5,Public,66,56.22769331736867,41.36541883698708,2.149339809987923,14.650948527446776,75.36293371376674,5.700565401387241,0.0,3,0,1,2,False,False,night
2023-01-02 04:00:00,LOC_5,Public,66,27.575302939006836,41.36541883698708,2.149339809987923,11.499541527004839,79.46113443444875,6.8348396635597055,0.0,4,0,1,2,False,False,night
2023-01-02 05:00:00,LOC_5,Public,66,29.08589582000151,41.36541883698708,2.149339809987923,11.089068588584297,79.76413763474429,7.248587341538287,0.0,5,0,1,2,False,False,night
2023-01-02 06:00:00,LOC_5,Public,66,19.71152847185121,41.36541883698708,2.149339809987923,9.681620730981235,70.37880848966766,8.038074729051292,0.0,6,0,1,2,False,False,morning
2023-01-02 07:00:00,LOC_5,Public,66,0.0,41.36541883698708,2.149339809987923,14.097259081501704,75.57890869590801,7.8438063628165065,0.0,7,0,1,2,False,False,morning
2023-01-02 08:00:00,LOC_5,Public,66,67.65883614343893,41.36541883698708,2.149339809987923,10.202508149639435,78.30340162401187,6.9735961184286355,0.0,8,0,1,2,False,False,morning
2023-01-02 09:00:00,LOC_5,Public,66,69.2437429092707,41.36541883698708,2.149339809987923,8.29162224687442,78.81374464492734,6.311078807128528,1.255617603584788,9,0,1,2,False,False,morning
2023-01-02 10:00:00,LOC_5,Public,66,70.9254697448449,41.36541883698708,2.149339809987923,12.55880655687312,81.2759270224199,6.957300844442485,0.8993309136890182,10,0,1,2,False,False,morning
2023-01-02 11:00:00,LOC_5,Public,66,52.040137010208554,41.36541883698708,2.149339809987923,9.273792935623701,77.45754453353479,7.407157682540393,0.0,11,0,1,2,False,False,morning
2023-01-02 12:00:00,LOC_5,Public,66,90.99105141453724,41.36541883698708,2.149339809987923,13.17591159228084,67.80690940190684,5.406645453224428,0.0,12,0,1,2,False,False,afternoon
2023-01-02 13:00:00,LOC_5,Public,66,53.35327430284863,41.36541883698708,2.149339809987923,10.051919056946504,73.95847064561771,6.282785575132596,1.1232727809391316,13,0,1,2,False,False,afternoon
2023-01-02 14:00:00,LOC_5,Public,66,70.6631712869133,41.36541883698708,2.149339809987923,12.61615242385487,72.50787968311565,7.573911761237198,0.0,14,0,1,2,False,False,afternoon
2023-01-02 15:00:00,LOC_5,Public,66,60.69292132730661,41.36541883698708,2.149339809987923,16.967512070132724,69.65137304286623,6.207437730375507,0.4670043211463479,15,0,1,2,False,False,afternoon
2023-01-02 16:00:00,LOC_5,Public,66,92.99917012898835,41.36541883698708,2.149339809987923,19.263797240211307,69.83017546733214,6.772989629725657,0.0,16,0,1,2,False,False,afternoon
2023-01-02 17:00:00,LOC_5,Public,66,76.90486178838565,41.36541883698708,2.149339809987923,19.172304108291716,66.51047568092096,6.822114810582402,0.0,17,0,1,2,False,False,afternoon
2023-01-02 18:00:00,LOC_5,Public,66,57.144327148855666,41.36541883698708,2.149339809987923,19.400033502614793,63.03324026135964,5.613669369094735,0.0,18,0,1,2,False,False,evening
2023-01-02 19:00:00,LOC_5,Public,66,0.0,41.36541883698708,2.149339809987923,19.535794042269007,59.37316857581159,6.148380785357314,0.0,19,0,1,2,False,False,evening
2023-01-02 20:00:00,LOC_5,Public,66,0.0,41.36541883698708,2.149339809987923,17.358497416155377,51.06411253863958,6.066642145603842,0.0,20,0,1,2,False,False,evening
2023-01-02 21:00:00,LOC_5,Public,66,0.0,41.36541883698708,2.149339809987923,18.712651044100756,61.843412173882584,5.14313219148516,1.045940970982072,21,0,1,2,False,False,evening
2023-01-02 22:00:00,LOC_5,Public,66,26.68162332067565,41.36541883698708,2.149339809987923,18.738728572980534,61.71842620601534,5.138551110869649,0.0,22,0,1,2,False,False,evening
2023-01-02 23:00:00,LOC_5,Public,66,48.293461562118345,41.36541883698708,2.149339809987923,20.98682605117201,63.61273098850851,7.562500669587609,0.0,23,0,1,2,False,False,evening
2023-01-03 00:00:00,LOC_5,Public,66,20.725639382081003,41.36541883698708,2.149339809987923,18.53145269536438,57.92782488844354,5.888055653163929,0.0,0,1,1,3,False,False,night
2023-01-03 01:00:00,LOC_5,Public,66,43.54618684388324,41.36541883698708,2.149339809987923,13.119399277355228,61.303758121797294,6.624513171230065,0.0,1,1,1,3,False,False,night
2023-01-03 02:00:00,LOC_5,Public,66,20.821642490849143,41.36541883698708,2.149339809987923,16.006720366925162,74.54865941039337,5.967887206393434,0.19766589364657372,2,1,1,3,False,False,night
2023-01-03 03:00:00,LOC_5,Public,66,18.447317466171825,41.36541883698708,2.149339809987923,13.30146052289698,71.6589740632575,7.895181797194465,0.0,3,1,1,3,False,False,night
2023-01-03 04:00:00,LOC_5,Public,66,18.95093671494063,41.36541883698708,2.149339809987923,11.519044001588519,77.66172748246224,5.852467877037409,0.0,4,1,1,3,False,False,night
2023-01-03 05:00:00,LOC_5,Public,66,13.47121654795816,41.36541883698708,2.149339809987923,13.067874175071742,76.45254868587229,6.364981538881354,0.0,5,1,1,3,False,False,night
2023-01-03 06:00:00,LOC_5,Public,66,1.380728916618666,41.36541883698708,2.149339809987923,13.119094834991452,78.03458911747961,7.695635313238155,0.0,6,1,1,3,False,False,morning
2023-01-03 07:00:00,LOC_5,Public,66,1.6189126739866662,41.36541883698708,2.149339809987923,12.427321022097203,83.56189746215037,7.604678683437455,0.0,7,1,1,3,False,False,morning
2023-01-03 08:00:00,LOC_5,Public,66,59.85719796265586,41.36541883698708,2.149339809987923,8.72312177235549,76.6166627213116,5.638615617298986,0.0,8,1,1,3,False,False,morning
2023-01-03 09:00:00,LOC_5,Public,66,85.43194042461056,41.36541883698708,2.149339809987923,9.960669632558746,79.32241511618258,7.489674632528434,1.510056877070906,9,1,1,3,False,False,morning
2023-01-03 10:00:00,LOC_5,Public,66,79.64935499733092,41.36541883698708,2.149339809987923,11.74828984622535,75.51709758963833,6.457738660681762,0.0,10,1,1,3,False,False,morning
2023-01-03 11:00:00,LOC_5,Public,66,54.23478490363826,41.36541883698708,2.149339809987923,13.83861262332758,74.0524741246727,6.5335178712591855,0.0,11,1,1,3,False,False,morning
2023-01-03 12:00:00,LOC_5,Public,66,70.84771256547559,41.36541883698708,2.149339809987923,11.971873854354726,72.5936947225662,5.486484383256892,0.0,12,1,1,3,False,False,afternoon
2023-01-03 13:00:00,LOC_5,Public,66,51.19426099253294,41.36541883698708,2.149339809987923,13.771974984902647,72.824082981708,5.3292821740199505,0.0,13,1,1,3,False,False,afternoon
2023-01-03 14:00:00,LOC_5,Public,66,85.08140151906608,41.36541883698708,2.149339809987923,13.231883824409751,66.71714934683901,7.2727286754056575,0.0,14,1,1,3,False,False,afternoon
2023-01-03 15:00:00,LOC_5,Public,66,62.830976362383154,41.36541883698708,2.149339809987923,14.353401129746915,72.78715187205108,6.57972728754503,0.7677308202762632,15,1,1,3,False,False,afternoon
2023-01-03 16:00:00,LOC_5,Public,66,73.04831838797533,41.36541883698708,2.149339809987923,19.583935944766512,59.60919488894625,6.402328967841162,0.0,16,1,1,3,False,False,afternoon
2023-01-03 17:00:00,LOC_5,Public,66,62.11368329939292,41.36541883698708,2.149339809987923,21.714063174557413,61.06247554436168,7.281734528253796,0.0,17,1,1,3,False,False,afternoon
2023-01-03 18:00:00,LOC_5,Public,66,62.51609929079645,41.36541883698708,2.149339809987923,19.65932065898584,58.194662904336106,7.391181473618192,0.0,18,1,1,3,False,False,evening
2023-01-03 19:00:00,LOC_5,Public,66,0.0,41.36541883698708,2.149339809987923,22.317073238745444,66.61487453584587,5.572800165311272,0.0,19,1,1,3,False,False,evening
2023-01-03 20:00:00,LOC_5,Public,66,4.942941342841553,41.36541883698708,2.149339809987923,21.210814542767693,60.00768889721302,6.928183946967409,0.0,20,1,1,3,False,False,evening
2023-01-03 21:00:00,LOC_5,Public,66,5.354444128225843,41.36541883698708,2.149339809987923,19.034096045242844,64.510551588437,5.505003531434607,0.0,21,1,1,3,False,False,evening
2023-01-03 22:00:00,LOC_5,Public,66,28.892693158797773,41.36541883698708,2.149339809987923,20.55478832877549,52.90820389929781,7.354499277854432,0.0,22,1,1,3,False,False,evening
2023-01-03 23:00:00,LOC_5,Public,66,10.714487368687893,41.36541883698708,2.149339809987923,22.12064055533784,63.2461164845345,7.072672172096051,0.0,23,1,1,3,False,False,evening
2023-01-04 00:00:00,LOC_5,Public,66,6.3998722619578565,41.36541883698708,2.149339809987923,17.944544594012633,68.41576063365211,7.973083197696881,0.0,0,2,1,4,False,False,night
2023-01-04 01:00:00,LOC_5,Public,66,15.629199035226977,41.36541883698708,2.149339809987923,19.946742099570052,66.77651037049303,5.311545961555151,0.0,1,2,1,4,False,False,night
2023-01-04 02:00:00,LOC_5,Public,66,34.30337816432162,41.36541883698708,2.149339809987923,10.291031975199356,74.26635750856907,5.277268600129531,0.03225852154060481,2,2,1,4,False,False,night
2023-01-04 03:00:00,LOC_5,Public,66,24.893164105669637,41.36541883698708,2.149339809987923,15.88739431463372,68.9263791377316,5.954098130358776,0.0,3,2,1,4,False,False,night
2023-01-04 04:00:00,LOC_5,Public,66,19.346022054203782,41.36541883698708,2.149339809987923,13.218940739272137,80.9570439953363,5.8940863717668766,0.0,4,2,1,4,False,False,night
2023-01-04 05:00:00,LOC_5,Public,66,4.827518937166358,41.36541883698708,2.149339809987923,11.418459787029525,87.46154164217373,5.851338075994798,0.0,5,2,1,4,False,False,night
2023-01-04 06:00:00,LOC_5,Public,66,0.1629120111115875,41.36541883698708,2.149339809987923,11.412564435154843,75.72772143363403,7.830597721764317,2.12840496823145,6,2,1,4,False,False,morning
2023-01-04 07:00:00,LOC_5,Public,66,5.241172490433262,41.36541883698708,2.149339809987923,6.761564159800463,76.29908341499164,5.861904823638036,0.0,7,2,1,4,False,False,morning
2023-01-04 08:00:00,LOC_5,Public,66,74.14158731427156,41.36541883698708,2.149339809987923,10.13414827285949,86.11993828851948,5.930547588092796,0.0,8,2,1,4,False,False,morning
2023-01-04 09:00:00,LOC_5,Public,66,61.38197274295766,41.36541883698708,2.149339809987923,11.465248693160943,86.39581362837868,7.39432532357045,0.0,9,2,1,4,False,False,morning
2023-01-04 10:00:00,LOC_5,Public,66,69.93295974946274,41.36541883698708,2.149339809987923,14.213474086469402,74.87032787026091,6.466782130533332,0.0,10,2,1,4,False,False,morning
2023-01-04 11:00:00,LOC_5,Public,66,80.66179142138354,41.36541883698708,2.149339809987923,11.022898705348092,73.78018763072994,7.4491262804311695,0.0,11,2,1,4,False,False,morning
2023-01-04 12:00:00,LOC_5,Public,66,76.65784377989989,41.36541883698708,2.149339809987923,11.485145567871555,72.3868114083816,5.316525027424742,0.0,12,2,1,4,False,False,afternoon
2023-01-04 13:00:00,LOC_5,Public,66,67.30147386234026,41.36541883698708,2.149339809987923,13.311682877032908,64.64735351642466,6.58457201896307,0.0,13,2,1,4,False,False,afternoon
2023-01-04 14:00:00,LOC_5,Public,66,82.87768793434206,41.36541883698708,2.149339809987923,17.447255527719005,64.1738376829493,5.224131059012819,0.0,14,2,1,4,False,False,afternoon
2023-01-04 15:00:00,LOC_5,Public,66,86.08731027653842,41.36541883698708,2.149339809987923,17.57520752260765,61.143885559663104,5.312681625921199,0.0,15,2,1,4,False,False,afternoon
2023-01-04 16:00:00,LOC_5,Public,66,64.97758534244834,41.36541883698708,2.149339809987923,17.071248134880058,59.8994750896511,7.8454660685160595,0.0,16,2,1,4,False,False,afternoon
2023-01-04 17:00:00,LOC_5,Public,66,77.65175655254048,41.36541883698708,2.149339809987923,20.199995454706936,61.47965438610564,5.545321449862283,0.0,17,2,1,4,False,False,afternoon
2023-01-04 18:00:00,LOC_5,Public,66,54.6781055557965,41.36541883698708,2.149339809987923,20.169366612111435,61.2206506358519,6.726278945724284,0.0,18,2,1,4,False,False,evening
2023-01-04 19:00:00,LOC_5,Public,66,0.0,41.36541883698708,2.149339809987923,22.41916108707987,66.7887602520422,6.36373520271587,0.0,19,2,1,4,False,False,evening
2023-01-04 20:00:00,LOC_5,Public,66,22.205861840677148,41.36541883698708,2.149339809987923,19.25529293133731,53.68943155812202,6.173909802594931,0.0,20,2,1,4,False,False,evening
2023-01-04 21:00:00,LOC_5,Public,66,5.585064816883335,41.36541883698708,2.149339809987923,19.840860762630697,63.92924188073045,7.8328112219379955,0.0,21,2,1,4,False,False,evening
2023-01-04 22:00:00,LOC_5,Public,66,23.474525571844826,41.36541883698708,2.149339809987923,19.219623099411372,58.92237696752108,5.200212667677167,0.0,22,2,1,4,False,False,evening
2023-01-04 23:00:00,LOC_5,Public,66,26.76557920867549,41.36541883698708,2.149339809987923,16.289372512196607,61.31987663481615,7.127542759032389,0.0,23,2,1,4,False,False,evening
2023-01-05 00:00:00,LOC_5,Public,66,19.7409577331802,41.36541883698708,2.149339809987923,18.78026482215235,66.99804892478662,8.02778815624529,0.0,0,3,1,5,False,False,night
2023-01-05 01:00:00,LOC_5,Public,66,19.114120647626436,41.36541883698708,2.149339809987923,17.511385449429795,60.407840082048466,6.819540486297008,0.0,1,3,1,5,False,False,night
2023-01-05 02:00:00,LOC_5,Public,66,10.297602997265308,41.36541883698708,2.149339809987923,15.712561646734498,70.5073792640211,7.95093433278919,0.0,2,3,1,5,False,False,night
2023-01-05 03:00:00,LOC_5,Public,66,25.11646628768943,41.36541883698708,2.149339809987923,13.946219933755803,72.0014726400531,5.298671523061812,0.0,3,3,1,5,False,False,night
2023-01-05 04:00:00,LOC_5,Public,66,9.50818563494543,41.36541883698708,2.149339809987923,10.38590226948316,76.02896881287276,6.399708707939282,0.0,4,3,1,5,False,False,night
2023-01-05 05:00:00,LOC_5,Public,66,23.28797754791021,41.36541883698708,2.149339809987923,11.346973161001365,77.06931560647492,5.925232915379118,2.780060267792967,5,3,1,5,False,False,night
2023-01-05 06:00:00,LOC_5,Public,66,19.35489774026222,41.36541883698708,2.149339809987923,10.715395247005043,89.4748521394373,7.338653154738345,0.08894431968732089,6,3,1,5,False,False,morning
2023-01-05 07:00:00,LOC_5,Public,66,0.0,41.36541883698708,2.149339809987923,9.303920839563038,74.99434932273087,8.091512173382064,0.0,7,3,1,5,False,False,morning
2023-01-05 08:00:00,LOC_5,Public,66,70.42531762856454,41.36541883698708,2.149339809987923,10.422685916865289,75.8545005445963,5.9186416553722045,0.0,8,3,1,5,False,False,morning
2023-01-05 09:00:00,LOC_5,Public,66,79.00090958798219,41.36541883698708,2.149339809987923,11.730882369721735,75.03873605569086,7.113005761929824,0.0,9,3,1,5,False,False,morning
2023-01-05 10:00:00,LOC_5,Public,66,80.44867566793093,41.36541883698708,2.149339809987923,15.20180663129292,74.363744746455,5.746205267838031,0.0,10,3,1,5,False,False,morning
2023-01-05 11:00:00,LOC_5,Public,66,38.98616848012629,41.36541883698708,2.149339809987923,12.580335237016952,72.35070514076088,6.849333467172032,0.6331951821699681,11,3,1,5,False,False,morning
2023-01-05 12:00:00,LOC_5,Public,66,63.13145908778566,41.36541883698708,2.149339809987923,13.788965573780159,79.3973530708685,6.546570418531935,0.31274304839958234,12,3,1,5,False,False,afternoon
2023-01-05 13:00:00,LOC_5,Public,66,72.76056184975997,41.36541883698708,2.149339809987923,14.33802861221593,78.12868035245275,8.072219122746786,0.0,13,3,1,5,False,False,afternoon
2023-01-05 14:00:00,LOC_5,Public,66,74.2563015847441,41.36541883698708,2.149339809987923,11.950623713787802,65.56993624248085,6.983215046966577,0.0,14,3,1,5,False,False,afternoon
2023-01-05 15:00:00,LOC_5,Public,66,58.37314002020557,41.36541883698708,2.149339809987923,17.03638368864522,61.65939925539155,6.207582359066666,0.0,15,3,1,5,False,False,afternoon
2023-01-05 16:00:00,LOC_5,Public,66,70.6399015310403,41.36541883698708,2.149339809987923,18.422926294399986,65.75214603289615,5.502780529567387,0.0,16,3,1,5,False,False,afternoon
2023-01-05 17:00:00,LOC_5,Public,66,79.13202347168064,41.36541883698708,2.149339809987923,24.271633253071634,58.54858672239302,5.615663510638468,0.0,17,3,1,5,False,False,afternoon
2023-01-05 18:00:00,LOC_5,Public,66,53.77950436077398,41.36541883698708,2.149339809987923,19.76216904266417,62.87087714432472,5.83930358051455,0.0,18,3,1,5,False,False,evening
2023-01-05 19:00:00,LOC_5,Public,66,0.0,41.36541883698708,2.149339809987923,21.256636180360413,59.707532112870126,5.917682456870463,0.0,19,3,1,5,False,False,evening
2023-01-05 20:00:00,LOC_5,Public,66,0.0,41.36541883698708,2.149339809987923,20.76163681191113,50.75915872237061,7.718060243787738,0.0,20,3,1,5,False,False,evening
2023-01-05 21:00:00,LOC_5,Public,66,0.0,41.36541883698708,2.149339809987923,18.330480967054463,66.40185192206326,6.851309947017213,0.0,21,3,1,5,False,False,evening
2023-01-05 22:00:00,LOC_5,Public,66,24.082518300945317,41.36541883698708,2.149339809987923,22.461127687102653,68.62842424933238,6.739243741953183,0.0,22,3,1,5,False,False,evening
2023-01-05 23:00:00,LOC_5,Public,66,15.018033519027496,41.36541883698708,2.149339809987923,20.891901703857695,58.15998527060977,5.514806962117934,0.0,23,3,1,5,False,False,evening
2023-01-06 00:00:00,LOC_5,Public,66,22.15486417053428,41.36541883698708,2.149339809987923,19.94171188146056,61.34219622557115,7.752348677523198,0.0,0,4,1,6,False,True,night
2023-01-06 01:00:00,LOC_5,Public,66,34.042548987173326,41.36541883698708,2.149339809987923,15.342114115866252,67.10754890271306,7.341801669614076,0.0,1,4,1,6,False,True,night
2023-01-06 02:00:00,LOC_5,Public,66,21.016218695469412,41.36541883698708,2.149339809987923,18.679527788453356,69.9244056167728,5.377792919016237,0.0,2,4,1,6,False,True,night
2023-01-06 03:00:00,LOC_5,Public,66,11.120390343629085,41.36541883698708,2.149339809987923,11.783286732515396,74.11874364716424,7.299722108411818,0.0,3,4,1,6,False,True,night
2023-01-06 04:00:00,LOC_5,Public,66,27.59280709811721,41.36541883698708,2.149339809987923,14.561942734962098,83.27456559910863,6.808260361500251,0.0,4,4,1,6,False,True,night
2023-01-06 05:00:00,LOC_5,Public,66,8.857937871004626,41.36541883698708,2.149339809987923,16.74074989983983,74.39558656609002,5.424250548070857,0.0,5,4,1,6,False,True,night
2023-01-06 06:00:00,LOC_5,Public,66,5.6334265121755465,41.36541883698708,2.149339809987923,9.59131643112684,72.8637356145313,6.555405144648052,0.0,6,4,1,6,False,True,morning
2023-01-06 07:00:00,LOC_5,Public,66,0.0,41.36541883698708,2.149339809987923,9.947434591509008,70.94334375849827,6.6360206978221195,1.6556056297563988,7,4,1,6,False,True,morning
2023-01-06 08:00:00,LOC_5,Public,66,78.73730434832547,41.36541883698708,2.149339809987923,11.116104526201513,74.51174620823795,5.680683979695073,0.0,8,4,1,6,False,True,morning
2023-01-06 09:00:00,LOC_5,Public,66,70.10300151520266,41.36541883698708,2.149339809987923,10.087363498557092,77.64573552205205,8.021883228647813,0.0,9,4,1,6,False,True,morning
2023-01-06 10:00:00,LOC_5,Public,66,67.26098567295207,41.36541883698708,2.149339809987923,8.499631724056893,85.77087214521062,7.736143235464256,1.9999571820367423,10,4,1,6,False,True,morning
2023-01-06 11:00:00,LOC_5,Public,66,71.21955075242535,41.36541883698708,2.149339809987923,12.539818836661006,72.60655773072125,7.194712370583663,0.0,11,4,1,6,False,True,morning
2023-01-06 12:00:00,LOC_5,Public,66,70.76521470860253,41.36541883698708,2.149339809987923,11.320760070719784,74.2282047618505,6.57596018263622,0.0,12,4,1,6,False,True,afternoon
2023-01-06 13:00:00,LOC_5,Public,66,69.25633050337261,41.36541883698708,2.149339809987923,15.605597352766411,70.60106053664416,6.425798168155256,0.0,13,4,1,6,False,True,afternoon
2023-01-06 14:00:00,LOC_5,Public,66,52.32887996561685,41.36541883698708,2.149339809987923,14.120798977350708,74.0226714756038,7.144849890616525,0.0,14,4,1,6,False,True,afternoon
2023-01-06 15:00:00,LOC_5,Public,66,76.04527004687759,41.36541883698708,2.149339809987923,20.360750716475557,78.11289831648715,6.829652944406291,0.0,15,4,1,6,False,True,afternoon
2023-01-06 16:00:00,LOC_5,Public,66,75.07394248030546,41.36541883698708,2.149339809987923,16.907418833992004,60.39780529806944,5.381604401378553,0.0,16,4,1,6,False,True,afternoon
2023-01-06 17:00:00,LOC_5,Public,66,65.1842478373038,41.36541883698708,2.149339809987923,18.872474528876925,58.51960766483233,6.733720677382103,0.0,17,4,1,6,False,True,afternoon
2023-01-06 18:00:00,LOC_5,Public,66,68.33267558264357,41.36541883698708,2.149339809987923,21.945362840990246,64.58414757284355,7.616851129164261,0.0,18,4,1,6,False,True,evening
2023-01-06 19:00:00,LOC_5,Public,66,7.808894073680611,41.36541883698708,2.149339809987923,18.363239109489363,61.759521963417015,6.576787354973261,0.0,19,4,1,6,False,True,evening
2023-01-06 20:00:00,LOC_5,Public,66,3.9884564096097286,41.36541883698708,2.149339809987923,21.45739519164163,67.22858598381342,5.35636479714948,0.0,20,4,1,6,False,True,evening
2023-01-06 21:00:00,LOC_5,Public,66,0.0,41.36541883698708,2.149339809987923,23.453526158231682,61.241159627296156,7.560756901796397,0.0,21,4,1,6,False,True,evening
2023-01-06 22:00:00,LOC_5,Public,66,3.2675748481081985,41.36541883698708,2.149339809987923,17.131907744404728,57.50979111901034,5.807440785328922,0.0,22,4,1,6,False,True,evening
2023-01-06 23:00:00,LOC_5,Public,66,22.038605336504,41.36541883698708,2.149339809987923,19.928683970910207,63.834441645770355,5.9806389742466886,0.0,23,4,1,6,False,True,evening
2023-01-07 00:00:00,LOC_5,Public,66,12.394732121599548,41.36541883698708,2.149339809987923,19.050782562971193,68.48148395396585,5.700322455191758,0.0,0,5,1,7,True,False,night
2023-01-07 01:00:00,LOC_5,Public,66,14.356995733488771,41.36541883698708,2.149339809987923,18.8958920396862,69.43791831372366,6.198275408738287,0.0,1,5,1,7,True,False,night
2023-01-07 02:00:00,LOC_5,Public,66,14.969612631123896,41.36541883698708,2.149339809987923,13.57138321092037,70.44580089018342,7.479311443601212,0.0,2,5,1,7,True,False,night
2023-01-07 03:00:00,LOC_5,Public,66,20.89029638492959,41.36541883698708,2.149339809987923,12.117409205295939,75.81672858501679,6.7686411099072314,0.0,3,5,1,7,True,False,night
2023-01-07 04:00:00,LOC_5,Public,66,12.73432630936081,41.36541883698708,2.149339809987923,14.603433271084796,78.72737767252636,5.8265538504223375,0.05866643774561698,4,5,1,7,True,False,night
2023-01-07 05:00:00,LOC_5,Public,66,39.258518584140774,41.36541883698708,2.149339809987923,13.125117518162513,81.84849861179536,7.846826649981898,0.5423288036950722,5,5,1,7,True,False,night
2023-01-07 06:00:00,LOC_5,Public,66,7.1041305409630215,41.36541883698708,2.149339809987923,12.24467214841119,79.75617654250934,7.853508258182914,0.0,6,5,1,7,True,False,morning
2023-01-07 07:00:00,LOC_5,Public,66,0.0,41.36541883698708,2.149339809987923,11.944211590769052,76.66177925486554,7.8279241357821086,0.0,7,5,1,7,True,False,morning
2023-01-07 08:00:00,LOC_5,Public,66,0.0,41.36541883698708,2.149339809987923,9.728025140539806,78.55741926477305,5.9340035508839755,0.0,8,5,1,7,True,False,morning
2023-01-07 09:00:00,LOC_5,Public,66,3.8098832319864258,41.36541883698708,2.149339809987923,11.730082567279085,83.50139448662765,6.572758893423448,0.0,9,5,1,7,True,False,morning
2023-01-07 10:00:00,LOC_5,Public,66,52.73939002924581,41.36541883698708,2.149339809987923,12.358351389344556,72.37090875956943,8.175435660756502,0.0,10,5,1,7,True,False,morning
2023-01-07 11:00:00,LOC_5,Public,66,55.73327330064719,41.36541883698708,2.149339809987923,11.145225309844545,76.69551025256995,7.537929839295975,0.0,11,5,1,7,True,False,morning
2023-01-07 12:00:00,LOC_5,Public,66,62.511721943388295,41.36541883698708,2.149339809987923,17.348139093506457,70.8001257959293,5.304820277920068,0.0,12,5,1,7,True,False,afternoon
2023-01-07 13:00:00,LOC_5,Public,66,57.140807189139544,41.36541883698708,2.149339809987923,15.777288132474059,70.48447953337312,5.4203572770140935,0.0,13,5,1,7,True,False,afternoon
2023-01-07 14:00:00,LOC_5,Public,66,57.2962249225404,41.36541883698708,2.149339809987923,13.748237388596362,74.13057054703317,6.617963007037329,1.8332571822396362,14,5,1,7,True,False,afternoon
2023-01-07 15:00:00,LOC_5,Public,66,34.91981603928237,41.36541883698708,2.149339809987923,18.745173110846437,66.09136355294196,7.9552547511979155,0.0,15,5,1,7,True,False,afternoon
2023-01-07 16:00:00,LOC_5,Public,66,52.291353809550856,41.36541883698708,2.149339809987923,16.6957330272358,62.94199000539986,6.845124667396231,2.2029145338737806,16,5,1,7,True,False,afternoon
2023-01-07 17:00:00,LOC_5,Public,66,47.58589683466889,41.36541883698708,2.149339809987923,21.261924591626222,53.82520852681777,6.723881819744587,0.0,17,5,1,7,True,False,afternoon
2023-01-07 18:00:00,LOC_5,Public,66,61.752062191274746,41.36541883698708,2.149339809987923,22.806664172892006,62.75232180038171,5.548290299060893,0.0,18,5,1,7,True,False,evening
2023-01-07 19:00:00,LOC_5,Public,66,61.17067785499162,41.36541883698708,2.149339809987923,19.354734412006355,61.235222808285826,7.203634297625769,0.0,19,5,1,7,True,False,evening
2023-01-07 20:00:00,LOC_5,Public,66,57.01274324776171,41.36541883698708,2.149339809987923,23.100345496960546,68.4690871395835,7.701028129495056,0.0,20,5,1,7,True,False,evening
2023-01-07 21:00:00,LOC_5,Public,66,3.327803880167959,41.36541883698708,2.149339809987923,21.835906941231077,56.440418650518836,6.377403213705235,0.0,21,5,1,7,True,False,evening
2023-01-07 22:00:00,LOC_5,Public,66,30.892453623627453,41.36541883698708,2.149339809987923,22.16208540483377,60.059821468630105,7.564403165960502,0.0,22,5,1,7,True,False,evening
2023-01-07 23:00:00,LOC_5,Public,66,13.476339412708144,41.36541883698708,2.149339809987923,23.52407943607807,61.785931477013435,8.132421874669921,0.0,23,5,1,7,True,False,evening
2023-01-08 00:00:00,LOC_5,Public,66,23.679208783966914,41.36541883698708,2.149339809987923,18.211304216987788,70.48310550083032,5.851715467181773,0.4484829164564948,0,6,1,8,True,False,night
2023-01-08 01:00:00,LOC_5,Public,66,19.035636730551804,41.36541883698708,2.149339809987923,15.99582361152509,64.51693045758509,6.8118290365297165,0.0,1,6,1,8,True,False,night
2023-01-08 02:00:00,LOC_5,Public,66,9.676514205756366,41.36541883698708,2.149339809987923,14.437291499125113,68.96246691209937,6.104677945928958,0.0,2,6,1,8,True,False,night
2023-01-08 03:00:00,LOC_5,Public,66,17.651706197792578,41.36541883698708,2.149339809987923,13.297723580833352,73.18079424705425,7.623251132356885,0.0,3,6,1,8,True,False,night
2023-01-08 04:00:00,LOC_5,Public,66,19.048675718603786,41.36541883698708,2.149339809987923,13.576354345938833,73.47193008624771,6.97889165059688,0.0,4,6,1,8,True,False,night
2023-01-08 05:00:00,LOC_5,Public,66,38.24158736472191,41.36541883698708,2.149339809987923,13.384445563885212,72.3635486987435,7.151282356687844,0.0,5,6,1,8,True,False,night
2023-01-08 06:00:00,LOC_5,Public,66,10.022338396210678,41.36541883698708,2.149339809987923,12.468047218605737,77.14111872460013,7.642701006621261,0.0,6,6,1,8,True,False,morning
2023-01-08 07:00:00,LOC_5,Public,66,0.0,41.36541883698708,2.149339809987923,13.076646483781964,82.52359877787903,6.438293241418417,0.0,7,6,1,8,True,False,morning
2023-01-08 08:00:00,LOC_5,Public,66,0.0,41.36541883698708,2.149339809987923,11.285028735141433,72.34937360017346,7.997075195498254,0.0,8,6,1,8,True,False,morning
2023-01-08 09:00:00,LOC_5,Public,66,0.0,41.36541883698708,2.149339809987923,14.343579160767458,77.79182635782873,6.8523146293180535,0.0,9,6,1,8,True,False,morning
2023-01-08 10:00:00,LOC_5,Public,66,50.84294078460526,41.36541883698708,2.149339809987923,11.413813987634313,72.61314061708367,5.728515403112527,0.0,10,6,1,8,True,False,morning
2023-01-08 11:00:00,LOC_5,Public,66,43.70942888341935,41.36541883698708,2.149339809987923,18.185172980374734,80.48556385023322,7.343771065132054,0.0,11,6,1,8,True,False,morning
2023-01-08 12:00:00,LOC_5,Public,66,57.842517553893,41.36541883698708,2.149339809987923,15.03881647005582,64.8091019270295,7.637280406219925,0.0,12,6,1,8,True,False,afternoon
2023-01-08 13:00:00,LOC_5,Public,66,54.927663599699784,41.36541883698708,2.149339809987923,13.286183995220505,67.20439254753593,6.209203897915715,0.0,13,6,1,8,True,False,afternoon
2023-01-08 14:00:00,LOC_5,Public,66,58.309543685806766,41.36541883698708,2.149339809987923,14.159921230466475,69.2826469221452,7.831879016313999,0.0,14,6,1,8,True,False,afternoon
2023-01-08 15:00:00,LOC_5,Public,66,68.23988763180515,41.36541883698708,2.149339809987923,18.56785750593508,72.62179479527427,7.980193254284521,0.0,15,6,1,8,True,False,afternoon
2023-01-08 16:00:00,LOC_5,Public,66,38.84719503964854,41.36541883698708,2.149339809987923,18.36900242929776,62.039392694736144,6.0938990621233184,0.0,16,6,1,8,True,False,afternoon
2023-01-08 17:00:00,LOC_5,Public,66,59.99886602137432,41.36541883698708,2.149339809987923,21.286572767087577,57.506858808727216,8.215171992739796,0.0,17,6,1,8,True,False,afternoon
2023-01-08 18:00:00,LOC_5,Public,66,53.06232536695214,41.36541883698708,2.149339809987923,21.60674933341124,68.08523717867465,5.688163997214667,0.0,18,6,1,8,True,False,evening
2023-01-08 19:00:00,LOC_5,Public,66,54.63477795065479,41.36541883698708,2.149339809987923,21.02122687953757,50.42616108821616,5.873498119888665,0.0,19,6,1,8,True,False,evening
2023-01-08 20:00:00,LOC_5,Public,66,41.6676114903384,41.36541883698708,2.149339809987923,19.650775957368847,46.317243429888286,5.821547196415209,0.0,20,6,1,8,True,False,evening
2023-01-08 21:00:00,LOC_5,Public,66,0.7510315553151597,41.36541883698708,2.149339809987923,18.15140520405793,59.83787294340735,7.9522632344204744,0.0,21,6,1,8,True,False,evening
2023-01-08 22:00:00,LOC_5,Public,66,27.343669105953477,41.36541883698708,2.149339809987923,19.795674069973778,56.112320930021305,7.234593048012011,0.0,22,6,1,8,True,False,evening
2023-01-08 23:00:00,LOC_5,Public,66,23.856852537529093,41.36541883698708,2.149339809987923,21.614014184033287,55.091402723573744,5.72944938755754,0.0,23,6,1,8,True,False,evening
2023-01-09 00:00:00,LOC_5,Public,66,12.320046442668,41.36541883698708,2.149339809987923,19.30097520939306,65.79620679423148,6.595527799331577,0.0,0,0,1,9,False,False,night
2023-01-09 01:00:00,LOC_5,Public,66,29.949983314854688,41.36541883698708,2.149339809987923,15.182509714656117,65.8710290246958,7.121872484522904,0.0,1,0,1,9,False,False,night
2023-01-09 02:00:00,LOC_5,Public,66,12.646369723281842,41.36541883698708,2.149339809987923,16.733357513805615,64.40561552210985,5.527791387388799,0.0,2,0,1,9,False,False,night
2023-01-09 03:00:00,LOC_5,Public,66,35.61686161225847,41.36541883698708,2.149339809987923,15.870638098030465,63.39847132949995,7.926068818039095,0.0,3,0,1,9,False,False,night
2023-01-09 04:00:00,LOC_5,Public,66,17.948130455314534,41.36541883698708,2.149339809987923,12.133485876457506,76.55988514368119,7.69105075609656,0.0,4,0,1,9,False,False,night
2023-01-09 05:00:00,LOC_5,Public,66,27.881632365655936,41.36541883698708,2.149339809987923,13.180218518730907,77.5054692761136,6.797280763284433,0.0,5,0,1,9,False,False,night
2023-01-09 06:00:00,LOC_5,Public,66,17.34842213205813,41.36541883698708,2.149339809987923,12.201693370140237,75.33356881460661,8.184460436211598,0.0,6,0,1,9,False,False,morning
2023-01-09 07:00:00,LOC_5,Public,66,0.0,41.36541883698708,2.149339809987923,9.306933236293665,86.04743731632853,6.537783530505349,0.0,7,0,1,9,False,False,morning
2023-01-09 08:00:00,LOC_5,Public,66,61.22626105024245,41.36541883698708,2.149339809987923,12.145176963505943,71.79037168275049,8.238251405671368,0.0,8,0,1,9,False,False,morning
2023-01-09 09:00:00,LOC_5,Public,66,75.51295506694015,41.36541883698708,2.149339809987923,12.728640708036643,69.15823083477596,7.291100153759984,0.0,9,0,1,9,False,False,morning
2023-01-09 10:00:00,LOC_5,Public,66,76.7462698282539,41.36541883698708,2.149339809987923,14.279774058985112,72.31311650532466,7.192773538073174,0.0,10,0,1,9,False,False,morning
2023-01-09 11:00:00,LOC_5,Public,66,76.24781659526272,41.36541883698708,2.149339809987923,15.022965851728612,73.9413464229049,5.788043816605664,0.0,11,0,1,9,False,False,morning
2023-01-09 12:00:00,LOC_5,Public,66,62.87070411365661,41.36541883698708,2.149339809987923,11.202653233284565,73.30071330821598,7.937381668753681,0.0,12,0,1,9,False,False,afternoon
2023-01-09 13:00:00,LOC_5,Public,66,82.29872500094524,41.36541883698708,2.149339809987923,13.295342229384739,68.45183509228839,6.575486570707363,0.0,13,0,1,9,False,False,afternoon
2023-01-09 14:00:00,LOC_5,Public,66,60.861104314558645,41.36541883698708,2.149339809987923,17.502252880945,68.81591228951612,5.781136686652974,0.0,14,0,1,9,False,False,afternoon
2023-01-09 15:00:00,LOC_5,Public,66,72.22740790967272,41.36541883698708,2.149339809987923,18.80094352828605,58.1955596261245,5.333677840117083,0.0,15,0,1,9,False,False,afternoon
2023-01-09 16:00:00,LOC_5,Public,66,80.86782223357346,41.36541883698708,2.149339809987923,20.01646506695413,69.24608363168224,6.976540989783555,0.0,16,0,1,9,False,False,afternoon
2023-01-09 17:00:00,LOC_5,Public,66,66.47936152807561,41.36541883698708,2.149339809987923,27.734459110299653,59.53125185005674,6.880891310979523,0.0,17,0,1,9,False,False,afternoon
2023-01-09 18:00:00,LOC_5,Public,66,67.5117731551666,41.36541883698708,2.149339809987923,21.972462023755053,63.925117153203196,7.458171663796781,0.0,18,0,1,9,False,False,evening
2023-01-09 19:00:00,LOC_5,Public,66,9.634961896179178,41.36541883698708,2.149339809987923,23.60840538366731,59.039078525276295,7.97230315342556,0.0,19,0,1,9,False,False,evening
2023-01-09 20:00:00,LOC_5,Public,66,0.0,41.36541883698708,2.149339809987923,23.42273871163858,59.25429572646457,5.541166790859523,0.0,20,0,1,9,False,False,evening
2023-01-09 21:00:00,LOC_5,Public,66,0.0,41.36541883698708,2.149339809987923,22.654236252230042,60.14592890192412,7.498854394655708,0.0,21,0,1,9,False,False,evening
2023-01-09 22:00:00,LOC_5,Public,66,22.515879066811927,41.36541883698708,2.149339809987923,20.22850179841784,60.5204622246895,5.868018486048015,0.0,22,0,1,9,False,False,evening
2023-01-09 23:00:00,LOC_5,Public,66,17.89865360631758,41.36541883698708,2.149339809987923,21.58947347973432,63.07054372184214,7.881731386034502,0.0,23,0,1,9,False,False,evening
2023-01-10 00:00:00,LOC_5,Public,66,29.691636857287563,41.36541883698708,2.149339809987923,17.49743777756767,68.55958623737652,7.76580818291353,0.0,0,1,1,10,False,False,night
2023-01-10 01:00:00,LOC_5,Public,66,5.920939699910169,41.36541883698708,2.149339809987923,17.370632498646195,65.29406642425491,6.932416162279356,0.0,1,1,1,10,False,False,night
2023-01-10 02:00:00,LOC_5,Public,66,23.385522476202414,41.36541883698708,2.149339809987923,15.586532873423637,70.43049884977889,7.442180389686303,0.0,2,1,1,10,False,False,night
2023-01-10 03:00:00,LOC_5,Public,66,18.469376180009625,41.36541883698708,2.149339809987923,15.43399770366235,69.01082267878445,6.255919269631707,0.0,3,1,1,10,False,False,night
2023-01-10 04:00:00,LOC_5,Public,66,22.133953583362977,41.36541883698708,2.149339809987923,18.700745660277242,79.05772902338691,6.727789402184488,0.0,4,1,1,10,False,False,night
2023-01-10 05:00:00,LOC_5,Public,66,21.72833719871679,41.36541883698708,2.149339809987923,9.308447303904988,70.53208311152667,7.780613012135659,0.0,5,1,1,10,False,False,night
2023-01-10 06:00:00,LOC_5,Public,66,4.29627827175247,41.36541883698708,2.149339809987923,13.627987212858176,84.49376850033576,6.69491436172591,0.0,6,1,1,10,False,False,morning
2023-01-10 07:00:00,LOC_5,Public,66,13.2403864442786,41.36541883698708,2.149339809987923,8.537614417492414,76.27311792703486,6.391929854239737,0.0,7,1,1,10,False,False,morning
2023-01-10 08:00:00,LOC_5,Public,66,62.176003558387606,41.36541883698708,2.149339809987923,10.655892180656375,69.64661266493927,6.802588524197949,0.0,8,1,1,10,False,False,morning
2023-01-10 09:00:00,LOC_5,Public,66,62.248139297802375,41.36541883698708,2.149339809987923,13.955107772632598,77.08610891715821,7.806114899340297,0.23261442908307975,9,1,1,10,False,False,morning
2023-01-10 10:00:00,LOC_5,Public,66,56.99873066167984,41.36541883698708,2.149339809987923,12.412347700667409,72.02716638767262,6.3284070783923525,0.0,10,1,1,10,False,False,morning
2023-01-10 11:00:00,LOC_5,Public,66,65.84042368697818,41.36541883698708,2.149339809987923,10.929969360568453,78.03229991208948,5.845483343879192,0.0,11,1,1,10,False,False,morning
2023-01-10 12:00:00,LOC_5,Public,66,81.33242881768032,41.36541883698708,2.149339809987923,12.697462710865231,68.48073984471772,7.461656086869376,0.0,12,1,1,10,False,False,afternoon
2023-01-10 13:00:00,LOC_5,Public,66,67.06681209968642,41.36541883698708,2.149339809987923,16.70024687119053,67.08698008728375,7.804963957891002,0.0,13,1,1,10,False,False,afternoon
2023-01-10 14:00:00,LOC_5,Public,66,82.02432107716443,41.36541883698708,2.149339809987923,15.181488963630814,57.267851891142165,5.6303568809836175,0.0,14,1,1,10,False,False,afternoon
2023-01-10 15:00:00,LOC_5,Public,66,73.07510117893284,41.36541883698708,2.149339809987923,18.376309415115507,61.85168393185149,6.049481740355625,0.0,15,1,1,10,False,False,afternoon
2023-01-10 16:00:00,LOC_5,Public,66,71.093575489118,41.36541883698708,2.149339809987923,19.247514625123316,49.56786147622383,5.75719015834612,0.0,16,1,1,10,False,False,afternoon
2023-01-10 17:00:00,LOC_5,Public,66,61.248731299526405,41.36541883698708,2.149339809987923,18.895777238777146,51.68253001459382,6.376513040357709,0.0,17,1,1,10,False,False,afternoon
2023-01-10 18:00:00,LOC_5,Public,66,69.4112094128361,41.36541883698708,2.149339809987923,25.288531452594032,61.80078673283472,6.685156187720477,0.0,18,1,1,10,False,False,evening
2023-01-10 19:00:00,LOC_5,Public,66,0.0,41.36541883698708,2.149339809987923,22.775054798654125,60.91456728521796,7.581996535404471,0.0,19,1,1,10,False,False,evening
2023-01-10 20:00:00,LOC_5,Public,66,11.899543085991292,41.36541883698708,2.149339809987923,17.6343729537576,58.757971554779196,7.290374380059586,0.0,20,1,1,10,False,False,evening
2023-01-10 21:00:00,LOC_5,Public,66,0.885394300719854,41.36541883698708,2.149339809987923,21.894265525868065,52.122405491695524,7.201131255412067,0.0,21,1,1,10,False,False,evening
2023-01-10 22:00:00,LOC_5,Public,66,33.8963900388989,41.36541883698708,2.149339809987923,19.705350621754285,57.70359611670798,6.396884146302737,0.0,22,1,1,10,False,False,evening
2023-01-10 23:00:00,LOC_5,Public,66,14.07490493870267,41.36541883698708,2.149339809987923,21.946265001416403,59.49919064089924,7.865515544432524,0.0,23,1,1,10,False,False,evening
2023-01-11 00:00:00,LOC_5,Public,66,39.57510556543326,41.36541883698708,2.149339809987923,17.62788996494937,55.78231367040774,6.756447790557449,0.0,0,2,1,11,False,False,night
2023-01-11 01:00:00,LOC_5,Public,66,12.974401218860882,41.36541883698708,2.149339809987923,17.784619919082647,71.48880590480286,8.281314329346232,0.0,1,2,1,11,False,False,night
2023-01-11 02:00:00,LOC_5,Public,66,30.382606890013452,41.36541883698708,2.149339809987923,17.737037384284086,70.93268580023201,7.247838980151846,0.41613920833230833,2,2,1,11,False,False,night
2023-01-11 03:00:00,LOC_5,Public,66,11.379265496330026,41.36541883698708,2.149339809987923,17.17154235046562,68.01511520660091,5.7256196622211055,0.0,3,2,1,11,False,False,night
2023-01-11 04:00:00,LOC_5,Public,66,33.69722723044213,41.36541883698708,2.149339809987923,11.840597842702392,71.65204788134477,7.37677081758909,0.0,4,2,1,11,False,False,night
2023-01-11 05:00:00,LOC_5,Public,66,22.355719356281725,41.36541883698708,2.149339809987923,12.543716852602547,74.61647539116888,6.324962692338533,0.0,5,2,1,11,False,False,night
2023-01-11 06:00:00,LOC_5,Public,66,4.656042385575134,41.36541883698708,2.149339809987923,11.475297262970173,64.94094988729437,7.410044570901149,0.0,6,2,1,11,False,False,morning
2023-01-11 07:00:00,LOC_5,Public,66,0.0,41.36541883698708,2.149339809987923,10.626088078579537,74.89861999994311,5.561398579521677,0.0,7,2,1,11,False,False,morning
2023-01-11 08:00:00,LOC_5,Public,66,99.46671024158478,41.36541883698708,2.149339809987923,15.300344020020948,73.0512076810935,5.878531419419629,0.0,8,2,1,11,False,False,morning
2023-01-11 09:00:00,LOC_5,Public,66,68.01488470455065,41.36541883698708,2.149339809987923,12.756828783918198,71.09816922653285,7.922510675405685,0.0,9,2,1,11,False,False,morning
2023-01-11 10:00:00,LOC_5,Public,66,83.37640188212175,41.36541883698708,2.149339809987923,9.931657605897087,73.68764750643587,6.038249177768419,0.0,10,2,1,11,False,False,morning
2023-01-11 11:00:00,LOC_5,Public,66,75.94809470294328,41.36541883698708,2.149339809987923,15.090799644147719,82.47828113417128,7.869245306923001,0.0,11,2,1,11,False,False,morning
2023-01-11 12:00:00,LOC_5,Public,66,55.592396763973184,41.36541883698708,2.149339809987923,18.541978251280888,74.6088825918238,6.197361436814355,0.0,12,2,1,11,False,False,afternoon
2023-01-11 13:00:00,LOC_5,Public,66,57.34016587916102,41.36541883698708,2.149339809987923,17.575556429303084,66.12285323468444,7.289589956918801,0.0,13,2,1,11,False,False,afternoon
2023-01-11 14:00:00,LOC_5,Public,66,90.48906546898168,41.36541883698708,2.149339809987923,13.77303554980653,69.23936294335168,7.444806816872404,0.0,14,2,1,11,False,False,afternoon
2023-01-11 15:00:00,LOC_5,Public,66,72.22940729055485,41.36541883698708,2.149339809987923,17.14445597741004,70.77092893664492,6.901730038961146,0.0,15,2,1,11,False,False,afternoon
2023-01-11 16:00:00,LOC_5,Public,66,70.60251170777309,41.36541883698708,2.149339809987923,21.859703676204084,65.97140565890217,6.281108305656362,0.0,16,2,1,11,False,False,afternoon
2023-01-11 17:00:00,LOC_5,Public,66,91.48606149550264,41.36541883698708,2.149339809987923,18.953127893384217,59.56121820035732,6.004519712851096,0.0,17,2,1,11,False,False,afternoon
2023-01-11 18:00:00,LOC_5,Public,66,65.84842155879888,41.36541883698708,2.149339809987923,22.05774939179145,54.42509504047415,5.4675647670026395,0.0,18,2,1,11,False,False,evening
2023-01-11 19:00:00,LOC_5,Public,66,5.733151095228715,41.36541883698708,2.149339809987923,23.225930406170892,60.13779196944352,6.281245837295547,0.0,19,2,1,11,False,False,evening
2023-01-11 20:00:00,LOC_5,Public,66,2.1179252717680743,41.36541883698708,2.149339809987923,20.00022092577634,58.259263189243725,7.330304745380351,0.0,20,2,1,11,False,False,evening
2023-01-11 21:00:00,LOC_5,Public,66,13.60239538235436,41.36541883698708,2.149339809987923,21.571708035469157,61.09444860495315,8.18714037857493,0.0,21,2,1,11,False,False,evening
2023-01-11 22:00:00,LOC_5,Public,66,39.459476073610375,41.36541883698708,2.149339809987923,14.71576874466987,60.77925215879382,7.987248727966319,0.0,22,2,1,11,False,False,evening
2023-01-11 23:00:00,LOC_5,Public,66,10.385796042687277,41.36541883698708,2.149339809987923,18.361980857786584,64.42625129568634,7.673238776510393,0.0,23,2,1,11,False,False,evening
2023-01-12 00:00:00,LOC_5,Public,66,33.55940164052721,41.36541883698708,2.149339809987923,18.877130795646124,58.55928974533227,7.741795449446384,0.0,0,3,1,12,False,False,night
2023-01-12 01:00:00,LOC_5,Public,66,0.0,41.36541883698708,2.149339809987923,15.687839855574468,70.22015788916329,7.372816909226299,0.0,1,3,1,12,False,False,night
2023-01-12 02:00:00,LOC_5,Public,66,36.6945770116468,41.36541883698708,2.149339809987923,20.161176525439267,67.19529018831,6.160131356213208,0.0,2,3,1,12,False,False,night
2023-01-12 03:00:00,LOC_5,Public,66,30.87209910975843,41.36541883698708,2.149339809987923,12.749017884128564,79.15770308302666,8.102264265229977,0.0,3,3,1,12,False,False,night
2023-01-12 04:00:00,LOC_5,Public,66,22.840813907995276,41.36541883698708,2.149339809987923,13.53034786093411,67.73318724089602,7.3942843025831175,0.0,4,3,1,12,False,False,night
2023-01-12 05:00:00,LOC_5,Public,66,21.50683100518971,41.36541883698708,2.149339809987923,13.643424068890072,81.91593318719046,7.064817256991446,0.0,5,3,1,12,False,False,night
2023-01-12 06:00:00,LOC_5,Public,66,9.781152772001496,41.36541883698708,2.149339809987923,15.476935378918338,75.80077631574103,5.717871571582103,1.1313208174510563,6,3,1,12,False,False,morning
2023-01-12 07:00:00,LOC_5,Public,66,0.0,41.36541883698708,2.149339809987923,9.230200395275588,72.53906058665882,6.727477397235238,0.0,7,3,1,12,False,False,morning
2023-01-12 08:00:00,LOC_5,Public,66,47.332553263807185,41.36541883698708,2.149339809987923,14.264918349054298,73.70338914023962,6.768792982554655,0.0,8,3,1,12,False,False,morning
2023-01-12 09:00:00,LOC_5,Public,66,68.48387448268835,41.36541883698708,2.149339809987923,12.136463853675586,74.16626799575559,7.9828162011843595,0.0,9,3,1,12,False,False,morning
2023-01-12 10:00:00,LOC_5,Public,66,83.15847000911279,41.36541883698708,2.149339809987923,10.659517559454084,76.87576000890961,7.030477036657801,0.0,10,3,1,12,False,False,morning
2023-01-12 11:00:00,LOC_5,Public,66,77.26457301632121,41.36541883698708,2.149339809987923,14.348368935890223,75.76585346545014,6.533140825570513,0.0,11,3,1,12,False,False,morning
2023-01-12 12:00:00,LOC_5,Public,66,67.93263756829288,41.36541883698708,2.149339809987923,14.864848289082703,68.19804218443558,8.32374676511913,0.0,12,3,1,12,False,False,afternoon
2023-01-12 13:00:00,LOC_5,Public,66,79.96368693242906,41.36541883698708,2.149339809987923,14.479231910941813,68.51889570817629,5.726913958133349,0.0,13,3,1,12,False,False,afternoon
2023-01-12 14:00:00,LOC_5,Public,66,56.911615163206285,41.36541883698708,2.149339809987923,17.120396038167517,76.74976805668436,6.66380365857333,0.0,14,3,1,12,False,False,afternoon
2023-01-12 15:00:00,LOC_5,Public,66,63.85855181791014,41.36541883698708,2.149339809987923,17.511289858354097,72.07388174634832,5.523638390827219,0.0,15,3,1,12,False,False,afternoon
2023-01-12 16:00:00,LOC_5,Public,66,71.3725847271226,41.36541883698708,2.149339809987923,19.721885452790485,63.19191682379418,7.618682514758389,0.0,16,3,1,12,False,False,afternoon
2023-01-12 17:00:00,LOC_5,Public,66,72.90736462443606,41.36541883698708,2.149339809987923,21.861673926715124,59.11519223549494,8.15460539094551,0.0,17,3,1,12,False,False,afternoon
2023-01-12 18:00:00,LOC_5,Public,66,62.06976323857194,41.36541883698708,2.149339809987923,24.511066202519252,57.92209149313421,6.241893098912739,0.0,18,3,1,12,False,False,evening
2023-01-12 19:00:00,LOC_5,Public,66,0.0,41.36541883698708,2.149339809987923,19.369929531162757,59.37646880601916,7.978211309871586,0.0,19,3,1,12,False,False,evening
2023-01-12 20:00:00,LOC_5,Public,66,1.8067734336402737,41.36541883698708,2.149339809987923,26.289022955632603,50.840124761367825,6.281245932649707,0.0,20,3,1,12,False,False,evening
2023-01-12 21:00:00,LOC_5,Public,66,18.73537162927438,41.36541883698708,2.149339809987923,17.95543350693957,54.99389910091412,8.138306479839592,0.0,21,3,1,12,False,False,evening
2023-01-12 22:00:00,LOC_5,Public,66,3.187881506128204,41.36541883698708,2.149339809987923,21.063559527266186,48.92282019593735,7.669286250473384,0.0,22,3,1,12,False,False,evening
2023-01-12 23:00:00,LOC_5,Public,66,31.77670068912868,41.36541883698708,2.149339809987923,21.756192693236827,60.836999052491045,7.823525205391303,0.0,23,3,1,12,False,False,evening
2023-01-13 00:00:00,LOC_5,Public,66,41.25381997393621,41.36541883698708,2.149339809987923,20.113028734156256,64.13388970114131,5.464228666538602,0.0,0,4,1,13,False,False,night
2023-01-13 01:00:00,LOC_5,Public,66,9.8424176602225,41.36541883698708,2.149339809987923,17.106760753728516,60.879748101763724,8.300043984793497,0.0,1,4,1,13,False,False,night
2023-01-13 02:00:00,LOC_5,Public,66,11.295062456196291,41.36541883698708,2.149339809987923,16.648838577521822,73.7397676599774,7.593029591858244,0.0,2,4,1,13,False,False,night
2023-01-13 03:00:00,LOC_5,Public,66,25.060705321804495,41.36541883698708,2.149339809987923,14.792003431382998,62.31516108358697,6.328673391401054,0.0,3,4,1,13,False,False,night
2023-01-13 04:00:00,LOC_5,Public,66,31.11105460460729,41.36541883698708,2.149339809987923,13.400387394289169,63.51989178259571,7.90400737621206,0.0,4,4,1,13,False,False,night
2023-01-13 05:00:00,LOC_5,Public,66,26.44594008294031,41.36541883698708,2.149339809987923,15.24980250862901,74.02106246362594,6.261790039348729,0.0,5,4,1,13,False,False,night
2023-01-13 06:00:00,LOC_5,Public,66,3.5262390859485397,41.36541883698708,2.149339809987923,13.477050412638386,79.70945263164418,8.036890810624481,0.0,6,4,1,13,False,False,morning
2023-01-13 07:00:00,LOC_5,Public,66,0.0,41.36541883698708,2.149339809987923,10.884711299934763,83.8785774763772,5.757773095616093,0.0,7,4,1,13,False,False,morning
2023-01-13 08:00:00,LOC_5,Public,66,91.8100333435083,41.36541883698708,2.149339809987923,13.90637145459099,73.49123527820632,7.532492273127285,0.0,8,4,1,13,False,False,morning
2023-01-13 09:00:00,LOC_5,Public,66,44.8511784869512,41.36541883698708,2.149339809987923,12.899152611800156,80.82429702706261,7.044931970233187,0.0,9,4,1,13,False,False,morning
2023-01-13 10:00:00,LOC_5,Public,66,74.48762115563089,41.36541883698708,2.149339809987923,14.416789830353633,74.22532646714504,5.713841932905904,0.0,10,4,1,13,False,False,morning
2023-01-13 11:00:00,LOC_5,Public,66,64.68575236942765,41.36541883698708,2.149339809987923,14.851925208349538,71.95152845129128,6.151321770863528,0.0,11,4,1,13,False,False,morning
2023-01-13 12:00:00,LOC_5,Public,66,76.03124653364968,41.36541883698708,2.149339809987923,12.977219132553813,75.14788137863744,5.464253939711536,0.0,12,4,1,13,False,False,afternoon
2023-01-13 13:00:00,LOC_5,Public,66,87.30239427498397,41.36541883698708,2.149339809987923,14.727758473974898,71.56537328332944,6.8347470523698055,0.0,13,4,1,13,False,False,afternoon
2023-01-13 14:00:00,LOC_5,Public,66,54.8486275057142,41.36541883698708,2.149339809987923,18.64380851352739,57.81959660851702,6.3336400429361746,0.0,14,4,1,13,False,False,afternoon
2023-01-13 15:00:00,LOC_5,Public,66,72.0971562855855,41.36541883698708,2.149339809987923,19.6710614773717,70.48205985561994,7.22631759709171,0.0,15,4,1,13,False,False,afternoon
2023-01-13 16:00:00,LOC_5,Public,66,69.2722906981442,41.36541883698708,2.149339809987923,19.62142584148357,67.57399871191353,6.324359229008225,0.0,16,4,1,13,False,False,afternoon
2023-01-13 17:00:00,LOC_5,Public,66,93.27151937502808,41.36541883698708,2.149339809987923,20.940419897487335,55.46065623071281,6.333803579508361,0.0,17,4,1,13,False,False,afternoon
2023-01-13 18:00:00,LOC_5,Public,66,76.6708324989332,41.36541883698708,2.149339809987923,24.06268911446436,58.964299021412025,7.665026056987874,0.0,18,4,1,13,False,False,evening
2023-01-13 19:00:00,LOC_5,Public,66,7.233397180868725,41.36541883698708,2.149339809987923,20.830718616668634,58.44242814273311,5.581274960514051,0.0,19,4,1,13,False,False,evening
2023-01-13 20:00:00,LOC_5,Public,66,0.0,41.36541883698708,2.149339809987923,23.285425860464805,56.92090663287007,8.146931205200909,0.0,20,4,1,13,False,False,evening
2023-01-13 21:00:00,LOC_5,Public,66,21.780010584639907,41.36541883698708,2.149339809987923,21.623472632631593,53.19275835577414,7.996437384384353,0.0,21,4,1,13,False,False,evening
2023-01-13 22:00:00,LOC_5,Public,66,25.740387811947844,41.36541883698708,2.149339809987923,21.099989995550594,53.57117835629967,7.444459126295788,0.0,22,4,1,13,False,False,evening
2023-01-13 23:00:00,LOC_5,Public,66,4.051741941318459,41.36541883698708,2.149339809987923,22.94530843551879,58.376720181953964,7.222108875444487,0.0,23,4,1,13,False,False,evening
2023-01-14 00:00:00,LOC_5,Public,66,21.683380380304705,41.36541883698708,2.149339809987923,21.370047828017714,66.42521483621351,8.120750520427288,0.0,0,5,1,14,True,False,night
2023-01-14 01:00:00,LOC_5,Public,66,18.57278161650693,41.36541883698708,2.149339809987923,20.14732279028839,65.67739373639795,6.001232197141045,0.0,1,5,1,14,True,False,night
2023-01-14 02:00:00,LOC_5,Public,66,25.900367236271276,41.36541883698708,2.149339809987923,19.844157924521184,63.68052771914442,5.683547548614991,0.0,2,5,1,14,True,False,night
2023-01-14 03:00:00,LOC_5,Public,66,22.605640416430337,41.36541883698708,2.149339809987923,15.98810363651151,71.96630164674976,6.166568745480333,0.0,3,5,1,14,True,False,night
2023-01-14 04:00:00,LOC_5,Public,66,29.23433914309467,41.36541883698708,2.149339809987923,16.111086837406127,56.26292510721723,7.833171015063811,0.0,4,5,1,14,True,False,night
2023-01-14 05:00:00,LOC_5,Public,66,27.366630538659887,41.36541883698708,2.149339809987923,13.098102035669756,78.30655740414718,5.5548446911373315,3.4444091497533775,5,5,1,14,True,False,night
2023-01-14 06:00:00,LOC_5,Public,66,0.0,41.36541883698708,2.149339809987923,13.57936254113757,65.43937143378812,7.200651876267045,0.0,6,5,1,14,True,False,morning
2023-01-14 07:00:00,LOC_5,Public,66,10.464029886347795,41.36541883698708,2.149339809987923,12.17822785192118,73.31076737167123,8.439941166994307,0.0,7,5,1,14,True,False,morning
2023-01-14 08:00:00,LOC_5,Public,66,17.310912301434353,41.36541883698708,2.149339809987923,12.46912009223773,69.85139420236469,8.022113913963077,0.0,8,5,1,14,True,False,morning
2023-01-14 09:00:00,LOC_5,Public,66,7.272520271498149,41.36541883698708,2.149339809987923,13.642796981369038,68.62162676040506,7.020759479518879,0.0,9,5,1,14,True,False,morning
2023-01-14 10:00:00,LOC_5,Public,66,60.09463293457256,41.36541883698708,2.149339809987923,11.322526402184593,79.88619839958952,5.648741685374674,0.0,10,5,1,14,True,False,morning
2023-01-14 11:00:00,LOC_5,Public,66,47.82007058914446,41.36541883698708,2.149339809987923,17.945316980997678,70.14040913418702,7.953335810269029,0.0,11,5,1,14,True,False,morning
2023-01-14 12:00:00,LOC_5,Public,66,50.05163450979542,41.36541883698708,2.149339809987923,12.791021939306718,72.12640600404133,7.2575468649928565,0.0,12,5,1,14,True,False,afternoon
2023-01-14 13:00:00,LOC_5,Public,66,37.97423538991493,41.36541883698708,2.149339809987923,13.587563433134424,67.7335157881843,5.806806168023199,0.0,13,5,1,14,True,False,afternoon
2023-01-14 14:00:00,LOC_5,Public,66,57.1245913685284,41.36541883698708,2.149339809987923,19.63323562471823,67.75117638067941,5.7449746300136875,0.0,14,5,1,14,True,False,afternoon
2023-01-14 15:00:00,LOC_5,Public,66,57.60800292427227,41.36541883698708,2.149339809987923,20.201411292641506,63.14793764587,8.193678594150384,0.0,15,5,1,14,True,False,afternoon
2023-01-14 16:00:00,LOC_5,Public,66,49.42647334072529,41.36541883698708,2.149339809987923,21.079205919192333,53.9231063088811,7.4737940458318395,0.0,16,5,1,14,True,False,afternoon
2023-01-14 17:00:00,LOC_5,Public,66,29.39662661090139,41.36541883698708,2.149339809987923,22.130165616245694,63.234384901801434,7.955448536307145,0.0,17,5,1,14,True,False,afternoon
2023-01-14 18:00:00,LOC_5,Public,66,52.88728332837016,41.36541883698708,2.149339809987923,21.650547368932457,54.18113525494086,8.105919479987621,0.0,18,5,1,14,True,False,evening
2023-01-14 19:00:00,LOC_5,Public,66,39.764027117462696,41.36541883698708,2.149339809987923,20.387006281733374,47.85406045729117,7.185694234796906,0.0,19,5,1,14,True,False,evening
2023-01-14 20:00:00,LOC_5,Public,66,45.55010616154277,41.36541883698708,2.149339809987923,22.51046579725183,53.141710833441685,7.024110391438,0.0,20,5,1,14,True,False,evening
2023-01-14 21:00:00,LOC_5,Public,66,3.923035125881409,41.36541883698708,2.149339809987923,20.84113196335307,63.11288818041697,6.764447481949361,0.0,21,5,1,14,True,False,evening
2023-01-14 22:00:00,LOC_5,Public,66,15.544406560687824,41.36541883698708,2.149339809987923,23.65316109763455,60.845265448969364,6.425398685748728,0.0,22,5,1,14,True,False,evening
2023-01-14 23:00:00,LOC_5,Public,66,1.0839209273718535,41.36541883698708,2.149339809987923,20.6211808910426,56.42614801986694,6.7797402321989635,0.0,23,5,1,14,True,False,evening
2023-01-15 00:00:00,LOC_5,Public,66,19.95697914379609,41.36541883698708,2.149339809987923,18.235733266474476,58.48025615828886,7.798984499202369,0.0,0,6,1,15,True,False,night
2023-01-15 01:00:00,LOC_5,Public,66,23.219545226367742,41.36541883698708,2.149339809987923,18.04501588633587,61.016249604629365,7.284508761871246,0.0,1,6,1,15,True,False,night
2023-01-15 02:00:00,LOC_5,Public,66,22.383135647973223,41.36541883698708,2.149339809987923,18.2265187052916,75.5824283243235,8.157701029212609,0.37669993602088275,2,6,1,15,True,False,night
2023-01-15 03:00:00,LOC_5,Public,66,30.07509517142961,41.36541883698708,2.149339809987923,14.986073683189817,69.68263168356224,6.811663645999637,0.0,3,6,1,15,True,False,night
2023-01-15 04:00:00,LOC_5,Public,66,34.68340066215979,41.36541883698708,2.149339809987923,13.270138202124672,72.32105024944028,7.304184534807769,0.3169504858103928,4,6,1,15,True,False,night
2023-01-15 05:00:00,LOC_5,Public,66,30.04860410738831,41.36541883698708,2.149339809987923,14.373379247051785,77.3794076220233,7.378230405276106,0.0,5,6,1,15,True,False,night
2023-01-15 06:00:00,LOC_5,Public,66,9.060131656085794,41.36541883698708,2.149339809987923,13.588303344254609,74.99720539105823,7.260790931110847,0.0,6,6,1,15,True,False,morning
2023-01-15 07:00:00,LOC_5,Public,66,0.0,41.36541883698708,2.149339809987923,11.591938980366043,73.49313860867989,7.594992211767278,0.0,7,6,1,15,True,False,morning
2023-01-15 08:00:00,LOC_5,Public,66,1.1679096070768813,41.36541883698708,2.149339809987923,11.500333839967693,74.13342985216643,6.200782495365286,0.0,8,6,1,15,True,False,morning
2023-01-15 09:00:00,LOC_5,Public,66,18.700381629455897,41.36541883698708,2.149339809987923,13.083835926602793,74.40252159915465,7.026964369303944,0.0,9,6,1,15,True,False,morning
2023-01-15 10:00:00,LOC_5,Public,66,41.15511400585877,41.36541883698708,2.149339809987923,10.230022953444445,73.5615055445726,5.8039381394972995,0.0,10,6,1,15,True,False,morning
2023-01-15 11:00:00,LOC_5,Public,66,53.22718828608264,41.36541883698708,2.149339809987923,11.112809409026479,75.78267380262571,6.646188155676903,0.0,11,6,1,15,True,False,morning
2023-01-15 12:00:00,LOC_5,Public,66,60.94862310323816,41.36541883698708,2.149339809987923,13.533333362304484,70.31928581941779,6.9570455668256646,0.0,12,6,1,15,True,False,afternoon
2023-01-15 13:00:00,LOC_5,Public,66,46.9585517133303,41.36541883698708,2.149339809987923,15.756181946140092,71.29704788695032,7.452107073651694,0.3396006046120076,13,6,1,15,True,False,afternoon
2023-01-15 14:00:00,LOC_5,Public,66,41.88143139138772,41.36541883698708,2.149339809987923,18.10593500213411,64.62817735758088,8.348417131946231,0.0,14,6,1,15,True,False,afternoon
2023-01-15 15:00:00,LOC_5,Public,66,64.5623452516706,41.36541883698708,2.149339809987923,21.735874648231526,62.8228515229156,7.3001665974090315,0.0,15,6,1,15,True,False,afternoon
2023-01-15 16:00:00,LOC_5,Public,66,50.535571673241165,41.36541883698708,2.149339809987923,21.713332071551577,50.01297092704439,7.7303843135591865,0.0,16,6,1,15,True,False,afternoon
2023-01-15 17:00:00,LOC_5,Public,66,49.8893252213518,41.36541883698708,2.149339809987923,20.720614222353777,62.50065580895115,7.019789653755187,0.0,17,6,1,15,True,False,afternoon
2023-01-15 18:00:00,LOC_5,Public,66,49.35987957186608,41.36541883698708,2.149339809987923,21.80399524196501,58.0483870639492,7.404692221898633,0.0,18,6,1,15,True,False,evening
2023-01-15 19:00:00,LOC_5,Public,66,46.96302327204825,41.36541883698708,2.149339809987923,20.343413011246135,60.29310706825475,5.716565170216603,0.0,19,6,1,15,True,False,evening
2023-01-15 20:00:00,LOC_5,Public,66,56.62876596061016,41.36541883698708,2.149339809987923,22.48875701147641,40.46715654210918,6.268331399217778,0.0,20,6,1,15,True,False,evening
2023-01-15 21:00:00,LOC_5,Public,66,2.8550806519314076,41.36541883698708,2.149339809987923,21.785034512036876,65.71716994414933,6.5921038113017785,0.0,21,6,1,15,True,False,evening
2023-01-15 22:00:00,LOC_5,Public,66,18.36688726104557,41.36541883698708,2.149339809987923,22.515224870016635,55.562476360543215,6.925412211103193,0.0,22,6,1,15,True,False,evening
2023-01-15 23:00:00,LOC_5,Public,66,22.11840462288463,41.36541883698708,2.149339809987923,19.42766951467927,63.376651280119745,5.646265735677387,0.0,23,6,1,15,True,False,evening
2023-01-16 00:00:00,LOC_5,Public,66,33.448096502249555,41.36541883698708,2.149339809987923,21.092225979644216,54.693404462048605,5.930778882892327,0.0,0,0,1,16,False,False,night
2023-01-16 01:00:00,LOC_5,Public,66,7.989408257356999,41.36541883698708,2.149339809987923,21.92004014430008,65.35474488872299,6.342536341930383,0.0,1,0,1,16,False,False,night
2023-01-16 02:00:00,LOC_5,Public,66,26.007518001576567,41.36541883698708,2.149339809987923,17.349879620231494,59.5981223498413,8.428078056132193,0.0,2,0,1,16,False,False,night
2023-01-16 03:00:00,LOC_5,Public,66,9.33462881840782,41.36541883698708,2.149339809987923,17.08365963936913,64.32068280617848,6.508907305445923,0.0,3,0,1,16,False,False,night
2023-01-16 04:00:00,LOC_5,Public,66,14.198615050085795,41.36541883698708,2.149339809987923,16.461549583254513,79.40763356966936,6.962375494302705,1.0701137519038946,4,0,1,16,False,False,night
2023-01-16 05:00:00,LOC_5,Public,66,22.50298604306358,41.36541883698708,2.149339809987923,13.250215601320798,70.94127490599833,6.1059312284202205,0.0,5,0,1,16,False,False,night
2023-01-16 06:00:00,LOC_5,Public,66,0.0,41.36541883698708,2.149339809987923,13.713175915396638,74.557182462347,7.351363807366904,0.0,6,0,1,16,False,False,morning
2023-01-16 07:00:00,LOC_5,Public,66,0.0,41.36541883698708,2.149339809987923,12.797599825404976,78.805508605761,6.362458477605268,0.0,7,0,1,16,False,False,morning
2023-01-16 08:00:00,LOC_5,Public,66,65.1509312230252,41.36541883698708,2.149339809987923,12.804321198325818,77.26047143740672,6.142771535560911,0.0,8,0,1,16,False,False,morning
2023-01-16 09:00:00,LOC_5,Public,66,73.79592629566135,41.36541883698708,2.149339809987923,11.240243805803443,75.17956777868913,7.072896386329881,1.7518720986755771,9,0,1,16,False,False,morning
2023-01-16 10:00:00,LOC_5,Public,66,70.47399394232917,41.36541883698708,2.149339809987923,13.341707992515252,75.23942972433639,5.541080330065174,0.0,10,0,1,16,False,False,morning
2023-01-16 11:00:00,LOC_5,Public,66,62.42016773749115,41.36541883698708,2.149339809987923,15.090198148104665,83.82867479496385,5.548939192256977,0.11032226937987565,11,0,1,16,False,False,morning
2023-01-16 12:00:00,LOC_5,Public,66,90.862793526298,41.36541883698708,2.149339809987923,18.038942142870155,69.43859616027193,6.184537412761588,0.0,12,0,1,16,False,False,afternoon
2023-01-16 13:00:00,LOC_5,Public,66,78.42223789346339,41.36541883698708,2.149339809987923,18.268019453218294,68.30653963147908,5.63887869281456,0.0,13,0,1,16,False,False,afternoon
2023-01-16 14:00:00,LOC_5,Public,66,78.88680284528927,41.36541883698708,2.149339809987923,21.956854680851766,69.95229244838076,5.854175215557804,0.0,14,0,1,16,False,False,afternoon
2023-01-16 15:00:00,LOC_5,Public,66,72.53297423964085,41.36541883698708,2.149339809987923,17.416805241262697,67.62462893071233,6.548062976321493,0.0,15,0,1,16,False,False,afternoon
2023-01-16 16:00:00,LOC_5,Public,66,78.65376981263633,41.36541883698708,2.149339809987923,21.908960423536783,65.60651322761106,7.940620868758524,0.0,16,0,1,16,False,False,afternoon
2023-01-16 17:00:00,LOC_5,Public,66,65.54423583423163,41.36541883698708,2.149339809987923,21.573449705388807,60.780119722321714,7.250392287703776,0.0,17,0,1,16,False,False,afternoon
2023-01-16 18:00:00,LOC_5,Public,66,69.08137108284316,41.36541883698708,2.149339809987923,26.38787593697928,50.26843529525971,7.073631788193598,0.0,18,0,1,16,False,False,evening
2023-01-16 19:00:00,LOC_5,Public,66,0.0,41.36541883698708,2.149339809987923,20.898085498202022,63.13779352368083,6.417477057117762,0.0,19,0,1,16,False,False,evening
2023-01-16 20:00:00,LOC_5,Public,66,13.614386158723311,41.36541883698708,2.149339809987923,21.012517757598687,48.88435015098608,8.333653446690496,0.0,20,0,1,16,False,False,evening
2023-01-16 21:00:00,LOC_5,Public,66,0.0,41.36541883698708,2.149339809987923,21.329712402104647,56.45618194020979,6.730818836021045,0.0,21,0,1,16,False,False,evening
2023-01-16 22:00:00,LOC_5,Public,66,4.7673259438658935,41.36541883698708,2.149339809987923,17.788109862977464,52.156818126709055,5.802433158922291,0.0,22,0,1,16,False,False,evening
2023-01-16 23:00:00,LOC_5,Public,66,11.874294415510992,41.36541883698708,2.149339809987923,20.19670249436134,57.182883191589326,7.393735274711428,0.0,23,0,1,16,False,False,evening
2023-01-17 00:00:00,LOC_5,Public,66,32.65698342285439,41.36541883698708,2.149339809987923,18.70131625223366,61.204648900835295,5.885431495498015,0.0,0,1,1,17,False,False,night
2023-01-17 01:00:00,LOC_5,Public,66,17.43529887750889,41.36541883698708,2.149339809987923,19.32136591824142,63.565629386673365,6.580966052360356,0.0,1,1,1,17,False,False,night
2023-01-17 02:00:00,LOC_5,Public,66,11.140329293335643,41.36541883698708,2.149339809987923,18.416895213099902,66.64283724808526,7.0689124684625435,0.0,2,1,1,17,False,False,night
2023-01-17 03:00:00,LOC_5,Public,66,2.901414919607259,41.36541883698708,2.149339809987923,20.198528450017932,75.1761828021209,8.170723973475281,0.0,3,1,1,17,False,False,night
2023-01-17 04:00:00,LOC_5,Public,66,24.900038178389863,41.36541883698708,2.149339809987923,17.148026999258924,71.77331286179626,7.0300756055977205,1.7078240804053528,4,1,1,17,False,False,night
2023-01-17 05:00:00,LOC_5,Public,66,22.769217084620426,41.36541883698708,2.149339809987923,13.064734018103808,70.34213416468953,7.657591345167263,4.108476337871201,5,1,1,17,False,False,night
2023-01-17 06:00:00,LOC_5,Public,66,0.0,41.36541883698708,2.149339809987923,11.634013369355776,77.9587504173368,8.530644463192148,0.0,6,1,1,17,False,False,morning
2023-01-17 07:00:00,LOC_5,Public,66,15.402490270346062,41.36541883698708,2.149339809987923,13.92207201774756,80.07088509515411,5.948039920929922,0.0,7,1,1,17,False,False,morning
2023-01-17 08:00:00,LOC_5,Public,66,75.86881592726182,41.36541883698708,2.149339809987923,10.134288043389457,68.31245200945355,6.379145468044707,0.0,8,1,1,17,False,False,morning
2023-01-17 09:00:00,LOC_5,Public,66,63.47917137817824,41.36541883698708,2.149339809987923,16.61493308144514,77.08296924977643,6.740057163029294,0.0,9,1,1,17,False,False,morning
2023-01-17 10:00:00,LOC_5,Public,66,63.229780188752784,41.36541883698708,2.149339809987923,15.817286696408614,76.5890508016224,6.823191230394141,0.0,10,1,1,17,False,False,morning
2023-01-17 11:00:00,LOC_5,Public,66,76.9335646440548,41.36541883698708,2.149339809987923,13.321535621863973,69.99240863105327,6.792147392197862,0.0,11,1,1,17,False,False,morning
2023-01-17 12:00:00,LOC_5,Public,66,61.47600881812723,41.36541883698708,2.149339809987923,11.876037693810407,76.27392056257378,8.283294358068098,0.0,12,1,1,17,False,False,afternoon
2023-01-17 13:00:00,LOC_5,Public,66,85.90416357239441,41.36541883698708,2.149339809987923,19.22284075312205,66.21953005525492,7.703936179461334,0.612358279543819,13,1,1,17,False,False,afternoon
2023-01-17 14:00:00,LOC_5,Public,66,71.2434996837516,41.36541883698708,2.149339809987923,17.586994572894096,64.99573374055906,7.386930494951978,0.0,14,1,1,17,False,False,afternoon
2023-01-17 15:00:00,LOC_5,Public,66,71.53856260513098,41.36541883698708,2.149339809987923,21.59268369719716,60.900538732080186,6.492709323135872,0.0,15,1,1,17,False,False,afternoon
2023-01-17 16:00:00,LOC_5,Public,66,64.84276235626676,41.36541883698708,2.149339809987923,17.14098066218969,59.41822327835049,8.037338348619569,0.0,16,1,1,17,False,False,afternoon
2023-01-17 17:00:00,LOC_5,Public,66,69.76606838861356,41.36541883698708,2.149339809987923,20.173498516007353,51.774127441694205,8.4325244656514,0.0,17,1,1,17,False,False,afternoon
2023-01-17 18:00:00,LOC_5,Public,66,69.81208271496243,41.36541883698708,2.149339809987923,22.184206291168596,48.45230780356407,8.032313222212686,0.0,18,1,1,17,False,False,evening
2023-01-17 19:00:00,LOC_5,Public,66,13.875313889219523,41.36541883698708,2.149339809987923,22.77405794569882,62.61233179978618,5.574788840919219,0.0,19,1,1,17,False,False,evening
2023-01-17 20:00:00,LOC_5,Public,66,19.141377688432705,41.36541883698708,2.149339809987923,21.95721097122826,50.050509430034865,7.480672493387571,0.0,20,1,1,17,False,False,evening
2023-01-17 21:00:00,LOC_5,Public,66,0.0,41.36541883698708,2.149339809987923,23.939543727802082,49.65535052650429,5.726249090658651,0.0,21,1,1,17,False,False,evening
2023-01-17 22:00:00,LOC_5,Public,66,23.99538724657605,41.36541883698708,2.149339809987923,20.065972235770197,44.830623242910654,6.347038876123804,0.0,22,1,1,17,False,False,evening
2023-01-17 23:00:00,LOC_5,Public,66,8.692582649843455,41.36541883698708,2.149339809987923,21.128730878396215,53.978211564674886,5.754165289544528,0.0,23,1,1,17,False,False,evening
2023-01-18 00:00:00,LOC_5,Public,66,19.912106663954106,41.36541883698708,2.149339809987923,20.62541559222989,52.614902375350326,7.388351224609381,0.0,0,2,1,18,False,False,night
2023-01-18 01:00:00,LOC_5,Public,66,11.486608124210711,41.36541883698708,2.149339809987923,20.21466412460986,69.83850288769712,7.638107986673772,0.0,1,2,1,18,False,False,night
2023-01-18 02:00:00,LOC_5,Public,66,15.828534455821613,41.36541883698708,2.149339809987923,19.321786401672103,69.25197215572453,5.923174243296581,0.0,2,2,1,18,False,False,night
2023-01-18 03:00:00,LOC_5,Public,66,15.011683054314329,41.36541883698708,2.149339809987923,14.362041159629467,63.336597587500975,6.7326007628985005,0.0,3,2,1,18,False,False,night
2023-01-18 04:00:00,LOC_5,Public,66,28.342785490722868,41.36541883698708,2.149339809987923,12.344054655947755,80.43761303188354,6.951166126350426,0.0,4,2,1,18,False,False,night
2023-01-18 05:00:00,LOC_5,Public,66,16.819190194584614,41.36541883698708,2.149339809987923,16.93896366563173,76.14160739128855,6.690987850836239,0.0,5,2,1,18,False,False,night
2023-01-18 06:00:00,LOC_5,Public,66,6.853459523150386,41.36541883698708,2.149339809987923,14.260504361370474,71.1840904076343,5.948275672722276,0.0,6,2,1,18,False,False,morning
2023-01-18 07:00:00,LOC_5,Public,66,0.0,41.36541883698708,2.149339809987923,11.606259075029762,61.29650712934641,6.843415626480067,0.0,7,2,1,18,False,False,morning
2023-01-18 08:00:00,LOC_5,Public,66,53.66928360585709,41.36541883698708,2.149339809987923,16.042021645048536,85.57527747494672,7.8414776822259515,0.0,8,2,1,18,False,False,morning
2023-01-18 09:00:00,LOC_5,Public,66,68.07156097478855,41.36541883698708,2.149339809987923,13.348292733192359,66.81825073696874,5.802337512810163,0.0,9,2,1,18,False,False,morning
2023-01-18 10:00:00,LOC_5,Public,66,74.57294657809842,41.36541883698708,2.149339809987923,15.981893331412575,64.5264083386457,5.831225238687133,1.7351349921511565,10,2,1,18,False,False,morning
2023-01-18 11:00:00,LOC_5,Public,66,65.28364491615795,41.36541883698708,2.149339809987923,14.55978090583057,76.2633642740275,6.656369445296571,0.0,11,2,1,18,False,False,morning
2023-01-18 12:00:00,LOC_5,Public,66,74.75439962727029,41.36541883698708,2.149339809987923,19.58862404249888,81.26450564622655,8.418602773403755,0.0,12,2,1,18,False,False,afternoon
2023-01-18 13:00:00,LOC_5,Public,66,84.10166734656472,41.36541883698708,2.149339809987923,20.190563469432128,73.56160052346117,7.600513342180406,0.0,13,2,1,18,False,False,afternoon
2023-01-18 14:00:00,LOC_5,Public,66,66.40675765438141,41.36541883698708,2.149339809987923,17.48289600043176,66.85789700548199,7.632174729495676,0.0,14,2,1,18,False,False,afternoon
2023-01-18 15:00:00,LOC_5,Public,66,66.07549118612542,41.36541883698708,2.149339809987923,21.22490717862832,64.41024115488722,6.683293982754996,0.0,15,2,1,18,False,False,afternoon
2023-01-18 16:00:00,LOC_5,Public,66,74.58384905615951,41.36541883698708,2.149339809987923,21.78526616715805,63.27804925792603,7.379885227223166,0.0,16,2,1,18,False,False,afternoon
2023-01-18 17:00:00,LOC_5,Public,66,60.67868526083328,41.36541883698708,2.149339809987923,24.2741539652085,60.720861248646216,5.630664940925444,0.0,17,2,1,18,False,False,afternoon
2023-01-18 18:00:00,LOC_5,Public,66,64.2066682562967,41.36541883698708,2.149339809987923,20.40847817411866,56.729306929289145,7.509927754499961,0.0,18,2,1,18,False,False,evening
2023-01-18 19:00:00,LOC_5,Public,66,0.0,41.36541883698708,2.149339809987923,24.2167697123473,54.83167193505853,8.342868374909727,0.0,19,2,1,18,False,False,evening
2023-01-18 20:00:00,LOC_5,Public,66,0.0,41.36541883698708,2.149339809987923,25.138724668036772,53.64328297182719,7.442095543901978,0.0,20,2,1,18,False,False,evening
2023-01-18 21:00:00,LOC_5,Public,66,0.0,41.36541883698708,2.149339809987923,19.340862331735444,50.51349444650327,8.226838215026302,0.0,21,2,1,18,False,False,evening
2023-01-18 22:00:00,LOC_5,Public,66,23.01789925268748,41.36541883698708,2.149339809987923,19.99915708737483,53.86527639025337,7.7790285851551175,0.0,22,2,1,18,False,False,evening
2023-01-18 23:00:00,LOC_5,Public,66,26.409353004663032,41.36541883698708,2.149339809987923,17.499450003177405,48.379387211627865,5.970151339764044,0.0,23,2,1,18,False,False,evening
2023-01-19 00:00:00,LOC_5,Public,66,5.292954013657697,41.36541883698708,2.149339809987923,20.010398577673776,58.40987737290047,8.317202371170104,0.0,0,3,1,19,False,False,night
2023-01-19 01:00:00,LOC_5,Public,66,5.834026327047556,41.36541883698708,2.149339809987923,20.785222208768097,56.35676906989307,5.810540027400038,0.0,1,3,1,19,False,False,night
2023-01-19 02:00:00,LOC_5,Public,66,8.743931090145532,41.36541883698708,2.149339809987923,21.067585228745084,58.35631116481509,7.2144766425538975,0.0,2,3,1,19,False,False,night
2023-01-19 03:00:00,LOC_5,Public,66,0.5317227238760491,41.36541883698708,2.149339809987923,16.923792537045145,67.3482648033562,6.040351011724013,0.0,3,3,1,19,False,False,night
2023-01-19 04:00:00,LOC_5,Public,66,19.1773701858324,41.36541883698708,2.149339809987923,18.833754790789406,75.80696403242933,5.650424572122077,0.0,4,3,1,19,False,False,night
2023-01-19 05:00:00,LOC_5,Public,66,12.183494934842775,41.36541883698708,2.149339809987923,11.787610792464939,75.49595561222212,6.88277230334841,0.0,5,3,1,19,False,False,night
2023-01-19 06:00:00,LOC_5,Public,66,2.6756789642271075,41.36541883698708,2.149339809987923,10.35327804611697,64.62741113222955,6.5031561117123635,0.9488031683082929,6,3,1,19,False,False,morning
2023-01-19 07:00:00,LOC_5,Public,66,14.630764515581925,41.36541883698708,2.149339809987923,13.156266153664477,68.51713621423289,7.07739961797342,0.0,7,3,1,19,False,False,morning
2023-01-19 08:00:00,LOC_5,Public,66,63.957398351275565,41.36541883698708,2.149339809987923,13.871940726657813,78.49623628238268,7.352361625959492,0.0,8,3,1,19,False,False,morning
2023-01-19 09:00:00,LOC_5,Public,66,70.39551467431176,41.36541883698708,2.149339809987923,13.215608750236214,68.52556653945966,5.75334269250079,0.0,9,3,1,19,False,False,morning
2023-01-19 10:00:00,LOC_5,Public,66,44.319406196235335,41.36541883698708,2.149339809987923,9.652432107665367,71.30220163452464,5.992498550704699,0.0,10,3,1,19,False,False,morning
2023-01-19 11:00:00,LOC_5,Public,66,71.31810813664214,41.36541883698708,2.149339809987923,14.410483686707076,73.57281296365746,7.3007787236843535,0.0,11,3,1,19,False,False,morning
2023-01-19 12:00:00,LOC_5,Public,66,60.57983155935295,41.36541883698708,2.149339809987923,13.02213140834856,63.896136906965296,6.655716141389627,0.0,12,3,1,19,False,False,afternoon
2023-01-19 13:00:00,LOC_5,Public,66,80.58238185827167,41.36541883698708,2.149339809987923,18.18313140838853,66.8393049092729,7.815096769896555,0.0,13,3,1,19,False,False,afternoon
2023-01-19 14:00:00,LOC_5,Public,66,58.946383403236446,41.36541883698708,2.149339809987923,18.877887541003407,57.04049042778956,7.585813155537762,0.0,14,3,1,19,False,False,afternoon
2023-01-19 15:00:00,LOC_5,Public,66,63.56275714767212,41.36541883698708,2.149339809987923,17.565834596418906,58.1019734420967,8.167112877681923,0.0,15,3,1,19,False,False,afternoon
2023-01-19 16:00:00,LOC_5,Public,66,60.70544022844266,41.36541883698708,2.149339809987923,19.63057138231918,60.28229923672755,7.709139523406189,0.0,16,3,1,19,False,False,afternoon
2023-01-19 17:00:00,LOC_5,Public,66,79.9138878180594,41.36541883698708,2.149339809987923,19.582216727757658,48.63374378927053,6.922815205291009,0.0,17,3,1,19,False,False,afternoon
2023-01-19 18:00:00,LOC_5,Public,66,96.45424046187794,41.36541883698708,2.149339809987923,22.376681710266908,57.19829388017549,7.653282444361509,0.0,18,3,1,19,False,False,evening
2023-01-19 19:00:00,LOC_5,Public,66,0.0,41.36541883698708,2.149339809987923,24.918628046805217,53.885124193761115,6.461886377637735,0.0,19,3,1,19,False,False,evening
2023-01-19 20:00:00,LOC_5,Public,66,0.0,41.36541883698708,2.149339809987923,21.21406193483171,56.39142171708014,6.556043301835198,0.0,20,3,1,19,False,False,evening
2023-01-19 21:00:00,LOC_5,Public,66,0.0,41.36541883698708,2.149339809987923,24.030034304310085,55.07568812377451,8.00541790812819,0.0,21,3,1,19,False,False,evening
2023-01-19 22:00:00,LOC_5,Public,66,11.693308144927665,41.36541883698708,2.149339809987923,21.46872039601613,61.7622308843472,6.97908027197251,0.0,22,3,1,19,False,False,evening
2023-01-19 23:00:00,LOC_5,Public,66,29.436107133948024,41.36541883698708,2.149339809987923,20.15569168144362,57.14324782130292,8.03632170956217,0.0,23,3,1,19,False,False,evening
2023-01-20 00:00:00,LOC_5,Public,66,26.808872461115,41.36541883698708,2.149339809987923,20.498635897014527,56.42757906052645,8.109806444389564,0.0,0,4,1,20,False,False,night
2023-01-20 01:00:00,LOC_5,Public,66,24.7118152504259,41.36541883698708,2.149339809987923,17.443098721682084,61.58432078211976,8.216584641185497,0.0,1,4,1,20,False,False,night
2023-01-20 02:00:00,LOC_5,Public,66,36.364479492594384,41.36541883698708,2.149339809987923,17.11897939810099,66.26393412759123,8.395161309282694,0.0,2,4,1,20,False,False,night
2023-01-20 03:00:00,LOC_5,Public,66,31.01544847896653,41.36541883698708,2.149339809987923,14.543215206101605,66.36635836906991,6.9395689048982705,0.0,3,4,1,20,False,False,night
2023-01-20 04:00:00,LOC_5,Public,66,37.37825859095608,41.36541883698708,2.149339809987923,19.669303027338405,68.72325293300815,6.604571007264542,0.0,4,4,1,20,False,False,night
2023-01-20 05:00:00,LOC_5,Public,66,42.96974877531819,41.36541883698708,2.149339809987923,14.781630837455827,67.06783409394147,7.395923767671364,0.0,5,4,1,20,False,False,night
2023-01-20 06:00:00,LOC_5,Public,66,5.576079415067889,41.36541883698708,2.149339809987923,12.523842812212436,68.83890775585004,6.764201439736843,0.0,6,4,1,20,False,False,morning
2023-01-20 07:00:00,LOC_5,Public,66,0.0,41.36541883698708,2.149339809987923,13.858533071063128,66.12582714181217,7.455262976608703,0.0,7,4,1,20,False,False,morning
2023-01-20 08:00:00,LOC_5,Public,66,88.03917738954866,41.36541883698708,2.149339809987923,13.042326138335282,82.2139192405008,7.770154035474862,0.0,8,4,1,20,False,False,morning
2023-01-20 09:00:00,LOC_5,Public,66,72.12272984267278,41.36541883698708,2.149339809987923,13.002192083150808,66.89242125860908,7.719967138208929,0.0,9,4,1,20,False,False,morning
2023-01-20 10:00:00,LOC_5,Public,66,81.92010706477764,41.36541883698708,2.149339809987923,15.17874328655454,68.63465423808509,6.779766042138341,0.0,10,4,1,20,False,False,morning
2023-01-20 11:00:00,LOC_5,Public,66,65.14606717561138,41.36541883698708,2.149339809987923,16.266793223574446,66.90440806519433,6.158042946978774,0.0,11,4,1,20,False,False,morning
2023-01-20 12:00:00,LOC_5,Public,66,73.81012814099088,41.36541883698708,2.149339809987923,14.733082527024248,72.8864522402316,6.950404979835683,0.0,12,4,1,20,False,False,afternoon
2023-01-20 13:00:00,LOC_5,Public,66,77.31656632604074,41.36541883698708,2.149339809987923,15.85512453360161,64.51172957875792,6.08795368032644,0.0,13,4,1,20,False,False,afternoon
2023-01-20 14:00:00,LOC_5,Public,66,80.79318403696595,41.36541883698708,2.149339809987923,17.757522566100473,69.62345844256114,8.331816297632177,2.1731525955061657,14,4,1,20,False,False,afternoon
2023-01-20 15:00:00,LOC_5,Public,66,58.64616834518451,41.36541883698708,2.149339809987923,15.004646874804553,57.41556847022921,6.700511177966196,0.0,15,4,1,20,False,False,afternoon
2023-01-20 16:00:00,LOC_5,Public,66,69.0686602040379,41.36541883698708,2.149339809987923,17.79077816760267,59.75265022711946,6.127611300069926,0.0,16,4,1,20,False,False,afternoon
2023-01-20 17:00:00,LOC_5,Public,66,74.02125721492222,41.36541883698708,2.149339809987923,24.597207337454517,52.09634712857028,5.7419282590437986,0.0,17,4,1,20,False,False,afternoon
2023-01-20 18:00:00,LOC_5,Public,66,46.43615214802516,41.36541883698708,2.149339809987923,25.95475023510663,65.39611602265882,7.604404716695826,0.0,18,4,1,20,False,False,evening
2023-01-20 19:00:00,LOC_5,Public,66,0.0,41.36541883698708,2.149339809987923,22.673006018500537,47.71985170962585,7.57899674559782,0.0,19,4,1,20,False,False,evening
2023-01-20 20:00:00,LOC_5,Public,66,0.0,41.36541883698708,2.149339809987923,24.501322350224157,54.85268670290989,6.6914541845664,0.0,20,4,1,20,False,False,evening
2023-01-20 21:00:00,LOC_5,Public,66,0.0,41.36541883698708,2.149339809987923,23.807095600070834,56.79969382269297,5.886128898450637,0.0,21,4,1,20,False,False,evening
2023-01-20 22:00:00,LOC_5,Public,66,0.0,41.36541883698708,2.149339809987923,28.849610804801422,56.6852971114756,6.901231118479446,0.0,22,4,1,20,False,False,evening
2023-01-20 23:00:00,LOC_5,Public,66,15.757381562968698,41.36541883698708,2.149339809987923,24.14316017772981,55.26554099589014,6.607347774975765,0.0,23,4,1,20,False,False,evening
2023-01-21 00:00:00,LOC_5,Public,66,23.86772263016894,41.36541883698708,2.149339809987923,20.6193938129796,57.600438509450605,7.706407718393255,0.0,0,5,1,21,True,False,night
2023-01-21 01:00:00,LOC_5,Public,66,22.22953654940788,41.36541883698708,2.149339809987923,17.764994150846213,60.86690729580142,7.493733709664964,0.0,1,5,1,21,True,False,night
2023-01-21 02:00:00,LOC_5,Public,66,31.222909646367913,41.36541883698708,2.149339809987923,15.175836236719748,62.48753223738777,6.771526960039599,0.0,2,5,1,21,True,False,night
2023-01-21 03:00:00,LOC_5,Public,66,27.90249413765845,41.36541883698708,2.149339809987923,17.508308250792137,70.61663362585917,6.33277290367903,0.0,3,5,1,21,True,False,night
2023-01-21 04:00:00,LOC_5,Public,66,24.50651451121486,41.36541883698708,2.149339809987923,14.38952029450084,79.24817143781786,8.644552255480663,0.0,4,5,1,21,True,False,night
2023-01-21 05:00:00,LOC_5,Public,66,17.84407910388248,41.36541883698708,2.149339809987923,12.028924290133922,67.46567765630229,7.0437979866407465,0.0,5,5,1,21,True,False,night
2023-01-21 06:00:00,LOC_5,Public,66,9.258712638765932,41.36541883698708,2.149339809987923,12.792434904271307,64.97982375659188,7.747964245676423,0.0,6,5,1,21,True,False,morning
2023-01-21 07:00:00,LOC_5,Public,66,0.0,41.36541883698708,2.149339809987923,11.429722872176427,72.3729519994333,6.106148504905194,0.0,7,5,1,21,True,False,morning
2023-01-21 08:00:00,LOC_5,Public,66,13.453576666123444,41.36541883698708,2.149339809987923,16.803469839455524,86.0401735496508,7.142606412840272,2.465818778071359,8,5,1,21,True,False,morning
2023-01-21 09:00:00,LOC_5,Public,66,3.654761436423858,41.36541883698708,2.149339809987923,15.369573746044907,68.76903869585934,5.7697948323266655,0.0,9,5,1,21,True,False,morning
2023-01-21 10:00:00,LOC_5,Public,66,47.77174362528259,41.36541883698708,2.149339809987923,14.096586088672172,79.97052128460952,7.204897031776871,0.0,10,5,1,21,True,False,morning
2023-01-21 11:00:00,LOC_5,Public,66,63.453542112443785,41.36541883698708,2.149339809987923,17.873746017601576,78.56078859073915,8.581930550503959,0.0,11,5,1,21,True,False,morning
2023-01-21 12:00:00,LOC_5,Public,66,59.56349203935366,41.36541883698708,2.149339809987923,16.110859742002567,65.31981253804537,6.843844764298868,0.7217430582178053,12,5,1,21,True,False,afternoon
2023-01-21 13:00:00,LOC_5,Public,66,51.29637528687216,41.36541883698708,2.149339809987923,15.446189201454612,68.5074001877041,5.809558603649483,0.0,13,5,1,21,True,False,afternoon
2023-01-21 14:00:00,LOC_5,Public,66,51.01117643790729,41.36541883698708,2.149339809987923,21.51582890558064,71.20282161356003,5.786783522966296,0.0,14,5,1,21,True,False,afternoon
2023-01-21 15:00:00,LOC_5,Public,66,49.37175801157013,41.36541883698708,2.149339809987923,20.84822220038076,58.56355706903968,6.859221657340377,0.0,15,5,1,21,True,False,afternoon
2023-01-21 16:00:00,LOC_5,Public,66,39.85792314882125,41.36541883698708,2.149339809987923,18.90853892688304,57.016035728416284,6.176681056496773,0.0,16,5,1,21,True,False,afternoon
2023-01-21 17:00:00,LOC_5,Public,66,60.370047467995256,41.36541883698708,2.149339809987923,21.64461034145879,53.04102003500477,5.768007047323211,0.0,17,5,1,21,True,False,afternoon
2023-01-21 18:00:00,LOC_5,Public,66,47.268226166427525,41.36541883698708,2.149339809987923,21.075365064664965,49.27301320366671,7.967935752352988,0.0,18,5,1,21,True,False,evening
2023-01-21 19:00:00,LOC_5,Public,66,56.333726947482866,41.36541883698708,2.149339809987923,20.56722318405212,50.08796698270837,7.076207729552762,0.0,19,5,1,21,True,False,evening
2023-01-21 20:00:00,LOC_5,Public,66,47.62095185273738,41.36541883698708,2.149339809987923,25.362265769369415,46.86047731757645,6.56971645077919,0.0,20,5,1,21,True,False,evening
2023-01-21 21:00:00,LOC_5,Public,66,13.039367195876622,41.36541883698708,2.149339809987923,27.16508844075421,53.47790702166823,8.403574754723163,0.0,21,5,1,21,True,False,evening
2023-01-21 22:00:00,LOC_5,Public,66,33.972516820651364,41.36541883698708,2.149339809987923,20.056331444552022,50.443200660326184,6.0530847952552,0.0,22,5,1,21,True,False,evening
2023-01-21 23:00:00,LOC_5,Public,66,19.304481316212247,41.36541883698708,2.149339809987923,23.191523684864663,57.03775913598669,8.573766747976114,0.0,23,5,1,21,True,False,evening
2023-01-22 00:00:00,LOC_5,Public,66,39.18303224651027,41.36541883698708,2.149339809987923,19.735476083520062,50.14699932545443,6.649252396484802,0.0,0,6,1,22,True,False,night
2023-01-22 01:00:00,LOC_5,Public,66,32.571514069959775,41.36541883698708,2.149339809987923,18.86331377643813,61.979272073137246,8.373904880617028,0.0,1,6,1,22,True,False,night
2023-01-22 02:00:00,LOC_5,Public,66,30.061272819158564,41.36541883698708,2.149339809987923,17.365387743695607,67.06729362369794,7.518863747873054,0.0,2,6,1,22,True,False,night
2023-01-22 03:00:00,LOC_5,Public,66,20.02674273575642,41.36541883698708,2.149339809987923,15.534803274596655,55.50575215923015,8.19149808711824,0.0,3,6,1,22,True,False,night
2023-01-22 04:00:00,LOC_5,Public,66,15.07279619026784,41.36541883698708,2.149339809987923,16.16062591278204,69.7431175354531,8.66475602100987,0.0,4,6,1,22,True,False,night
2023-01-22 05:00:00,LOC_5,Public,66,14.718018142422034,41.36541883698708,2.149339809987923,13.37284930224079,76.06884589224073,6.579273001655357,0.0,5,6,1,22,True,False,night
2023-01-22 06:00:00,LOC_5,Public,66,0.0,41.36541883698708,2.149339809987923,14.787769020968735,65.45808416772584,8.598802933889031,0.0,6,6,1,22,True,False,morning
2023-01-22 07:00:00,LOC_5,Public,66,2.577800272870372,41.36541883698708,2.149339809987923,13.653574145109387,80.8547612061732,6.885181583797861,0.02610745173687319,7,6,1,22,True,False,morning
2023-01-22 08:00:00,LOC_5,Public,66,0.0,41.36541883698708,2.149339809987923,13.112478665182632,74.91434552899932,6.874610665993858,0.0,8,6,1,22,True,False,morning
2023-01-22 09:00:00,LOC_5,Public,66,0.0,41.36541883698708,2.149339809987923,11.95231171974563,68.94006263355031,6.7405749478183505,0.0,9,6,1,22,True,False,morning
2023-01-22 10:00:00,LOC_5,Public,66,45.54845983718248,41.36541883698708,2.149339809987923,13.120090061026785,71.17388916738457,7.344974770259883,0.0,10,6,1,22,True,False,morning
2023-01-22 11:00:00,LOC_5,Public,66,55.83526533848471,41.36541883698708,2.149339809987923,16.585697998626113,72.6418034686594,6.184525020116929,0.0,11,6,1,22,True,False,morning
2023-01-22 12:00:00,LOC_5,Public,66,40.723066739229225,41.36541883698708,2.149339809987923,17.118971682546437,68.14575234246671,7.384561917533568,0.0,12,6,1,22,True,False,afternoon
2023-01-22 13:00:00,LOC_5,Public,66,48.0960970608021,41.36541883698708,2.149339809987923,15.374617585706305,68.03432381162503,7.349879097393214,0.0,13,6,1,22,True,False,afternoon
2023-01-22 14:00:00,LOC_5,Public,66,51.0558699850072,41.36541883698708,2.149339809987923,18.829172040881126,58.13561717455782,8.011806923819144,0.0,14,6,1,22,True,False,afternoon
2023-01-22 15:00:00,LOC_5,Public,66,56.236208083393855,41.36541883698708,2.149339809987923,21.434059163735128,60.984234286197285,8.228387824108546,0.0,15,6,1,22,True,False,afternoon
2023-01-22 16:00:00,LOC_5,Public,66,41.210112472276386,41.36541883698708,2.149339809987923,17.805059519504333,50.64368735198095,7.050098067286687,0.0,16,6,1,22,True,False,afternoon
2023-01-22 17:00:00,LOC_5,Public,66,57.00632651899501,41.36541883698708,2.149339809987923,23.272802888082875,55.07170468661049,6.637109467532534,0.0,17,6,1,22,True,False,afternoon
2023-01-22 18:00:00,LOC_5,Public,66,44.77338625576011,41.36541883698708,2.149339809987923,21.66210473600319,49.505757284886286,6.509449738945821,0.0,18,6,1,22,True,False,evening
2023-01-22 19:00:00,LOC_5,Public,66,73.78002044292705,41.36541883698708,2.149339809987923,24.634726459691148,49.33529204204151,6.316651508326514,0.0,19,6,1,22,True,False,evening
2023-01-22 20:00:00,LOC_5,Public,66,52.639807612398705,41.36541883698708,2.149339809987923,22.144054549131727,58.839320151618665,5.907057319040427,0.0,20,6,1,22,True,False,evening
2023-01-22 21:00:00,LOC_5,Public,66,0.0,41.36541883698708,2.149339809987923,19.89710877512789,58.44280465005749,6.762792705506458,0.0,21,6,1,22,True,False,evening
2023-01-22 22:00:00,LOC_5,Public,66,31.82645795420459,41.36541883698708,2.149339809987923,19.758955079167887,57.01761069466746,6.547525663594754,0.0,22,6,1,22,True,False,evening
2023-01-22 23:00:00,LOC_5,Public,66,15.440948129727946,41.36541883698708,2.149339809987923,22.322283931042566,50.0862081011975,8.637368183956635,0.0,23,6,1,22,True,False,evening
2023-01-23 00:00:00,LOC_5,Public,66,9.187520664431933,41.36541883698708,2.149339809987923,21.716690432349694,56.02346689371253,7.412575564531478,0.0,0,0,1,23,False,False,night
2023-01-23 01:00:00,LOC_5,Public,66,27.95714721962644,41.36541883698708,2.149339809987923,18.18937079924577,66.06948040098675,6.78261288187992,0.0,1,0,1,23,False,False,night
2023-01-23 02:00:00,LOC_5,Public,66,17.249306935618378,41.36541883698708,2.149339809987923,19.987755231019523,63.28744394126998,7.4835168656740425,0.0,2,0,1,23,False,False,night
2023-01-23 03:00:00,LOC_5,Public,66,4.101413071458879,41.36541883698708,2.149339809987923,14.100094543997512,76.75037836283761,6.161036082846693,0.0,3,0,1,23,False,False,night
2023-01-23 04:00:00,LOC_5,Public,66,20.159366211114175,41.36541883698708,2.149339809987923,16.091727964971046,69.51881407244049,7.0769087600597445,0.0,4,0,1,23,False,False,night
2023-01-23 05:00:00,LOC_5,Public,66,2.8674475853378176,41.36541883698708,2.149339809987923,12.772977009234953,70.57022676493042,7.624811627201712,0.0,5,0,1,23,False,False,night
2023-01-23 06:00:00,LOC_5,Public,66,18.73702108092115,41.36541883698708,2.149339809987923,13.103397913378174,69.6402774210225,7.214132924958292,0.0,6,0,1,23,False,False,morning
2023-01-23 07:00:00,LOC_5,Public,66,0.0,41.36541883698708,2.149339809987923,14.009017269666296,72.83926466984448,6.954106213658734,0.0,7,0,1,23,False,False,morning
2023-01-23 08:00:00,LOC_5,Public,66,67.2999388647427,41.36541883698708,2.149339809987923,12.029672312424909,71.73665273211165,8.731644975297657,0.0,8,0,1,23,False,False,morning
2023-01-23 09:00:00,LOC_5,Public,66,57.6656164902094,41.36541883698708,2.149339809987923,13.158406878120571,75.68550745028251,8.392373706051893,0.0,9,0,1,23,False,False,morning
2023-01-23 10:00:00,LOC_5,Public,66,60.1026719727879,41.36541883698708,2.149339809987923,16.44625181966358,75.91617918150352,7.622976518509699,0.0,10,0,1,23,False,False,morning
2023-01-23 11:00:00,LOC_5,Public,66,89.76400140762347,41.36541883698708,2.149339809987923,14.08111976098861,65.60024569739043,7.462219564740377,0.0,11,0,1,23,False,False,morning
2023-01-23 12:00:00,LOC_5,Public,66,60.64613631795359,41.36541883698708,2.149339809987923,17.94846387616993,60.7896759281318,7.617397369881681,0.0,12,0,1,23,False,False,afternoon
2023-01-23 13:00:00,LOC_5,Public,66,76.05126314338199,41.36541883698708,2.149339809987923,15.230211020127896,55.839723675597256,6.360680314458447,0.0,13,0,1,23,False,False,afternoon
2023-01-23 14:00:00,LOC_5,Public,66,68.00982417945221,41.36541883698708,2.149339809987923,19.849966667130303,64.95924001196325,6.943484892052903,0.0,14,0,1,23,False,False,afternoon
2023-01-23 15:00:00,LOC_5,Public,66,61.22133167191293,41.36541883698708,2.149339809987923,22.974227184484892,54.300987082792446,5.8777775422039955,0.0,15,0,1,23,False,False,afternoon
2023-01-23 16:00:00,LOC_5,Public,66,64.20747094596493,41.36541883698708,2.149339809987923,16.36034017035724,46.62828869401395,7.187363946582844,0.0,16,0,1,23,False,False,afternoon
2023-01-23 17:00:00,LOC_5,Public,66,69.72938351119812,41.36541883698708,2.149339809987923,20.752005061744356,57.251301877284206,7.391126085223504,0.0,17,0,1,23,False,False,afternoon
2023-01-23 18:00:00,LOC_5,Public,66,75.55213335036082,41.36541883698708,2.149339809987923,24.301163475949863,66.17095914398638,6.446627648842947,0.0,18,0,1,23,False,False,evening
2023-01-23 19:00:00,LOC_5,Public,66,8.505025312523122,41.36541883698708,2.149339809987923,23.24705913430209,52.66334562952438,8.656790696485087,0.0,19,0,1,23,False,False,evening
2023-01-23 20:00:00,LOC_5,Public,66,0.8970077356667298,41.36541883698708,2.149339809987923,24.572439126913487,56.53215911191647,8.4943933088459,0.0,20,0,1,23,False,False,evening
2023-01-23 21:00:00,LOC_5,Public,66,0.0,41.36541883698708,2.149339809987923,22.45843077295557,53.0763444999634,7.9337841093560915,0.0,21,0,1,23,False,False,evening
2023-01-23 22:00:00,LOC_5,Public,66,29.734907000729777,41.36541883698708,2.149339809987923,23.346701269715624,53.15850834450464,7.368838821465614,0.0,22,0,1,23,False,False,evening
2023-01-23 23:00:00,LOC_5,Public,66,33.556129706033225,41.36541883698708,2.149339809987923,22.074194794629634,59.82428388411125,8.379910550839266,0.0,23,0,1,23,False,False,evening
2023-01-24 00:00:00,LOC_5,Public,66,26.68622070894896,41.36541883698708,2.149339809987923,23.692198185755686,55.8353591541846,6.163283843957602,0.0,0,1,1,24,False,False,night
2023-01-24 01:00:00,LOC_5,Public,66,0.0,41.36541883698708,2.149339809987923,20.666187693422646,61.022269556719074,8.144179539086178,0.0,1,1,1,24,False,False,night
2023-01-24 02:00:00,LOC_5,Public,66,0.0,41.36541883698708,2.149339809987923,19.54507083684206,63.86875800559675,6.148435544438876,0.8875872005714681,2,1,1,24,False,False,night
2023-01-24 03:00:00,LOC_5,Public,66,21.793403056208653,41.36541883698708,2.149339809987923,16.758629095427644,61.4947816764396,8.157927638285253,0.0,3,1,1,24,False,False,night
2023-01-24 04:00:00,LOC_5,Public,66,16.019856104168547,41.36541883698708,2.149339809987923,15.407876551241213,72.19403374891021,6.6039205046313105,0.0,4,1,1,24,False,False,night
2023-01-24 05:00:00,LOC_5,Public,66,30.72219979400113,41.36541883698708,2.149339809987923,14.489047466321763,68.41687353260095,8.409211292633316,0.0,5,1,1,24,False,False,night
2023-01-24 06:00:00,LOC_5,Public,66,0.0,41.36541883698708,2.149339809987923,15.35508176114228,67.0889192497644,8.61138718053777,0.0,6,1,1,24,False,False,morning
2023-01-24 07:00:00,LOC_5,Public,66,0.0,41.36541883698708,2.149339809987923,13.231311145143838,74.5359890042833,6.226969755861288,1.2359412760671196,7,1,1,24,False,False,morning
2023-01-24 08:00:00,LOC_5,Public,66,38.87026479008461,41.36541883698708,2.149339809987923,14.48906168705416,67.68863614452215,7.169929209848448,0.0,8,1,1,24,False,False,morning
2023-01-24 09:00:00,LOC_5,Public,66,54.84995808990239,41.36541883698708,2.149339809987923,18.237285162851474,71.96793865572444,8.726184673889243,0.0,9,1,1,24,False,False,morning
2023-01-24 10:00:00,LOC_5,Public,66,69.6656718705148,41.36541883698708,2.149339809987923,16.334833794008894,70.76923624248796,7.23476458913298,0.0,10,1,1,24,False,False,morning
2023-01-24 11:00:00,LOC_5,Public,66,62.93492945761609,41.36541883698708,2.149339809987923,14.741727126783434,74.64192944691965,8.376504186954007,0.0,11,1,1,24,False,False,morning
2023-01-24 12:00:00,LOC_5,Public,66,53.75225480280814,41.36541883698708,2.149339809987923,18.838330610892555,69.50168563127043,7.553375119706893,0.05189674360981235,12,1,1,24,False,False,afternoon
2023-01-24 13:00:00,LOC_5,Public,66,39.71756234786065,41.36541883698708,2.149339809987923,16.832249439657737,64.5780648348726,6.914488806001494,0.0,13,1,1,24,False,False,afternoon
2023-01-24 14:00:00,LOC_5,Public,66,71.82168326484401,41.36541883698708,2.149339809987923,14.872836957250826,66.19065944078837,6.647167872098917,0.0,14,1,1,24,False,False,afternoon
2023-01-24 15:00:00,LOC_5,Public,66,77.76550154499415,41.36541883698708,2.149339809987923,18.23359721603112,66.45149806935471,6.400804195728927,0.0,15,1,1,24,False,False,afternoon
2023-01-24 16:00:00,LOC_5,Public,66,67.79566859006717,41.36541883698708,2.149339809987923,17.720677320012555,59.86452920763078,8.077846806545944,0.0,16,1,1,24,False,False,afternoon
2023-01-24 17:00:00,LOC_5,Public,66,77.26008837920546,41.36541883698708,2.149339809987923,21.80135261120095,55.04300394064977,6.95339065513925,0.0,17,1,1,24,False,False,afternoon
2023-01-24 18:00:00,LOC_5,Public,66,87.60992586189941,41.36541883698708,2.149339809987923,23.34239192012685,46.829708514753705,7.328912015167365,0.0,18,1,1,24,False,False,evening
2023-01-24 19:00:00,LOC_5,Public,66,0.0,41.36541883698708,2.149339809987923,27.164512323097934,47.0511562875284,7.273378153423951,0.0,19,1,1,24,False,False,evening
2023-01-24 20:00:00,LOC_5,Public,66,0.0,41.36541883698708,2.149339809987923,24.642441690323206,50.4967025926369,7.52955447625837,0.0,20,1,1,24,False,False,evening
2023-01-24 21:00:00,LOC_5,Public,66,0.0,41.36541883698708,2.149339809987923,23.386591340347415,49.3028541932733,8.395764090177618,0.0,21,1,1,24,False,False,evening
2023-01-24 22:00:00,LOC_5,Public,66,18.072445206031244,41.36541883698708,2.149339809987923,24.990675716182714,52.40141437744129,8.742565537728996,0.0,22,1,1,24,False,False,evening
2023-01-24 23:00:00,LOC_5,Public,66,13.170831881608228,41.36541883698708,2.149339809987923,18.121573032450865,55.19556232355227,7.0244145746282305,0.0,23,1,1,24,False,False,evening
2023-01-25 00:00:00,LOC_5,Public,66,34.46278277135874,41.36541883698708,2.149339809987923,21.986109008276863,59.61870398766419,8.285532744730855,0.0,0,2,1,25,False,False,night
2023-01-25 01:00:00,LOC_5,Public,66,23.48557885368129,41.36541883698708,2.149339809987923,21.857273587377506,59.0164197104974,8.097872978782346,0.0,1,2,1,25,False,False,night
2023-01-25 02:00:00,LOC_5,Public,66,23.737846676267147,41.36541883698708,2.149339809987923,16.07084149568891,64.37648024463383,7.526189651816438,0.0,2,2,1,25,False,False,night
2023-01-25 03:00:00,LOC_5,Public,66,22.00239804674155,41.36541883698708,2.149339809987923,20.02799078905591,64.8414066687665,8.67505701646673,0.0,3,2,1,25,False,False,night
2023-01-25 04:00:00,LOC_5,Public,66,22.96211804814647,41.36541883698708,2.149339809987923,17.2181326084211,57.0403875813661,6.409651505271664,0.0,4,2,1,25,False,False,night
2023-01-25 05:00:00,LOC_5,Public,66,16.493089624557506,41.36541883698708,2.149339809987923,14.681589845971288,64.27899168336045,6.13733254686999,0.0,5,2,1,25,False,False,night
2023-01-25 06:00:00,LOC_5,Public,66,0.0759267970576833,41.36541883698708,2.149339809987923,15.989693996890349,69.83130169203636,8.37273735758626,0.0,6,2,1,25,False,False,morning
2023-01-25 07:00:00,LOC_5,Public,66,3.09855666541818,41.36541883698708,2.149339809987923,18.77256948590508,65.48915874520188,7.129612030249572,0.0,7,2,1,25,False,False,morning
2023-01-25 08:00:00,LOC_5,Public,66,74.17281885087374,41.36541883698708,2.149339809987923,14.43109894087499,74.86491078846502,8.354379848772782,0.7548961814804646,8,2,1,25,False,False,morning
2023-01-25 09:00:00,LOC_5,Public,66,74.1157257126509,41.36541883698708,2.149339809987923,14.74072990843289,79.16517669005405,8.494054189041757,0.0,9,2,1,25,False,False,morning
2023-01-25 10:00:00,LOC_5,Public,66,45.11096236170198,41.36541883698708,2.149339809987923,13.831618389927165,76.59312888047128,6.003466222443183,0.8486224532681885,10,2,1,25,False,False,morning
2023-01-25 11:00:00,LOC_5,Public,66,68.8642655753481,41.36541883698708,2.149339809987923,13.851791804483174,67.82982455852344,8.467797178827281,0.0,11,2,1,25,False,False,morning
2023-01-25 12:00:00,LOC_5,Public,66,73.38550099347486,41.36541883698708,2.149339809987923,18.254231221244705,74.26651150793732,7.163669083739509,0.0,12,2,1,25,False,False,afternoon
2023-01-25 13:00:00,LOC_5,Public,66,58.97870284449178,41.36541883698708,2.149339809987923,16.093839743664454,65.13132249504619,7.351317991211654,0.0,13,2,1,25,False,False,afternoon
2023-01-25 14:00:00,LOC_5,Public,66,71.2482259168133,41.36541883698708,2.149339809987923,19.249776018933876,60.10128305541962,7.701106242178649,0.0,14,2,1,25,False,False,afternoon
2023-01-25 15:00:00,LOC_5,Public,66,60.562491163144294,41.36541883698708,2.149339809987923,19.451962687274445,56.118431520685945,8.601784291248675,0.0,15,2,1,25,False,False,afternoon
2023-01-25 16:00:00,LOC_5,Public,66,81.7950650206186,41.36541883698708,2.149339809987923,22.57767870151458,55.248213467515775,5.88129209329365,0.0,16,2,1,25,False,False,afternoon
2023-01-25 17:00:00,LOC_5,Public,66,46.80096645615803,41.36541883698708,2.149339809987923,23.32911174182801,52.73554084478563,7.255781130017726,0.0,17,2,1,25,False,False,afternoon
2023-01-25 18:00:00,LOC_5,Public,66,72.25505480866283,41.36541883698708,2.149339809987923,25.537992985267035,53.926254918374966,7.88972334285749,0.0,18,2,1,25,False,False,evening
2023-01-25 19:00:00,LOC_5,Public,66,3.9956224237221862,41.36541883698708,2.149339809987923,22.948912737919954,52.86497883399043,7.9959841539315075,0.0,19,2,1,25,False,False,evening
2023-01-25 20:00:00,LOC_5,Public,66,0.0,41.36541883698708,2.149339809987923,23.606094730440244,51.7235408987131,7.906766214816721,0.0,20,2,1,25,False,False,evening
2023-01-25 21:00:00,LOC_5,Public,66,5.0000897911349576,41.36541883698708,2.149339809987923,22.02447236487991,54.2206912558427,6.233779521224202,0.0,21,2,1,25,False,False,evening
2023-01-25 22:00:00,LOC_5,Public,66,12.79851711204188,41.36541883698708,2.149339809987923,22.600435091513262,58.97518815060074,6.7299656836637025,0.0,22,2,1,25,False,False,evening
2023-01-25 23:00:00,LOC_5,Public,66,32.27980976603951,41.36541883698708,2.149339809987923,23.455551272925458,59.345870103535105,6.909229852431644,0.0,23,2,1,25,False,False,evening
2023-01-26 00:00:00,LOC_5,Public,66,34.10078366268729,41.36541883698708,2.149339809987923,23.185913259413873,49.231638105504146,8.247698828263148,0.0,0,3,1,26,False,False,night
2023-01-26 01:00:00,LOC_5,Public,66,31.479404312266556,41.36541883698708,2.149339809987923,18.628218102206993,46.28529682436574,6.671970322253587,0.0,1,3,1,26,False,False,night
2023-01-26 02:00:00,LOC_5,Public,66,28.70068946453832,41.36541883698708,2.149339809987923,20.924180714540764,66.30166180753749,6.469108666467498,2.1723124564704275,2,3,1,26,False,False,night
2023-01-26 03:00:00,LOC_5,Public,66,32.68918194038305,41.36541883698708,2.149339809987923,20.60866256270799,57.370832817726715,8.710640471236427,0.0,3,3,1,26,False,False,night
2023-01-26 04:00:00,LOC_5,Public,66,13.765378097420152,41.36541883698708,2.149339809987923,17.524862916990017,65.48018676945135,5.86618847744893,0.0,4,3,1,26,False,False,night
2023-01-26 05:00:00,LOC_5,Public,66,23.79776820927029,41.36541883698708,2.149339809987923,19.42255970995893,62.81149870001761,8.834362965201041,0.0,5,3,1,26,False,False,night
2023-01-26 06:00:00,LOC_5,Public,66,15.270146997888112,41.36541883698708,2.149339809987923,13.333303290831555,61.2283344340225,7.872665638164365,0.0,6,3,1,26,False,False,morning
2023-01-26 07:00:00,LOC_5,Public,66,0.0,41.36541883698708,2.149339809987923,11.89857472068308,73.93154538641213,8.328910550097602,0.0,7,3,1,26,False,False,morning
2023-01-26 08:00:00,LOC_5,Public,66,70.84340116245016,41.36541883698708,2.149339809987923,10.666575141991721,75.34774452191267,6.728661316998635,0.0,8,3,1,26,False,False,morning
2023-01-26 09:00:00,LOC_5,Public,66,67.4594656159854,41.36541883698708,2.149339809987923,17.392975339295777,68.31567456373159,5.8890490025537305,0.0,9,3,1,26,False,False,morning
2023-01-26 10:00:00,LOC_5,Public,66,49.35801010413813,41.36541883698708,2.149339809987923,16.21561817308051,57.23101481853066,8.061011331543508,0.0,10,3,1,26,False,False,morning
2023-01-26 11:00:00,LOC_5,Public,66,62.531627167355495,41.36541883698708,2.149339809987923,15.596806483299153,65.85282610849745,8.351135737212587,0.0,11,3,1,26,False,False,morning
2023-01-26 12:00:00,LOC_5,Public,66,73.0265165085867,41.36541883698708,2.149339809987923,17.309940652335182,68.45901322762164,8.071429075799665,0.0,12,3,1,26,False,False,afternoon
2023-01-26 13:00:00,LOC_5,Public,66,70.53237131302565,41.36541883698708,2.149339809987923,15.711421561772713,56.68064284339043,6.27984983827893,0.0,13,3,1,26,False,False,afternoon
2023-01-26 14:00:00,LOC_5,Public,66,74.53419642696258,41.36541883698708,2.149339809987923,24.15448813350644,62.3908312503502,8.112880601625465,0.0,14,3,1,26,False,False,afternoon
2023-01-26 15:00:00,LOC_5,Public,66,59.32392605178843,41.36541883698708,2.149339809987923,20.822008862992266,58.7963177560514,8.160662601028765,0.0,15,3,1,26,False,False,afternoon
2023-01-26 16:00:00,LOC_5,Public,66,65.20716936967,41.36541883698708,2.149339809987923,21.994745765523767,59.344545145377474,7.830812782272961,0.0,16,3,1,26,False,False,afternoon
2023-01-26 17:00:00,LOC_5,Public,66,74.20476421181063,41.36541883698708,2.149339809987923,24.269506033021013,54.961956271623514,8.154835574244936,0.0,17,3,1,26,False,False,afternoon
2023-01-26 18:00:00,LOC_5,Public,66,81.5005133912585,41.36541883698708,2.149339809987923,24.581064861520453,47.896562499498174,8.395548194858163,0.0,18,3,1,26,False,False,evening
2023-01-26 19:00:00,LOC_5,Public,66,13.28831774675477,41.36541883698708,2.149339809987923,24.57279485248547,57.73280390046804,7.699891877208748,0.0,19,3,1,26,False,False,evening
2023-01-26 20:00:00,LOC_5,Public,66,0.0,41.36541883698708,2.149339809987923,22.72092484513853,50.60360462280684,6.126188893114868,0.0,20,3,1,26,False,False,evening
2023-01-26 21:00:00,LOC_5,Public,66,3.176994501285176,41.36541883698708,2.149339809987923,25.08091347215235,51.58752378668962,7.324552954288636,0.0,21,3,1,26,False,False,evening
2023-01-26 22:00:00,LOC_5,Public,66,27.21525903966017,41.36541883698708,2.149339809987923,27.408995292241176,48.0437676060518,6.095911860088599,0.0,22,3,1,26,False,False,evening
2023-01-26 23:00:00,LOC_5,Public,66,25.615670554311233,41.36541883698708,2.149339809987923,25.547662712744128,52.0699435031741,7.08688683599758,0.0,23,3,1,26,False,False,evening
2023-01-27 00:00:00,LOC_5,Public,66,0.0,41.36541883698708,2.149339809987923,25.014129178783108,51.92047457885687,7.086870652477746,0.0,0,4,1,27,False,False,night
2023-01-27 01:00:00,LOC_5,Public,66,10.055785937334443,41.36541883698708,2.149339809987923,19.60588478270066,57.87863742925683,6.06487371443081,0.0,1,4,1,27,False,False,night
2023-01-27 02:00:00,LOC_5,Public,66,34.34488567095551,41.36541883698708,2.149339809987923,17.361474024296644,69.87717507108411,6.9145983348712,2.0106735676349174,2,4,1,27,False,False,night
2023-01-27 03:00:00,LOC_5,Public,66,34.65160501252188,41.36541883698708,2.149339809987923,17.80147512075772,57.03439636342919,6.202423133667868,0.0,3,4,1,27,False,False,night
2023-01-27 04:00:00,LOC_5,Public,66,5.021351010436942,41.36541883698708,2.149339809987923,16.96505229627158,58.224988067227905,8.295426124366506,0.0,4,4,1,27,False,False,night
2023-01-27 05:00:00,LOC_5,Public,66,15.493983873878586,41.36541883698708,2.149339809987923,18.01290764817415,75.70680241500355,8.71507578132641,0.0,5,4,1,27,False,False,night
2023-01-27 06:00:00,LOC_5,Public,66,5.9008695741111445,41.36541883698708,2.149339809987923,11.651456041208805,68.88061101296378,6.090251889685944,0.0,6,4,1,27,False,False,morning
2023-01-27 07:00:00,LOC_5,Public,66,0.0,41.36541883698708,2.149339809987923,17.602435383036802,67.56796681846926,8.739938396987288,0.0,7,4,1,27,False,False,morning
2023-01-27 08:00:00,LOC_5,Public,66,72.79498439718239,41.36541883698708,2.149339809987923,14.063397384688779,76.44069707328687,7.443612434379587,0.0,8,4,1,27,False,False,morning
2023-01-27 09:00:00,LOC_5,Public,66,64.89207830358984,41.36541883698708,2.149339809987923,13.702468963760069,67.85946009400587,6.775869080881671,0.0,9,4,1,27,False,False,morning
2023-01-27 10:00:00,LOC_5,Public,66,64.36052898610039,41.36541883698708,2.149339809987923,13.037969262562118,79.00569254156977,6.10904723222942,0.0,10,4,1,27,False,False,morning
2023-01-27 11:00:00,LOC_5,Public,66,75.49797719526457,41.36541883698708,2.149339809987923,12.553500319580076,71.66320203007311,7.381622318060124,0.0,11,4,1,27,False,False,morning
2023-01-27 12:00:00,LOC_5,Public,66,69.92024367835322,41.36541883698708,2.149339809987923,18.551529011428777,63.75006727226159,8.264584202173236,0.0,12,4,1,27,False,False,afternoon
2023-01-27 13:00:00,LOC_5,Public,66,51.96543189606822,41.36541883698708,2.149339809987923,18.264166560337372,74.55147981440639,8.003584602094728,0.0,13,4,1,27,False,False,afternoon
2023-01-27 14:00:00,LOC_5,Public,66,63.614084163651086,41.36541883698708,2.149339809987923,16.838139790354806,58.13530220530948,6.034290352359304,0.0,14,4,1,27,False,False,afternoon
2023-01-27 15:00:00,LOC_5,Public,66,90.4048441600179,41.36541883698708,2.149339809987923,18.128432736670625,62.273296298450816,6.103604517160762,0.0,15,4,1,27,False,False,afternoon
2023-01-27 16:00:00,LOC_5,Public,66,74.2405838931025,41.36541883698708,2.149339809987923,21.25935684592818,57.63461041301559,7.0948050967995995,0.0,16,4,1,27,False,False,afternoon
2023-01-27 17:00:00,LOC_5,Public,66,76.35213729056375,41.36541883698708,2.149339809987923,26.310932110709395,60.562928326732774,6.773342512983404,0.0,17,4,1,27,False,False,afternoon
2023-01-27 18:00:00,LOC_5,Public,66,84.42005220679229,41.36541883698708,2.149339809987923,23.254726097241115,60.259738383697616,6.58590932537737,0.0,18,4,1,27,False,False,evening
2023-01-27 19:00:00,LOC_5,Public,66,11.301623401440752,41.36541883698708,2.149339809987923,21.273549346956116,51.60035023894418,6.733054721075539,0.0,19,4,1,27,False,False,evening
2023-01-27 20:00:00,LOC_5,Public,66,12.336208241995838,41.36541883698708,2.149339809987923,23.96514204482348,47.319654302278344,8.301773864489729,0.0,20,4,1,27,False,False,evening
2023-01-27 21:00:00,LOC_5,Public,66,7.442275032221672,41.36541883698708,2.149339809987923,23.747229923437388,53.714506588830126,8.68029374719304,0.0,21,4,1,27,False,False,evening
2023-01-27 22:00:00,LOC_5,Public,66,32.972728403094955,41.36541883698708,2.149339809987923,18.405819126959393,49.0122383255544,7.109201162366768,0.0,22,4,1,27,False,False,evening
2023-01-27 23:00:00,LOC_5,Public,66,26.95871986643916,41.36541883698708,2.149339809987923,22.902824729889804,64.04410731178226,8.613509117796031,0.0,23,4,1,27,False,False,evening
2023-01-28 00:00:00,LOC_5,Public,66,26.26478109906425,41.36541883698708,2.149339809987923,21.52042435698675,56.71808982060547,6.860945787224467,0.0,0,5,1,28,True,False,night
2023-01-28 01:00:00,LOC_5,Public,66,25.28833203304485,41.36541883698708,2.149339809987923,22.17521192699486,56.607793848703416,7.327051753402458,0.0,1,5,1,28,True,False,night
2023-01-28 02:00:00,LOC_5,Public,66,3.716322208539463,41.36541883698708,2.149339809987923,23.193024406939347,61.93317709522723,6.5771094368577305,0.0,2,5,1,28,True,False,night
2023-01-28 03:00:00,LOC_5,Public,66,17.7912723762947,41.36541883698708,2.149339809987923,20.46055298326995,56.84952270400265,7.82173175646494,0.0,3,5,1,28,True,False,night
2023-01-28 04:00:00,LOC_5,Public,66,11.79211438986654,41.36541883698708,2.149339809987923,16.47014438536531,61.1260862744968,8.83852769881942,0.0,4,5,1,28,True,False,night
2023-01-28 05:00:00,LOC_5,Public,66,22.55829081352797,41.36541883698708,2.149339809987923,13.76573734070196,74.04449122335153,7.713343900953744,0.0,5,5,1,28,True,False,night
2023-01-28 06:00:00,LOC_5,Public,66,0.0,41.36541883698708,2.149339809987923,20.337314626900564,66.33433856434132,6.9775866602052545,0.0,6,5,1,28,True,False,morning
2023-01-28 07:00:00,LOC_5,Public,66,5.588706811332401,41.36541883698708,2.149339809987923,14.815926425381598,65.37046597188507,7.8488760757311775,0.0,7,5,1,28,True,False,morning
2023-01-28 08:00:00,LOC_5,Public,66,14.771108237300275,41.36541883698708,2.149339809987923,14.561371593077869,73.61623774413248,6.275464637246558,0.0,8,5,1,28,True,False,morning
2023-01-28 09:00:00,LOC_5,Public,66,3.1636562697883943,41.36541883698708,2.149339809987923,14.66202569173012,76.50796904141474,8.57395824027529,0.0,9,5,1,28,True,False,morning
2023-01-28 10:00:00,LOC_5,Public,66,59.35437236597655,41.36541883698708,2.149339809987923,15.61233715255353,73.16243129128969,7.418510782327512,0.0,10,5,1,28,True,False,morning
2023-01-28 11:00:00,LOC_5,Public,66,56.93286170429131,41.36541883698708,2.149339809987923,15.728427233817769,72.94594231369777,7.258585618838604,0.0,11,5,1,28,True,False,morning
2023-01-28 12:00:00,LOC_5,Public,66,57.55541115175641,41.36541883698708,2.149339809987923,15.911742921324114,62.09789068698352,7.669407752377475,0.0,12,5,1,28,True,False,afternoon
2023-01-28 13:00:00,LOC_5,Public,66,51.71054835674379,41.36541883698708,2.149339809987923,17.177636453120403,56.348237995088404,7.787441500590965,0.0,13,5,1,28,True,False,afternoon
2023-01-28 14:00:00,LOC_5,Public,66,41.19784817958036,41.36541883698708,2.149339809987923,19.506323297970397,68.36300858297264,6.129693386360018,0.0,14,5,1,28,True,False,afternoon
2023-01-28 15:00:00,LOC_5,Public,66,59.92000048669168,41.36541883698708,2.149339809987923,19.785453446913074,56.641994827428114,7.9634932164038075,0.0,15,5,1,28,True,False,afternoon
2023-01-28 16:00:00,LOC_5,Public,66,58.98011704263166,41.36541883698708,2.149339809987923,20.658891768275097,54.576668250465914,6.642711707672474,0.0,16,5,1,28,True,False,afternoon
2023-01-28 17:00:00,LOC_5,Public,66,49.86069538023762,41.36541883698708,2.149339809987923,23.339350906323226,60.387989807366424,8.060049206521109,0.0,17,5,1,28,True,False,afternoon
2023-01-28 18:00:00,LOC_5,Public,66,42.14521040191946,41.36541883698708,2.149339809987923,23.417499978601526,54.92624122011683,8.387069862056798,0.0,18,5,1,28,True,False,evening
2023-01-28 19:00:00,LOC_5,Public,66,69.46353001801268,41.36541883698708,2.149339809987923,27.44131098750564,53.412788839727504,8.332614698436545,0.0,19,5,1,28,True,False,evening
2023-01-28 20:00:00,LOC_5,Public,66,49.8998899880479,41.36541883698708,2.149339809987923,19.30812237806599,61.604887734801395,7.57951530119407,0.0,20,5,1,28,True,False,evening
2023-01-28 21:00:00,LOC_5,Public,66,11.235337430010444,41.36541883698708,2.149339809987923,26.629068574407462,47.89029910697421,7.483794824755694,0.0,21,5,1,28,True,False,evening
2023-01-28 22:00:00,LOC_5,Public,66,36.645309137534255,41.36541883698708,2.149339809987923,26.445084512334034,56.733372385728636,6.353185305701552,0.0,22,5,1,28,True,False,evening
2023-01-28 23:00:00,LOC_5,Public,66,5.932933580599475,41.36541883698708,2.149339809987923,19.01789954059394,53.955705613664946,8.251867671104907,0.0,23,5,1,28,True,False,evening
2023-01-29 00:00:00,LOC_5,Public,66,12.753787046997097,41.36541883698708,2.149339809987923,21.45012752086781,57.07195597625927,6.741328683145845,0.0,0,6,1,29,True,False,night
2023-01-29 01:00:00,LOC_5,Public,66,13.316642251881284,41.36541883698708,2.149339809987923,20.1930704273204,65.77043781343869,7.418457655213716,0.0,1,6,1,29,True,False,night
2023-01-29 02:00:00,LOC_5,Public,66,28.494953300646404,41.36541883698708,2.149339809987923,16.83318538108549,63.24276124040586,6.782464032886777,0.0,2,6,1,29,True,False,night
2023-01-29 03:00:00,LOC_5,Public,66,14.013802251495342,41.36541883698708,2.149339809987923,16.804829615231633,65.9705544144214,6.332396732184277,0.0,3,6,1,29,True,False,night
2023-01-29 04:00:00,LOC_5,Public,66,25.04084494596126,41.36541883698708,2.149339809987923,14.939753575815763,71.04072615305417,7.820854144024694,0.0,4,6,1,29,True,False,night
2023-01-29 05:00:00,LOC_5,Public,66,25.3554478052469,41.36541883698708,2.149339809987923,19.636256900634628,65.91180432471081,6.096446088412735,0.0,5,6,1,29,True,False,night
2023-01-29 06:00:00,LOC_5,Public,66,18.94675398931872,41.36541883698708,2.149339809987923,17.21482193895275,65.11702135798932,8.180654136694605,0.0,6,6,1,29,True,False,morning
2023-01-29 07:00:00,LOC_5,Public,66,4.580127956093953,41.36541883698708,2.149339809987923,17.39341307760727,65.07534825465693,6.888746789596208,0.0,7,6,1,29,True,False,morning
2023-01-29 08:00:00,LOC_5,Public,66,0.0,41.36541883698708,2.149339809987923,16.129613586997802,60.79567813529732,5.937657970795722,0.0,8,6,1,29,True,False,morning
2023-01-29 09:00:00,LOC_5,Public,66,4.400741848206938,41.36541883698708,2.149339809987923,12.604871813980985,80.55508493687073,7.471908315283846,0.0,9,6,1,29,True,False,morning
2023-01-29 10:00:00,LOC_5,Public,66,40.25089594419688,41.36541883698708,2.149339809987923,14.319769551171792,63.746338003928905,6.080343146113515,0.0,10,6,1,29,True,False,morning
2023-01-29 11:00:00,LOC_5,Public,66,41.48622300623527,41.36541883698708,2.149339809987923,17.148482516554786,66.55426509387323,6.769562133469036,0.0,11,6,1,29,True,False,morning
2023-01-29 12:00:00,LOC_5,Public,66,35.11874294835366,41.36541883698708,2.149339809987923,14.767339458954748,64.19274334707812,8.063248477714875,0.0,12,6,1,29,True,False,afternoon
2023-01-29 13:00:00,LOC_5,Public,66,52.95063392118228,41.36541883698708,2.149339809987923,19.849822064351155,64.68938308103274,6.131652950769394,0.0,13,6,1,29,True,False,afternoon
2023-01-29 14:00:00,LOC_5,Public,66,50.63797824862283,41.36541883698708,2.149339809987923,19.243592558802316,64.63019935245931,8.462864148091723,0.0,14,6,1,29,True,False,afternoon
2023-01-29 15:00:00,LOC_5,Public,66,51.509461901558865,41.36541883698708,2.149339809987923,20.275017460697963,62.253049290204416,5.957572538032659,0.0,15,6,1,29,True,False,afternoon
2023-01-29 16:00:00,LOC_5,Public,66,45.275207516943425,41.36541883698708,2.149339809987923,23.658801848172228,52.61084898362482,6.6878479899587555,0.0,16,6,1,29,True,False,afternoon
2023-01-29 17:00:00,LOC_5,Public,66,49.763926860271255,41.36541883698708,2.149339809987923,24.16725806521509,52.60692854658192,8.171351675718268,0.0,17,6,1,29,True,False,afternoon
2023-01-29 18:00:00,LOC_5,Public,66,46.68411064597134,41.36541883698708,2.149339809987923,23.357705407954537,53.2536242732561,6.8987125933220215,0.0,18,6,1,29,True,False,evening
2023-01-29 19:00:00,LOC_5,Public,66,50.76697730076701,41.36541883698708,2.149339809987923,26.90411019977189,49.585643182995476,6.256841456517651,0.0,19,6,1,29,True,False,evening
2023-01-29 20:00:00,LOC_5,Public,66,51.803407685321666,41.36541883698708,2.149339809987923,22.6000031006465,58.51246836840737,7.033127707570544,0.0,20,6,1,29,True,False,evening
2023-01-29 21:00:00,LOC_5,Public,66,8.593637229468214,41.36541883698708,2.149339809987923,25.829935945503745,53.258745294960825,6.764866979187552,0.0,21,6,1,29,True,False,evening
2023-01-29 22:00:00,LOC_5,Public,66,9.401638485347954,41.36541883698708,2.149339809987923,25.291068526183647,55.46465690975533,8.483083504746602,0.0,22,6,1,29,True,False,evening
2023-01-29 23:00:00,LOC_5,Public,66,18.88181635566304,41.36541883698708,2.149339809987923,22.697480953372636,56.681258679335826,6.896251737969005,0.0,23,6,1,29,True,False,evening
2023-01-30 00:00:00,LOC_5,Public,66,23.487347703760513,41.36541883698708,2.149339809987923,22.93960444564212,61.292692485110855,8.324265095559598,0.0,0,0,1,30,False,False,night
2023-01-30 01:00:00,LOC_5,Public,66,6.258461173954643,41.36541883698708,2.149339809987923,18.58550248609638,58.729648515784554,8.634343317103081,0.0,1,0,1,30,False,False,night
2023-01-30 02:00:00,LOC_5,Public,66,0.0,41.36541883698708,2.149339809987923,21.64798199783214,53.915984341384096,7.261437850613255,0.0,2,0,1,30,False,False,night
2023-01-30 03:00:00,LOC_5,Public,66,9.226406950973669,41.36541883698708,2.149339809987923,18.14231953771338,64.97419213756449,8.691073238785568,0.0,3,0,1,30,False,False,night
2023-01-30 04:00:00,LOC_5,Public,66,4.010369890989929,41.36541883698708,2.149339809987923,16.26706159916068,62.11820025064333,7.0944556899293305,0.0,4,0,1,30,False,False,night
2023-01-30 05:00:00,LOC_5,Public,66,37.82584564698127,41.36541883698708,2.149339809987923,18.381278314184524,64.79039686622973,8.855994003159022,0.0,5,0,1,30,False,False,night
2023-01-30 06:00:00,LOC_5,Public,66,0.0,41.36541883698708,2.149339809987923,14.086263017604471,71.94191929639548,6.232884057099155,0.0,6,0,1,30,False,False,morning
2023-01-30 07:00:00,LOC_5,Public,66,2.1809850718248875,41.36541883698708,2.149339809987923,12.18480686029971,76.18795645111453,8.027329516404162,0.0,7,0,1,30,False,False,morning
2023-01-30 08:00:00,LOC_5,Public,66,67.7337100785339,41.36541883698708,2.149339809987923,11.724378918744225,70.43108335209624,7.448969574529192,0.0,8,0,1,30,False,False,morning
2023-01-30 09:00:00,LOC_5,Public,66,79.4962373644556,41.36541883698708,2.149339809987923,16.226304229587583,71.51559640920222,7.1317291080352705,0.0,9,0,1,30,False,False,morning
2023-01-30 10:00:00,LOC_5,Public,66,84.88489940452652,41.36541883698708,2.149339809987923,12.959201434977402,77.47095444323625,7.868173068024235,0.0,10,0,1,30,False,False,morning
2023-01-30 11:00:00,LOC_5,Public,66,52.6821483798099,41.36541883698708,2.149339809987923,19.830512822251997,68.56191698087629,8.082862947746195,0.0,11,0,1,30,False,False,morning
2023-01-30 12:00:00,LOC_5,Public,66,75.72573170313446,41.36541883698708,2.149339809987923,13.198868255319457,78.28296142872817,5.985635223168307,0.0,12,0,1,30,False,False,afternoon
2023-01-30 13:00:00,LOC_5,Public,66,69.61326636209897,41.36541883698708,2.149339809987923,21.967810787347318,65.67775212662323,6.474657921497565,0.0,13,0,1,30,False,False,afternoon
2023-01-30 14:00:00,LOC_5,Public,66,69.38880525405547,41.36541883698708,2.149339809987923,20.29729191097637,51.44567225107865,8.114189547217183,0.0,14,0,1,30,False,False,afternoon
2023-01-30 15:00:00,LOC_5,Public,66,67.83947482959174,41.36541883698708,2.149339809987923,20.982187170510155,61.41548131702078,7.975459874482286,0.0,15,0,1,30,False,False,afternoon
2023-01-30 16:00:00,LOC_5,Public,66,68.72244408172872,41.36541883698708,2.149339809987923,21.297938675942426,57.13023822529324,8.875697885298097,0.0,16,0,1,30,False,False,afternoon
2023-01-30 17:00:00,LOC_5,Public,66,59.28975240909601,41.36541883698708,2.149339809987923,24.227839150454137,59.58962992691374,8.2619199739158,0.0,17,0,1,30,False,False,afternoon
2023-01-30 18:00:00,LOC_5,Public,66,88.96009773493178,41.36541883698708,2.149339809987923,24.155144278363085,54.90507938992423,8.832375456052132,0.0,18,0,1,30,False,False,evening
2023-01-30 19:00:00,LOC_5,Public,66,2.137297955716978,41.36541883698708,2.149339809987923,26.942770687241456,49.83538623366431,8.088929062957035,0.0,19,0,1,30,False,False,evening
2023-01-30 20:00:00,LOC_5,Public,66,7.695170852283868,41.36541883698708,2.149339809987923,25.141241692342824,44.05293602851568,6.876713904922078,0.0,20,0,1,30,False,False,evening
2023-01-30 21:00:00,LOC_5,Public,66,0.0,41.36541883698708,2.149339809987923,25.049265125212052,49.45756050899328,6.29990126092116,0.0,21,0,1,30,False,False,evening
2023-01-30 22:00:00,LOC_5,Public,66,21.755534854816684,41.36541883698708,2.149339809987923,23.528178610516836,47.23659165906441,8.330526793239276,0.0,22,0,1,30,False,False,evening
2023-01-30 23:00:00,LOC_5,Public,66,15.759395362674365,41.36541883698708,2.149339809987923,23.353159685835475,50.16328088442117,7.9187510698967225,0.0,23,0,1,30,False,False,evening
2023-01-31 00:00:00,LOC_5,Public,66,7.256144728452899,41.36541883698708,2.149339809987923,23.053359039383892,58.0673810189035,6.132109137499842,0.0,0,1,1,31,False,False,night
2023-01-31 01:00:00,LOC_5,Public,66,13.541233460193228,41.36541883698708,2.149339809987923,17.81774987577696,65.87334919957661,7.068949684818456,0.0,1,1,1,31,False,False,night
2023-01-31 02:00:00,LOC_5,Public,66,4.100093636387281,41.36541883698708,2.149339809987923,17.253853981858814,62.07290799697442,8.860444411666906,0.0,2,1,1,31,False,False,night
2023-01-31 03:00:00,LOC_5,Public,66,4.739599986024945,41.36541883698708,2.149339809987923,20.14888863240366,56.69586380110761,7.492494571104771,0.0,3,1,1,31,False,False,night
2023-01-31 04:00:00,LOC_5,Public,66,20.90133403795327,41.36541883698708,2.149339809987923,17.804414840029768,67.29764541355294,7.290724200813891,0.0,4,1,1,31,False,False,night
2023-01-31 05:00:00,LOC_5,Public,66,14.945149323349897,41.36541883698708,2.149339809987923,16.065409125937077,73.1164058359434,7.3668807563929155,0.0,5,1,1,31,False,False,night
2023-01-31 06:00:00,LOC_5,Public,66,2.759298526898601,41.36541883698708,2.149339809987923,15.681873736280396,65.66107373810387,6.621674749829852,0.0,6,1,1,31,False,False,morning
2023-01-31 07:00:00,LOC_5,Public,66,0.0,41.36541883698708,2.149339809987923,15.846887793340212,69.02646540140167,7.1023922154068275,0.0,7,1,1,31,False,False,morning
2023-01-31 08:00:00,LOC_5,Public,66,87.93656161501666,41.36541883698708,2.149339809987923,13.908052215727393,70.09829782095376,7.106954083230754,0.0,8,1,1,31,False,False,morning
2023-01-31 09:00:00,LOC_5,Public,66,93.78142598274064,41.36541883698708,2.149339809987923,13.607548490474624,65.7471925520303,6.155822475107335,0.0,9,1,1,31,False,False,morning
2023-01-31 10:00:00,LOC_5,Public,66,85.24877067796983,41.36541883698708,2.149339809987923,16.06156349127317,71.90165620706368,8.302702885553755,0.0,10,1,1,31,False,False,morning
2023-01-31 11:00:00,LOC_5,Public,66,67.46876169234561,41.36541883698708,2.149339809987923,14.513930893813246,66.45390635887448,7.250755366706846,0.0,11,1,1,31,False,False,morning
2023-01-31 12:00:00,LOC_5,Public,66,87.98996620904089,41.36541883698708,2.149339809987923,18.328923645886697,67.07282595061963,8.469023287340821,0.0,12,1,1,31,False,False,afternoon
2023-01-31 13:00:00,LOC_5,Public,66,60.22455662812975,41.36541883698708,2.149339809987923,15.319360901263185,58.113482891511765,8.55476867040998,0.0,13,1,1,31,False,False,afternoon
2023-01-31 14:00:00,LOC_5,Public,66,81.05026626474762,41.36541883698708,2.149339809987923,22.08313722881615,57.763056590053225,6.640947354928946,0.0,14,1,1,31,False,False,afternoon
2023-01-31 15:00:00,LOC_5,Public,66,67.2087281804219,41.36541883698708,2.149339809987923,22.27031617834562,60.96166436209979,7.978265644111772,0.0,15,1,1,31,False,False,afternoon
2023-01-31 16:00:00,LOC_5,Public,66,70.3341890204534,41.36541883698708,2.149339809987923,23.04928290221577,53.06138737236513,7.424290099206548,0.0,16,1,1,31,False,False,afternoon
2023-01-31 17:00:00,LOC_5,Public,66,76.0873923470048,41.36541883698708,2.149339809987923,25.54433416154354,61.476914868862,8.64915387130841,0.0,17,1,1,31,False,False,afternoon
2023-01-31 18:00:00,LOC_5,Public,66,71.57685434018804,41.36541883698708,2.149339809987923,27.710686455062547,49.2423439396522,6.657144146972403,0.0,18,1,1,31,False,False,evening
2023-01-31 19:00:00,LOC_5,Public,66,3.859513330043751,41.36541883698708,2.149339809987923,26.914169470370236,51.352564948091484,8.04459964270786,0.0,19,1,1,31,False,False,evening
2023-01-31 20:00:00,LOC_5,Public,66,0.0,41.36541883698708,2.149339809987923,21.380238806892446,54.538979620253976,7.8356538206693145,0.0,20,1,1,31,False,False,evening
2023-01-31 21:00:00,LOC_5,Public,66,25.01619243113889,41.36541883698708,2.149339809987923,22.33864692400745,43.11256962037714,6.8995387779222,0.0,21,1,1,31,False,False,evening
2023-01-31 22:00:00,LOC_5,Public,66,36.952145507198765,41.36541883698708,2.149339809987923,23.154843438671143,42.386994751971116,6.424673425981578,0.0,22,1,1,31,False,False,evening
2023-01-31 23:00:00,LOC_5,Public,66,1.3426607924602123,41.36541883698708,2.149339809987923,23.66824882005021,45.13958498789244,7.97102584417099,0.0,23,1,1,31,False,False,evening
2023-02-01 00:00:00,LOC_5,Public,66,26.72612837290189,41.36541883698708,2.149339809987923,23.62202747945929,61.13950164009382,8.233134262101201,0.0,0,2,2,1,False,False,night
